  0
SECTION
  2
HEADER
  9
$ACADVER
  1
AC1032
  9
$ACADMAINTVER
 90
        4
  9
$DWGCODEPAGE
  3
ANSI_936
  9
$LASTSAVEDBY
  1
ZhaokeShi
  9
$REQUIREDVERSIONS
160
                 0
  9
$INSBASE
 10
0.0
 20
0.0
 30
0.0
  9
$EXTMIN
 10
3.875432510284564
 20
0.8018858195645414
 30
0.0
  9
$EXTMAX
 10
32.69729209042815
 20
5.938334890076045
 30
0.0
  9
$LIMMIN
 10
0.0
 20
0.0
  9
$LIMMAX
 10
420.0
 20
297.0
  9
$ORTHOMODE
 70
     1
  9
$REGENMODE
 70
     1
  9
$FILLMODE
 70
     1
  9
$QTEXTMODE
 70
     0
  9
$MIRRTEXT
 70
     0
  9
$LTSCALE
 40
1.0
  9
$ATTMODE
 70
     1
  9
$TEXTSIZE
 40
2.5
  9
$TRACEWID
 40
1.0
  9
$TEXTSTYLE
  7
Standard
  9
$CLAYER
  8
CONN
  9
$CELTYPE
  6
ByLayer
  9
$CECOLOR
 62
   256
  9
$CELTSCALE
 40
1.0
  9
$DISPSILH
 70
     0
  9
$DIMSCALE
 40
1.0
  9
$DIMASZ
 40
2.5
  9
$DIMEXO
 40
0.625
  9
$DIMDLI
 40
3.75
  9
$DIMRND
 40
0.0
  9
$DIMDLE
 40
0.0
  9
$DIMEXE
 40
1.25
  9
$DIMTP
 40
0.0
  9
$DIMTM
 40
0.0
  9
$DIMTXT
 40
2.5
  9
$DIMCEN
 40
2.5
  9
$DIMTSZ
 40
0.0
  9
$DIMTOL
 70
     0
  9
$DIMLIM
 70
     0
  9
$DIMTIH
 70
     0
  9
$DIMTOH
 70
     0
  9
$DIMSE1
 70
     0
  9
$DIMSE2
 70
     0
  9
$DIMTAD
 70
     1
  9
$DIMZIN
 70
     8
  9
$DIMBLK
  1

  9
$DIMASO
 70
     1
  9
$DIMSHO
 70
     1
  9
$DIMPOST
  1

  9
$DIMAPOST
  1

  9
$DIMALT
 70
     0
  9
$DIMALTD
 70
     3
  9
$DIMALTF
 40
0.03937007874016
  9
$DIMLFAC
 40
1.0
  9
$DIMTOFL
 70
     1
  9
$DIMTVP
 40
0.0
  9
$DIMTIX
 70
     0
  9
$DIMSOXD
 70
     0
  9
$DIMSAH
 70
     0
  9
$DIMBLK1
  1

  9
$DIMBLK2
  1

  9
$DIMSTYLE
  2
ISO-25
  9
$DIMCLRD
 70
     0
  9
$DIMCLRE
 70
     0
  9
$DIMCLRT
 70
     0
  9
$DIMTFAC
 40
1.0
  9
$DIMGAP
 40
0.625
  9
$DIMJUST
 70
     0
  9
$DIMSD1
 70
     0
  9
$DIMSD2
 70
     0
  9
$DIMTOLJ
 70
     0
  9
$DIMTZIN
 70
     8
  9
$DIMALTZ
 70
     0
  9
$DIMALTTZ
 70
     0
  9
$DIMUPT
 70
     0
  9
$DIMDEC
 70
     2
  9
$DIMTDEC
 70
     2
  9
$DIMALTU
 70
     2
  9
$DIMALTTD
 70
     3
  9
$DIMTXSTY
  7
Standard
  9
$DIMAUNIT
 70
     0
  9
$DIMADEC
 70
     0
  9
$DIMALTRND
 40
0.0
  9
$DIMAZIN
 70
     0
  9
$DIMDSEP
 70
    44
  9
$DIMATFIT
 70
     3
  9
$DIMFRAC
 70
     0
  9
$DIMLDRBLK
  1

  9
$DIMLUNIT
 70
     2
  9
$DIMLWD
 70
    -2
  9
$DIMLWE
 70
    -2
  9
$DIMTMOVE
 70
     0
  9
$DIMFXL
 40
1.0
  9
$DIMFXLON
 70
     0
  9
$DIMJOGANG
 40
0.7853981633974483
  9
$DIMTFILL
 70
     0
  9
$DIMTFILLCLR
 70
     0
  9
$DIMARCSYM
 70
     0
  9
$DIMLTYPE
  6

  9
$DIMLTEX1
  6

  9
$DIMLTEX2
  6

  9
$DIMTXTDIRECTION
 70
     0
  9
$LUNITS
 70
     2
  9
$LUPREC
 70
     4
  9
$SKETCHINC
 40
1.0
  9
$FILLETRAD
 40
0.0
  9
$AUNITS
 70
     0
  9
$AUPREC
 70
     0
  9
$MENU
  1
.
  9
$ELEVATION
 40
0.0
  9
$PELEVATION
 40
0.0
  9
$THICKNESS
 40
0.0
  9
$LIMCHECK
 70
     0
  9
$CHAMFERA
 40
0.0
  9
$CHAMFERB
 40
0.0
  9
$CHAMFERC
 40
0.0
  9
$CHAMFERD
 40
0.0
  9
$SKPOLY
 70
     0
  9
$TDCREATE
 40
2461304.380644317
  9
$TDUCREATE
 40
2461304.047310984
  9
$TDUPDATE
 40
2461304.393761678
  9
$TDUUPDATE
 40
2461304.060428345
  9
$TDINDWG
 40
0.013118241
  9
$TDUSRTIMER
 40
0.013117870
  9
$USRTIMER
 70
     1
  9
$ANGBASE
 50
0.0
  9
$ANGDIR
 70
     0
  9
$PDMODE
 70
     0
  9
$PDSIZE
 40
0.0
  9
$PLINEWID
 40
0.0
  9
$SPLFRAME
 70
     0
  9
$SPLINETYPE
 70
     6
  9
$SPLINESEGS
 70
     8
  9
$HANDSEED
  5
8AD
  9
$SURFTAB1
 70
     6
  9
$SURFTAB2
 70
     6
  9
$SURFTYPE
 70
     6
  9
$SURFU
 70
     6
  9
$SURFV
 70
     6
  9
$UCSBASE
  2

  9
$UCSNAME
  2

  9
$UCSORG
 10
0.0
 20
0.0
 30
0.0
  9
$UCSXDIR
 10
1.0
 20
0.0
 30
0.0
  9
$UCSYDIR
 10
0.0
 20
1.0
 30
0.0
  9
$UCSORTHOREF
  2

  9
$UCSORTHOVIEW
 70
     0
  9
$UCSORGTOP
 10
0.0
 20
0.0
 30
0.0
  9
$UCSORGBOTTOM
 10
0.0
 20
0.0
 30
0.0
  9
$UCSORGLEFT
 10
0.0
 20
0.0
 30
0.0
  9
$UCSORGRIGHT
 10
0.0
 20
0.0
 30
0.0
  9
$UCSORGFRONT
 10
0.0
 20
0.0
 30
0.0
  9
$UCSORGBACK
 10
0.0
 20
0.0
 30
0.0
  9
$PUCSBASE
  2

  9
$PUCSNAME
  2

  9
$PUCSORG
 10
0.0
 20
0.0
 30
0.0
  9
$PUCSXDIR
 10
1.0
 20
0.0
 30
0.0
  9
$PUCSYDIR
 10
0.0
 20
1.0
 30
0.0
  9
$PUCSORTHOREF
  2

  9
$PUCSORTHOVIEW
 70
     0
  9
$PUCSORGTOP
 10
0.0
 20
0.0
 30
0.0
  9
$PUCSORGBOTTOM
 10
0.0
 20
0.0
 30
0.0
  9
$PUCSORGLEFT
 10
0.0
 20
0.0
 30
0.0
  9
$PUCSORGRIGHT
 10
0.0
 20
0.0
 30
0.0
  9
$PUCSORGFRONT
 10
0.0
 20
0.0
 30
0.0
  9
$PUCSORGBACK
 10
0.0
 20
0.0
 30
0.0
  9
$USERI1
 70
     0
  9
$USERI2
 70
     0
  9
$USERI3
 70
     0
  9
$USERI4
 70
     0
  9
$USERI5
 70
     0
  9
$USERR1
 40
0.0
  9
$USERR2
 40
0.0
  9
$USERR3
 40
0.0
  9
$USERR4
 40
0.0
  9
$USERR5
 40
0.0
  9
$WORLDVIEW
 70
     1
  9
$SHADEDGE
 70
     3
  9
$SHADEDIF
 70
    70
  9
$TILEMODE
 70
     1
  9
$MAXACTVP
 70
    64
  9
$PINSBASE
 10
0.0
 20
0.0
 30
0.0
  9
$PLIMCHECK
 70
     0
  9
$PEXTMIN
 10
0.0
 20
0.0
 30
0.0
  9
$PEXTMAX
 10
0.0
 20
0.0
 30
0.0
  9
$PLIMMIN
 10
0.0
 20
0.0
  9
$PLIMMAX
 10
12.0
 20
9.0
  9
$UNITMODE
 70
     0
  9
$VISRETAIN
 70
     1
  9
$PLINEGEN
 70
     0
  9
$PSLTSCALE
 70
     1
  9
$TREEDEPTH
 70
  3020
  9
$CMLSTYLE
  2
Standard
  9
$CMLJUST
 70
     0
  9
$CMLSCALE
 40
20.0
  9
$PROXYGRAPHICS
 70
     1
  9
$MEASUREMENT
 70
     1
  9
$CELWEIGHT
370
    -1
  9
$ENDCAPS
280
     0
  9
$JOINSTYLE
280
     0
  9
$LWDISPLAY
290
     0
  9
$INSUNITS
 70
     4
  9
$HYPERLINKBASE
  1

  9
$STYLESHEET
  1

  9
$XEDIT
290
     1
  9
$CEPSNTYPE
380
     0
  9
$PSTYLEMODE
290
     1
  9
$FINGERPRINTGUID
  2
{7A9F8AD9-665E-435F-A8D6-3618E7CCD7FC}
  9
$VERSIONGUID
  2
{28341CEE-F56D-4615-92D2-4622DE0775C9}
  9
$EXTNAMES
290
     1
  9
$PSVPSCALE
 40
0.0
  9
$OLESTARTUP
290
     0
  9
$SORTENTS
280
   127
  9
$INDEXCTL
280
     0
  9
$HIDETEXT
280
     1
  9
$XCLIPFRAME
280
     2
  9
$HALOGAP
280
     0
  9
$OBSCOLOR
 70
   257
  9
$OBSLTYPE
280
     0
  9
$INTERSECTIONDISPLAY
280
     0
  9
$INTERSECTIONCOLOR
 70
   257
  9
$DIMASSOC
280
     2
  9
$PROJECTNAME
  1

  9
$CAMERADISPLAY
290
     0
  9
$LENSLENGTH
 40
50.0
  9
$CAMERAHEIGHT
 40
0.0
  9
$STEPSPERSEC
 40
2.0
  9
$STEPSIZE
 40
6.0
  9
$3DDWFPREC
 40
2.0
  9
$PSOLWIDTH
 40
0.25
  9
$PSOLHEIGHT
 40
4.0
  9
$LOFTANG1
 40
1.570796326794896
  9
$LOFTANG2
 40
1.570796326794896
  9
$LOFTMAG1
 40
0.0
  9
$LOFTMAG2
 40
0.0
  9
$LOFTPARAM
 70
     7
  9
$LOFTNORMALS
280
     1
  9
$LATITUDE
 40
37.795
  9
$LONGITUDE
 40
-122.394
  9
$NORTHDIRECTION
 40
0.0
  9
$TIMEZONE
 70
 -8000
  9
$LIGHTGLYPHDISPLAY
280
     1
  9
$TILEMODELIGHTSYNCH
280
     1
  9
$CMATERIAL
347
12D
  9
$SOLIDHIST
280
     0
  9
$SHOWHIST
280
     1
  9
$DWFFRAME
280
     1
  9
$DGNFRAME
280
     1
  9
$REALWORLDSCALE
290
     1
  9
$INTERFERECOLOR
 62
   256
  9
$CSHADOW
280
     0
  9
$SHADOWPLANELOCATION
 40
0.0
  0
ENDSEC
  0
SECTION
  2
CLASSES
  0
CLASS
  1
ACDBDICTIONARYWDFLT
  2
AcDbDictionaryWithDefault
  3
ObjectDBX Classes
 90
        0
 91
        1
280
     0
281
     0
  0
CLASS
  1
ACDBPLACEHOLDER
  2
AcDbPlaceHolder
  3
ObjectDBX Classes
 90
        0
 91
        0
280
     0
281
     0
  0
CLASS
  1
LAYOUT
  2
AcDbLayout
  3
ObjectDBX Classes
 90
        0
 91
        0
280
     0
281
     0
  0
CLASS
  1
DICTIONARYVAR
  2
AcDbDictionaryVar
  3
ObjectDBX Classes
 90
        0
 91
       47
280
     0
281
     0
  0
CLASS
  1
TABLESTYLE
  2
AcDbTableStyle
  3
ObjectDBX Classes
 90
     4095
 91
        1
280
     0
281
     0
  0
CLASS
  1
WIPEOUTVARIABLES
  2
AcDbWipeoutVariables
  3
"WipeOut|Product Desc:     WipeOut Dbx Application|Company:          Autodesk, Inc.|WEB Address:      www.autodesk.com"
 90
        0
 91
        0
280
     0
281
     0
  0
CLASS
  1
SCALE
  2
AcDbScale
  3
ObjectDBX Classes
 90
     1153
 91
       17
280
     0
281
     0
  0
CLASS
  1
MLEADERSTYLE
  2
AcDbMLeaderStyle
  3
ACDB_MLEADERSTYLE_CLASS
 90
     4095
 91
        2
280
     0
281
     0
  0
CLASS
  1
MATERIAL
  2
AcDbMaterial
  3
ObjectDBX Classes
 90
     1153
 91
        3
280
     0
281
     0
  0
CLASS
  1
VISUALSTYLE
  2
AcDbVisualStyle
  3
ObjectDBX Classes
 90
     4095
 91
       24
280
     0
281
     0
  0
CLASS
  1
ACDBSECTIONVIEWSTYLE
  2
AcDbSectionViewStyle
  3
ObjectDBX Classes
 90
     1025
 91
        1
280
     0
281
     0
  0
CLASS
  1
ACDBDETAILVIEWSTYLE
  2
AcDbDetailViewStyle
  3
ObjectDBX Classes
 90
     1025
 91
        1
280
     0
281
     0
  0
CLASS
  1
CELLSTYLEMAP
  2
AcDbCellStyleMap
  3
ObjectDBX Classes
 90
     1152
 91
        3
280
     0
281
     0
  0
CLASS
  1
TCH_DBCONFIG
  2
TDbConfig
  3
TCH_KERNAL|缺乏中望建筑解释器, 请下载中望建筑相关产品|网址: www.zwsoft.cn
 90
        1
 91
        1
280
     0
281
     0
  0
CLASS
  1
SORTENTSTABLE
  2
AcDbSortentsTable
  3
ObjectDBX Classes
 90
        0
 91
        1
280
     0
281
     0
  0
ENDSEC
  0
SECTION
  2
TABLES
  0
TABLE
  2
VPORT
  5
8
330
0
100
AcDbSymbolTable
 70
     1
  0
VPORT
  5
1BA
330
8
100
AcDbSymbolTableRecord
100
AcDbViewportTableRecord
  2
*Active
 70
     0
 10
0.0
 20
0.0
 11
1.0
 21
1.0
 12
17.37574542697445
 22
0.8311844079867828
 13
0.0
 23
0.0
 14
10.0
 24
10.0
 15
10.0
 25
10.0
 16
0.0
 26
0.0
 36
1.0
 17
0.0
 27
0.0
 37
0.0
 40
43.67901609884362
 41
1.907235621521335
 42
50.0
 43
0.0
 44
0.0
 50
0.0
 51
0.0
 71
    16
 72
  1000
 73
     1
 74
     3
 75
     0
 76
     0
 77
     0
 78
     0
281
     0
 65
     1
110
0.0
120
0.0
130
0.0
111
1.0
121
0.0
131
0.0
112
0.0
122
1.0
132
0.0
 79
     0
146
0.0
348
14B
 60
     3
 61
     5
292
     1
282
     1
141
0.0
142
0.0
 63
   250
1001
ACAD_NAV_VCDISPLAY
1070
     3
  0
ENDTAB
  0
TABLE
  2
LTYPE
  5
5
330
0
100
AcDbSymbolTable
 70
     2
  0
LTYPE
  5
14
330
5
100
AcDbSymbolTableRecord
100
AcDbLinetypeTableRecord
  2
ByBlock
 70
     0
  3

 72
    65
 73
     0
 40
0.0
  0
LTYPE
  5
15
330
5
100
AcDbSymbolTableRecord
100
AcDbLinetypeTableRecord
  2
ByLayer
 70
     0
  3

 72
    65
 73
     0
 40
0.0
  0
LTYPE
  5
16
330
5
100
AcDbSymbolTableRecord
100
AcDbLinetypeTableRecord
  2
Continuous
 70
     0
  3
Solid line
 72
    65
 73
     0
 40
0.0
  0
ENDTAB
  0
TABLE
  2
LAYER
  5
2
102
{ACAD_XDICTIONARY
360
FA
102
}
330
0
100
AcDbSymbolTable
 70
     4
  0
LAYER
  5
10
330
2
100
AcDbSymbolTableRecord
100
AcDbLayerTableRecord
  2
0
 70
     0
 62
     7
  6
Continuous
370
    -3
390
F
347
13D
348
0
  0
LAYER
  5
865
330
2
100
AcDbSymbolTableRecord
100
AcDbLayerTableRecord
  2
xian
 70
     0
 62
   250
  6
Continuous
370
    -3
390
F
347
13D
348
0
1001
AcAecLayerStandard
1000

1000

1001
AcCmTransparency
1071
        0
  0
LAYER
  5
866
330
2
100
AcDbSymbolTableRecord
100
AcDbLayerTableRecord
  2
di
 70
     0
 62
     7
  6
Continuous
370
    -3
390
F
347
13D
348
0
1001
AcAecLayerStandard
1000

1000

1001
AcCmTransparency
1071
        0
  0
LAYER
  5
8A5
330
2
100
AcDbSymbolTableRecord
100
AcDbLayerTableRecord
  2
CONN
 70
     0
 62
     7
  6
Continuous
370
    -3
390
F
347
13D
348
0
1001
AcCmTransparency
1071
 33554687
1001
AcAecLayerStandard
1000

1000

  0
ENDTAB
  0
TABLE
  2
STYLE
  5
3
330
0
100
AcDbSymbolTable
 70
     3
  0
STYLE
  5
11
330
3
100
AcDbSymbolTableRecord
100
AcDbTextStyleTableRecord
  2
Standard
 70
     0
 40
0.0
 41
1.0
 50
0.0
 71
     0
 42
2.5
  3

  4

1001
ACAD
1000
SimSun
1071
    34306
  0
STYLE
  5
21D
330
3
100
AcDbSymbolTableRecord
100
AcDbTextStyleTableRecord
  2
Annotative
 70
     0
 40
0.0
 41
1.0
 50
0.0
 71
     0
 42
2.5
  3

  4

1001
AcadAnnotative
1000
AnnotativeData
1002
{
1070
     1
1070
     1
1002
}
1001
ACAD
1000
SimSun
1071
    34306
  0
STYLE
  5
867
330
3
100
AcDbSymbolTableRecord
100
AcDbTextStyleTableRecord
  2
Voltage
 70
     0
 40
0.0
 41
1.0
 50
0.0
 71
     0
 42
10.0
  3
arial.ttf
  4

1001
AcadAnnotative
1000
AnnotativeData
1002
{
1070
     1
1070
     1
1002
}
1001
ACAD
1000
Arial
1071
       34
  0
ENDTAB
  0
TABLE
  2
VIEW
  5
6
330
0
100
AcDbSymbolTable
 70
     0
  0
ENDTAB
  0
TABLE
  2
UCS
  5
7
330
0
100
AcDbSymbolTable
 70
     0
  0
ENDTAB
  0
TABLE
  2
APPID
  5
9
330
0
100
AcDbSymbolTable
 70
    16
  0
APPID
  5
12
330
9
100
AcDbSymbolTableRecord
100
AcDbRegAppTableRecord
  2
ACAD
 70
     0
  0
APPID
  5
F4
330
9
100
AcDbSymbolTableRecord
100
AcDbRegAppTableRecord
  2
ACAD_PSEXT
 70
     0
  0
APPID
  5
16E
330
9
100
AcDbSymbolTableRecord
100
AcDbRegAppTableRecord
  2
ACAD_NAV_VCDISPLAY
 70
     0
  0
APPID
  5
21E
330
9
100
AcDbSymbolTableRecord
100
AcDbRegAppTableRecord
  2
AcadAnnoPO
 70
     0
  0
APPID
  5
21F
330
9
100
AcDbSymbolTableRecord
100
AcDbRegAppTableRecord
  2
AcadAnnotative
 70
     0
  0
APPID
  5
224
330
9
100
AcDbSymbolTableRecord
100
AcDbRegAppTableRecord
  2
ACAD_DSTYLE_DIMJAG
 70
     0
  0
APPID
  5
225
330
9
100
AcDbSymbolTableRecord
100
AcDbRegAppTableRecord
  2
ACAD_DSTYLE_DIMBREAK
 70
     0
  0
APPID
  5
226
330
9
100
AcDbSymbolTableRecord
100
AcDbRegAppTableRecord
  2
ACAD_DSTYLE_DIMTALN
 70
     0
  0
APPID
  5
235
330
9
100
AcDbSymbolTableRecord
100
AcDbRegAppTableRecord
  2
SectionViewStyle
 70
     0
  0
APPID
  5
236
330
9
100
AcDbSymbolTableRecord
100
AcDbRegAppTableRecord
  2
DetailViewStyle
 70
     0
  0
APPID
  5
869
330
9
100
AcDbSymbolTableRecord
100
AcDbRegAppTableRecord
  2
AcDbDynamicBlockGUID
 70
     0
  0
APPID
  5
86A
330
9
100
AcDbSymbolTableRecord
100
AcDbRegAppTableRecord
  2
AcAecLayerStandard
 70
     0
  0
APPID
  5
86B
330
9
100
AcDbSymbolTableRecord
100
AcDbRegAppTableRecord
  2
GradientColor1ACI
 70
     0
  0
APPID
  5
86C
330
9
100
AcDbSymbolTableRecord
100
AcDbRegAppTableRecord
  2
GradientColor2ACI
 70
     0
  0
APPID
  5
86D
330
9
100
AcDbSymbolTableRecord
100
AcDbRegAppTableRecord
  2
AcCmTransparency
 70
     0
  0
APPID
  5
86E
330
9
100
AcDbSymbolTableRecord
100
AcDbRegAppTableRecord
  2
_APP0
 70
     0
  0
ENDTAB
  0
TABLE
  2
DIMSTYLE
  5
A
330
0
100
AcDbSymbolTable
 70
     5
100
AcDbDimStyleTable
 71
     2
340
9C
340
227
  0
DIMSTYLE
105
27
330
A
100
AcDbSymbolTableRecord
100
AcDbDimStyleTableRecord
  2
Standard
 70
     0
340
11
  0
DIMSTYLE
105
9C
330
A
100
AcDbSymbolTableRecord
100
AcDbDimStyleTableRecord
  2
ISO-25
 70
     0
 41
2.5
 42
0.625
 43
3.75
 44
1.25
 73
     0
 74
     0
 77
     1
 78
     8
140
2.5
141
2.5
143
0.03937007874016
147
0.625
171
     3
172
     1
271
     2
272
     2
274
     3
278
    44
283
     0
284
     8
340
11
  0
DIMSTYLE
105
227
330
A
100
AcDbSymbolTableRecord
100
AcDbDimStyleTableRecord
  2
Annotative
 70
     0
 41
2.5
 42
0.625
 43
3.75
 44
1.25
 73
     0
 74
     0
 77
     1
 78
     8
140
2.5
141
2.5
143
0.03937007874016
147
0.625
171
     3
172
     1
271
     2
272
     2
274
     3
278
    44
283
     0
284
     8
340
11
1001
ACAD_DSTYLE_DIMBREAK
1070
   391
1040
3.75
1001
AcadAnnotative
1000
AnnotativeData
1002
{
1070
     1
1070
     1
1002
}
1001
ACAD_DSTYLE_DIMJAG
1070
   388
1040
1.5
1001
ACAD_DSTYLE_DIMTALN
1070
   392
1070
     0
  0
DIMSTYLE
105
868
330
A
100
AcDbSymbolTableRecord
100
AcDbDimStyleTableRecord
  2
Voltage
 70
     0
  3
ft
 40
0.0
 41
4.0
 44
0.1
 90
        2
 73
     0
 74
     0
 77
     1
 78
     8
 79
     2
140
0.08
147
0.1
176
     5
177
     5
271
     2
178
     5
271
     2
272
     2
340
867
1001
_APP0
1070
   391
1040
0.125
1001
ACAD_DSTYLE_DIMBREAK
1070
   391
1040
0.125
1001
AcadAnnotative
1000
AnnotativeData
1002
{
1070
     1
1070
     1
1002
}
1001
ACAD_DSTYLE_DIMJAG
1070
   388
1040
0.5
1001
ACAD_DSTYLE_DIMTALN
1070
   392
1070
     0
  0
ENDTAB
  0
TABLE
  2
BLOCK_RECORD
  5
1
330
0
100
AcDbSymbolTable
 70
     4
  0
BLOCK_RECORD
  5
1F
330
1
100
AcDbSymbolTableRecord
100
AcDbBlockTableRecord
  2
*Model_Space
340
22
 70
     0
280
     1
281
     0
  0
BLOCK_RECORD
  5
1C7
330
1
100
AcDbSymbolTableRecord
100
AcDbBlockTableRecord
  2
*Paper_Space
340
1C8
 70
     0
280
     1
281
     0
  0
BLOCK_RECORD
  5
1CC
330
1
100
AcDbSymbolTableRecord
100
AcDbBlockTableRecord
  2
*Paper_Space0
340
1CD
 70
     0
280
     1
281
     0
  0
BLOCK_RECORD
  5
23F
102
{ACAD_XDICTIONARY
360
240
102
}
330
1
100
AcDbSymbolTableRecord
100
AcDbBlockTableRecord
  2
CU - AL
340
0
310
28000000200000002000000001002000000000000010000001000000010000000000000000000000302821FF302821FF302821FF302821FF302821FF302821FF302821FF302821FF302821FF302821FF302821FF302821FF302821FF302821FF302821FF302821FF302821FF302821FF302821FF302821FF302821FF302821
310
FF302821FF302821FF302821FF302821FF302821FF302821FF302821FF302821FF302821FF302821FF302821FF302821FF302821FF302821FF302821FF302821FF302821FF302821FF302821FF302821FF302821FF302821FF302821FF302821FF302821FF302821FF302821FF302821FF302821FF302821FF302821FF3028
310
21FF302821FF302821FF302821FF302821FF302821FF302821FF302821FF302821FF302821FF302821FF302821FF302821FF302821FF302821FF302821FF302821FF302821FF302821FF302821FF302821FF302821FF302821FF302821FF302821FF302821FF302821FF302821FF302821FF302821FF302821FF302821FF30
310
2821FF302821FF302821FF302821FF302821FF302821FF302821FF302821FF302821FF302821FF302821FF302821FF302821FF302821FF302821FF302821FF302821FF302821FF302821FF302821FF302821FF302821FF302821FF302821FF302821FF302821FF302821FF302821FF302821FF302821FF302821FF302821FF
310
302821FF302821FF302821FF302821FF302821FF302821FF302821FF302821FF302821FF302821FF302821FF302821FF302821FF302821FF302821FF302821FF302821FF302821FF302821FF302821FF302821FF302821FF302821FF302821FF302821FF302821FF302821FF302821FF302821FF302821FF302821FF302821
310
FF302821FF302821FF302821FF302821FF302821FF302821FF302821FF302821FF302821FF302821FF302821FF302821FF302821FF302821FF302821FF302821FF302821FF302821FF302821FF302821FF302821FF302821FF302821FF302821FF302821FF302821FF302821FF302821FF302821FF302821FF302821FF3028
310
21FF302821FF302821FF302821FF302821FF302821FF302821FF302821FF302821FF302821FF302821FF302821FF302821FF302821FF302821FF302821FF302821FF302821FF302821FF302821FF302821FF302821FF302821FF302821FF302821FF302821FF302821FF302821FF302821FF302821FF302821FF302821FF30
310
2821FF302821FF302821FF302821FF302821FF302821FF302821FF302821FF302821FF302821FF302821FF302821FF302821FF302821FF302821FF302821FF302821FF302821FF302821FF302821FF302821FF302821FF302821FF302821FF302821FF302821FF302821FF302821FF302821FF302821FF302821FF302821FF
310
302821FF302821FF302821FF302821FF302821FF302821FF302821FF302821FF302821FF302821FF302821FF302821FF302821FF302821FF302821FF302821FF302821FF302821FF302821FF302821FF302821FF302821FF302821FF302821FF302821FF302821FF302821FF302821FF302821FF302821FF302821FF302821
310
FF302821FF302821FF302821FF302821FF302821FF302821FF302821FF302821FF302821FF302821FF302821FF302821FF302821FF302821FF302821FF302821FF302821FF302821FF302821FF302821FF302821FF302821FF302821FF302821FF302821FF302821FF302821FF302821FF302821FF302821FF302821FF3028
310
21FF302821FF302821FF302821FF302821FF302821FF302821FF302821FF302821FF302821FF302821FF302821FF302821FF302821FF302821FF302821FF302821FF302821FF302821FF302821FF302821FF302821FF302821FF302821FF302821FF302821FF302821FF302821FF302821FF302821FF302821FF302821FF30
310
2821FF302821FF302821FF302821FF302821FF302821FF302821FF302821FF302821FF302821FF302821FF302821FF302821FF302821FF302821FF302821FF302821FF000000FF000000FF000000FF000000FF000000FF000000FF000000FF000000FF000000FF000000FF000000FF000000FF000000FF000000FF000000FF
310
000000FF000000FF000000FF000000FF000000FF000000FF000000FF000000FF000000FF302821FF302821FF302821FF302821FF302821FF000000FF000000FF000000FF000000FF000000FF000000FF000000FF000000FF000000FF000000FF000000FF000000FF000000FF000000FF000000FF000000FF000000FF000000
310
FF000000FF000000FF000000FF000000FF000000FF000000FF000000FF000000FF000000FF000000FFFFFFFFFFFFFFFFFF302821FF302821FF000000FF000000FF000000FF000000FFFFFFFFFF000000FFFFFFFFFFFFFFFFFFFFFFFFFF000000FF000000FF000000FF000000FF000000FF000000FF000000FF000000FF0000
310
00FF000000FF000000FF000000FFFFFFFFFFFFFFFFFFFFFFFFFF000000FFFFFFFFFF000000FF000000FF000000FFFFFFFFFF302821FF302821FF000000FF000000FF000000FF000000FFFFFFFFFF000000FFFFFFFFFFFFFFFFFFFFFFFFFFFFFFFFFF000000FF000000FF000000FF000000FF000000FF000000FF000000FF00
310
0000FF000000FF000000FFFFFFFFFFFFFFFFFFFFFFFFFFFFFFFFFF000000FFFFFFFFFF000000FF000000FF000000FFFFFFFFFF302821FF302821FF000000FF000000FF000000FF000000FF000000FF000000FF000000FF000000FF000000FF000000FF000000FF000000FF000000FF000000FF000000FF000000FF000000FF
310
000000FF000000FF000000FF000000FF000000FF000000FF000000FF000000FF000000FF000000FF000000FF000000FF000000FF302821FF302821FF302821FF302821FF302821FF000000FF000000FF000000FF000000FF000000FF000000FF000000FF000000FF000000FF000000FF000000FF000000FF000000FF000000
310
FF000000FF000000FF000000FF000000FF000000FF000000FF000000FF000000FF000000FF000000FF302821FF302821FF302821FF302821FF302821FF302821FF302821FF302821FF302821FF302821FF302821FF302821FF302821FF302821FF302821FF302821FF302821FF302821FF302821FF302821FF302821FF3028
310
21FF302821FF302821FF302821FF302821FF302821FF302821FF302821FF302821FF302821FF302821FF302821FF302821FF302821FF302821FF302821FF302821FF302821FF302821FF302821FF302821FF302821FF302821FF302821FF302821FF302821FF302821FF302821FF302821FF302821FF302821FF302821FF30
310
2821FF302821FF302821FF302821FF302821FF302821FF302821FF302821FFFFFFFFFF302821FF302821FF302821FF302821FF302821FF302821FF302821FF302821FF302821FF302821FF302821FF302821FF302821FF302821FF302821FF302821FF302821FF302821FF302821FF302821FF302821FF302821FF302821FF
310
302821FF302821FF302821FF302821FF302821FF302821FF302821FF302821FFFFFFFFFF302821FF302821FF302821FF302821FF302821FF302821FF302821FF302821FF302821FF302821FF302821FF302821FF302821FF302821FF302821FF302821FF302821FF302821FF302821FF302821FF302821FF302821FF302821
310
FF302821FF302821FF302821FF302821FF302821FF302821FF302821FF302821FFFFFFFFFF302821FF302821FF302821FF302821FF302821FF302821FF302821FF302821FF302821FF302821FF302821FF302821FF302821FF302821FF302821FF302821FF302821FF302821FF302821FF302821FF302821FF302821FF3028
310
21FF302821FF302821FF302821FF302821FF302821FF302821FF302821FF302821FF302821FF302821FF302821FF302821FF302821FF302821FF302821FF302821FF302821FF302821FF302821FF302821FF302821FF302821FF302821FF302821FF302821FF302821FF302821FF302821FF302821FF302821FF302821FF30
310
2821FF302821FF302821FF302821FF302821FF302821FF302821FF302821FF302821FF302821FF302821FF302821FF302821FF302821FF302821FF302821FF302821FF302821FF302821FF302821FF302821FF302821FF302821FF302821FF302821FF302821FF302821FF302821FF302821FF302821FF302821FF302821FF
310
302821FF302821FF302821FF302821FF302821FF302821FF302821FF302821FF302821FF302821FF302821FF302821FF302821FF302821FF302821FF302821FF302821FF302821FF302821FF302821FF302821FF302821FF302821FF302821FF302821FF302821FF302821FF302821FF302821FF302821FF302821FF302821
310
FF302821FF302821FF302821FF302821FF302821FF302821FF302821FF302821FF302821FF302821FF302821FF302821FF302821FF302821FF302821FF302821FF302821FF302821FF302821FF302821FF302821FF302821FF302821FF302821FF302821FF302821FF302821FF302821FF302821FF302821FF302821FF3028
310
21FF302821FF302821FF302821FF302821FF302821FF302821FF302821FF302821FF302821FF302821FF302821FF302821FF302821FF302821FF302821FF302821FF302821FF302821FF302821FF302821FF302821FF302821FF302821FF302821FF302821FF302821FF302821FF302821FF302821FF302821FF302821FF30
310
2821FF302821FF302821FF302821FF302821FF302821FF302821FF302821FF302821FF302821FF302821FF302821FF302821FF302821FF302821FF302821FF302821FF302821FF302821FF302821FF302821FF302821FF302821FF302821FF302821FF302821FF302821FF302821FF302821FF302821FF302821FF302821FF
310
302821FF302821FF302821FF302821FF302821FF302821FF302821FF302821FF302821FF302821FF302821FF302821FF302821FF302821FF302821FF302821FF302821FF302821FF302821FF302821FF302821FF302821FF302821FF302821FF302821FF302821FF302821FF302821FF302821FF302821FF302821FF302821
310
FF302821FF302821FF302821FF302821FF302821FF302821FF302821FF302821FF302821FF302821FF302821FF302821FF302821FF302821FF302821FF302821FF302821FF302821FF302821FF302821FF302821FF302821FF302821FF302821FF302821FF302821FF302821FF302821FF302821FF302821FF302821FF3028
310
21FF302821FF302821FF302821FF302821FF302821FF302821FF302821FF302821FF302821FF302821FF302821FF302821FF302821FF302821FF302821FF302821FF302821FF302821FF302821FF302821FF302821FF302821FF302821FF302821FF302821FF302821FF302821FF302821FF302821FF302821FF302821FF30
310
2821FF302821FF302821FF302821FF302821FF302821FF302821FF302821FF302821FF302821FF302821FF302821FF302821FF302821FF302821FF302821FF302821FF302821FF302821FF302821FF302821FF302821FF302821FF302821FF302821FF302821FF302821FF302821FF302821FF302821FF302821FF302821FF
310
302821FF302821FF302821FF302821FF302821FF302821FF302821FF302821FF302821FF302821FF302821FF302821FF302821FF302821FF302821FF302821FF302821FF302821FF
102
{BLKREFS
331
894
331
89A
102
}
 70
     4
280
     1
281
     0
1001
AcDbDynamicBlockGUID
1000
{76CF017D-9152-2247-B461-851875671D31}
  0
ENDTAB
  0
ENDSEC
  0
SECTION
  2
BLOCKS
  0
BLOCK
  5
20
330
1F
100
AcDbEntity
  8
0
100
AcDbBlockBegin
  2
*Model_Space
 70
     0
 10
0.0
 20
0.0
 30
0.0
  3
*Model_Space
  1

  0
ENDBLK
  5
21
330
1F
100
AcDbEntity
  8
0
100
AcDbBlockEnd
  0
BLOCK
  5
1C9
330
1C7
100
AcDbEntity
 67
     1
  8
0
100
AcDbBlockBegin
  2
*Paper_Space
 70
     0
 10
0.0
 20
0.0
 30
0.0
  3
*Paper_Space
  1

  0
ENDBLK
  5
1CA
330
1C7
100
AcDbEntity
 67
     1
  8
0
100
AcDbBlockEnd
  0
BLOCK
  5
1CE
330
1CC
100
AcDbEntity
  8
0
100
AcDbBlockBegin
  2
*Paper_Space0
 70
     0
 10
0.0
 20
0.0
 30
0.0
  3
*Paper_Space0
  1

  0
ENDBLK
  5
1CF
330
1CC
100
AcDbEntity
  8
0
100
AcDbBlockEnd
  0
BLOCK
  5
241
330
23F
100
AcDbEntity
  8
0
100
AcDbBlockBegin
  2
CU - AL
 70
     0
 10
0.0
 20
0.0
 30
0.0
  3
CU - AL
  1

  0
HATCH
  5
242
330
23F
100
AcDbEntity
  8
di
 62
     7
420
 16777215
370
     0
100
AcDbHatch
 10
0.0
 20
0.0
 30
0.0
210
0.0
220
0.0
230
1.0
  2
SOLID
 70
     1
 71
     1
 91
        1
 92
        7
 72
     0
 73
     1
 93
      248
 10
-53.82701915690336
 20
-6.610104530453099
 10
-50.39168949832742
 20
-6.730068935965391
 10
-50.22701915690118
 20
-6.587240146684052
 10
-49.02701915690045
 20
-6.587240146684052
 10
-49.02701915690045
 20
-6.623214788301993
 10
-49.01528057585233
 20
-6.683368088756651
 10
-48.99542485931011
 20
-6.718670429905614
 10
-48.96501576535297
 20
-6.749691766333853
 10
-48.93165096308326
 20
-6.769578984713007
 10
-48.87260307637075
 20
-6.783116625021648
 10
-46.10003022800151
 20
-6.879937043018799
 10
-45.54750314839725
 20
-7.128063289683268
 10
-45.32681354850569
 20
-7.679445075365947
 10
-45.32681354850569
 20
-8.081746885405664
 10
-45.16183498232635
 20
-8.278433540326659
 10
-39.65610492489282
 20
-9.249180434291702
 10
-39.32930480800747
 20
-9.103409859772
 10
-35.04682113709964
 20
-9.858527275396227
 10
-22.23635205174537
 20
-9.858527275396227
 10
-22.2247864784847
 20
-9.858946197497061
 10
-22.21691695124241
 20
-9.859713162624757
 10
-22.20561692766455
 20
-9.861510135868229
 10
-22.1979591300576
 20
-9.863207015447187
 10
-22.18885114283216
 20
-9.865749469801812
 10
-22.18261734160183
 20
-9.86783185078184
 10
-22.1784223514303
 20
-9.869396421401688
 10
-22.17146490831033
 20
-9.872293735212224
 10
-22.16618497686864
 20
-9.874756410627014
 10
-22.15919708918841
 20
-9.878014686413735
 10
-22.15285464243311
 20
-9.882078537119014
 10
-22.14749731072038
 20
-9.885511186552321
 10
-22.14106411914577
 20
-9.890049721927425
 10
-22.13536595809523
 20
-9.894487164394377
 10
-22.13054233487014
 20
-9.898583624160892
 10
-22.12548969589875
 20
-9.903247223581274
 10
-22.1211682961009
 20
-9.907574076372839
 10
-22.11734427374972
 20
-9.911694985124995
 10
-22.11334852104733
 20
-9.916331406156132
 10
-22.10918121476857
 20
-9.921578365241657
 10
-22.10632397789845
 20
-9.925454627230465
 10
-22.10369608616452
 20
-9.929249105824055
 10
-22.10122718761772
 20
-9.933041084119395
 10
-21.94247474777944
 20
-10.18457946045782
 10
-21.91934551475856
 20
-10.21327036020739
 10
-21.90933033367469
 20
-10.22231556969382
 10
-21.8885398169648
 20
-10.23923219678545
 10
-21.87577721756747
 20
-10.24370156706209
 10
-21.84395839996136
 20
-10.25484428754043
 10
-21.80734988364816
 20
-10.25909326917826
 10
-5.714095599415259
 20
-10.25909326917826
 10
-5.687320356050577
 20
-10.25683558102901
 10
-5.667013275706949
 20
-10.25200305535145
 10
-5.644873443405913
 20
-10.24332641410183
 10
-5.615960761759879
 20
-10.22541169237956
 10
-5.597192887603114
 20
-10.20823547477812
 10
-5.579690886598427
 20
-10.18570990401895
 10
-5.569713770190674
 20
-10.16774164098751
 10
-5.435739679095377
 20
-9.885055240130895
 10
-4.566568703922484
 20
-9.33575499816834
 10
4.912530389617359
 20
-9.33575499816834
 10
5.781701364790251
 20
-9.885055240130895
 10
5.91567545588191
 20
-10.16774164098751
 10
5.934783999580076
 20
-10.19849133370007
 10
5.95132606285847
 20
-10.21639577012502
 10
5.974626494569065
 20
-10.23434333227305
 10
5.993333605570342
 20
-10.24450074382184
 10
6.019868615739369
 20
-10.25395977745938
 10
6.060057285110133
 20
-10.25909326917917
 10
22.15331156934121
 20
-10.25909326917917
 10
22.18024181642909
 20
-10.25680832392754
 10
22.19516047865295
 20
-10.25351710532777
 10
22.21684633413429
 20
-10.2459203346225
 10
22.23769217370795
 20
-10.23499665818963
 10
22.25995870313932
 20
-10.21829145680567
 10
22.27423349993592
 20
-10.20374924615953
 10
22.28843643346886
 20
-10.18457946045419
 10
22.44612679147872
 20
-9.930800082986024
 10
22.45644279809062
 20
-9.919892757183333
 10
22.4770561216767
 20
-9.898097866514945
 10
22.49808687007067
 20
-9.882528387294769
 10
22.52051561170197
 20
-9.870959758436583
 10
22.54313225066767
 20
-9.863404307974633
 10
22.56286381259747
 20
-9.859714979320415
 10
22.58231373743843
 20
-9.858527275397136
 10
35.39278282272722
 20
-9.858527275397136
 10
39.67526649363504
 20
-9.103409859770181
 10
40.00206661051857
 20
-9.249180434291702
 10
45.5077966679521
 20
-8.278433540326659
 10
45.67277523413508
 20
-8.081746885405664
 10
45.67277523413508
 20
-7.679443871520561
 10
45.89347010200003
 20
-7.128057074920434
 10
46.44599191356905
 20
-6.879937043020618
 10
49.21856475926074
 20
-6.780004532869497
 10
49.24486697224461
 20
-6.780004532869497
 10
49.26914439258985
 20
-6.773032644582599
 10
49.29306983884021
 20
-6.761726465109859
 10
49.31477906034274
 20
-6.746652488192012
 10
49.33498224857908
 20
-6.726730131087606
 10
49.34976315600511
 20
-6.706223242979831
 10
49.36274338800581
 20
-6.679526775069462
 10
49.37001572109079
 20
-6.653873669176391
 10
49.37286352809611
 20
-6.629339347138738
 10
49.37298084252984
 20
-6.587240146684052
 10
50.57298084251238
 20
-6.587240146551266
 10
50.73768518301154
 20
-6.730067748690998
 10
54.17298084252911
 20
-6.610104530453099
 10
54.17298084252911
 20
6.235624237086085
 10
50.73765118395318
 20
6.355588642600196
 10
50.57298084253784
 20
6.212759853414354
 10
49.37260244525828
 20
6.212759853317038
 10
49.37260244525828
 20
6.259730764637424
 10
49.3703697581434
 20
6.277521000223714
 10
49.3659356930068
 20
6.295688817341215
 10
49.35548130886605
 20
6.321490668360638
 10
49.34100192315532
 20
6.344705355122641
 10
49.32807513399279
 20
6.359878924620716
 10
49.31001660863262
 20
6.375950140858549
 10
49.28304140003752
 20
6.392579088228558
 10
49.26349735730878
 20
6.400549618545483
 10
49.24235104537479
 20
6.406014977438644
 10
49.21856476200196
 20
6.408636331654633
 10
46.44599191350721
 20
6.505456749655422
 10
45.89345913047077
 20
6.753589726202335
 10
45.67277523412963
 20
7.304966089353911
 10
45.67277523413508
 20
7.50381040310458
 10
45.50779999796327
 20
7.70049654370814
 10
41.73550644265856
 20
8.365653676659349
 10
41.61416295084314
 20
8.465589081801226
 10
41.59502871861628
 20
8.515291677200366
 10
41.4736829791193
 20
8.61522740154578
 10
35.41025568329065
 20
9.684329978777896
 10
22.38469728035602
 20
9.684329978777896
 10
22.36721291957588
 20
9.683370895334519
 10
22.35610629769803
 20
9.681752103442704
 10
22.33988260970841
 20
9.677918249939466
 10
22.32390039169991
 20
9.672313377966929
 10
22.31432617789619
 20
9.668000870242394
 10
22.2957377066698
 20
9.657275780579766
 10
22.28396449672005
 20
9.648576218921334
 10
22.27318827282329
 20
9.638983301336338
 10
22.26434527180504
 20
9.629642268995667
 10
22.25834298990526
 20
9.622343152801477
 10
22.19928364560769
 20
9.546033808004722
 10
22.19393234711174
 20
9.539484959377659
 10
22.18807949251937
 20
9.533058860478377
 10
22.18122528565914
 20
9.526347871127654
 10
22.17311784030358
 20
9.519360572958248
 10
22.16632789628716
 20
9.514186947377311
 10
22.15864648747561
 20
9.508984134283309
 10
22.15159592225359
 20
9.504752452930915
 10
22.14330045761676
 20
9.500376090563804
 10
22.1358244823798
 20
9.49694442258351
 10
22.1253386868168
 20
9.492884896047144
 10
22.11657026503531
 20
9.490120642991314
 10
22.1083156792713
 20
9.488013425538156
 10
22.0952806330472
 20
9.485617385251316
 10
22.07292935515875
 20
9.484046982028303
 10
8.36207481842689
 20
9.484046982028303
 10
8.355794324786302
 20
9.48392359940226
 10
8.340199431914925
 20
9.482543420259389
 10
8.326991028604652
 20
9.480149778172744
 10
8.315338104084048
 20
9.477061976276672
 10
8.298616584229648
 20
9.470909411080356
 10
8.281595164287182
 20
9.462303224308925
 10
8.117252750558009
 20
9.366480595461325
 10
8.100723032658834
 20
9.355408140301733
 10
8.092452264650319
 20
9.348637461387625
 10
8.08145411836017
 20
9.338030313002491
 10
8.070680957436024
 20
9.325331093761633
 10
8.064335131353118
 20
9.316387400016537
 10
8.058685773982915
 20
9.307150859218381
 10
7.977931256994679
 20
9.164483547095187
 10
7.629059353082311
 20
8.961274704742208
 10
-7.283095602867206
 20
8.961274704801326
 10
-7.631969571368927
 20
9.164483547095187
 10
-7.712724088353525
 20
9.307150859218381
 10
-7.724539905698065
 20
9.325095381493156
 10
-7.733487605139771
 20
9.335862755997368
 10
-7.739849921181985
 20
9.34247810648776
 10
-7.749191616777125
 20
9.350951240019639
 10
-7.758312016131412
 20
9.358044521662122
 10
-7.771291064928618
 20
9.366480595459506
 10
-7.935633478657791
 20
9.462303224307106
 10
-7.937564504673673
 20
9.46411179361894
 10
-7.946206382889386
 20
9.467947353332419
 10
-7.956451041235368
 20
9.472494281425497
 10
-7.962485067876286
 20
9.47478215940282
 10
-7.972847214378589
 20
9.478080512890301
 10
-7.982543484881489
 20
9.48048271395055
 10
-7.990005317243003
 20
9.481900904954272
 10
-8.000859607868505
 20
9.483317745975
 10
-8.006173197826456
 20
9.483737737869887
 10
-8.016113132802956
 20
9.484046982028303
 10
-21.72696766952936
 20
9.484046982028303
 10
-21.73037619496676
 20
9.484083322149672
 10
-21.74465307115747
 20
9.48502831798487
 10
-21.75487232107912
 20
9.486501612165739
 10
-21.76659386164715
 20
9.489037184558583
 10
-21.77383428995995
 20
9.491073182183754
 10
-21.78348521659677
 20
9.494374512295507
 10
-21.79509080382627
 20
9.499294964514774
 10
-21.80360986486698
 20
9.503626564934165
 10
-21.81440910822744
 20
9.510095999130498
 10
-21.82314034239312
 20
9.516231676559073
 10
-21.83424616950174
 20
9.525417913064302
 10
-21.8402568445315
 20
9.531155999550719
 10
-21.84699936281209
 20
9.538368956806152
 10
-21.85332195998194
 20
9.546033808004722
 10
-21.91238130427951
 20
9.622343152801477
 10
-21.91899304778303
 20
9.630336232437002
 10
-21.92626576812722
 20
9.638038971062087
 10
-21.93481236500588
 20
9.645914961729431
 10
-21.9437607964544
 20
9.653039543773047
 10
-21.9510481970799
 20
9.658119793688456
 10
-21.95952423853009
 20
9.66331490891207
 10
-21.97061246043518
 20
9.669081996289605
 10
-21.98612693224527
 20
9.675422711101418
 10
-21.99735022084019
 20
9.678878817820077
 10
-22.00676816002192
 20
9.681100570614944
 10
-22.01740966619104
 20
9.682900999159755
 10
-22.02572813587062
 20
9.683799897171411
 10
-22.03289517311055
 20
9.68422325875872
 10
-22.03873559473027
 20
9.684329978777896
 10
-35.06429399766489
 20
9.684329978777896
 10
-41.12772094840034
 20
8.615227462390976
 10
-41.24906512486336
 20
8.515296633706384
 10
-41.26820122496496
 20
8.465589186358556
 10
-41.38954475703281
 20
8.365653676659349
 10
-45.1618383123357
 20
7.700496543706321
 10
-45.32681354850569
 20
7.50381040310458
 10
-45.32681354850569
 20
7.304964781998933
 10
-45.54750314839725
 20
6.753582996316254
 10
-46.08748347203141
 20
6.505456749651784
 10
-46.10003022800151
 20
6.505456749651784
 10
-48.87260307637439
 20
6.408636331656452
 10
-48.88595959616282
 20
6.40760872642204
 10
-48.92350006699484
 20
6.398432995576513
 10
-48.94799510619373
 20
6.386729522941095
 10
-48.98211339854128
 20
6.359878876504808
 10
-48.99535171875573
 20
6.344288332187716
 10
-49.01174830242666
 20
6.316949659784768
 10
-49.02217781696958
 20
6.287794574969666
 10
-49.02592439142131
 20
6.267418090154023
 10
-49.02701915690045
 20
6.248733994116264
 10
-49.02701915690045
 20
6.212759853327952
 10
-50.22701915690118
 20
6.212759853317038
 10
-50.3916990899695
 20
6.355959393165903
 10
-53.82701915690336
 20
6.235624237086085
 97
        3
330
243
330
244
330
245
 75
     1
 76
     1
 47
0.0682052034491833
 98
        1
 10
9.159689636099983
 20
2.124879810115999
450
        0
451
        0
460
0.0
461
0.0
452
        0
462
0.0
453
        2
463
0.0
 63
     5
421
      255
463
1.0
 63
     2
421
 16776960
470
LINEAR
1001
GradientColor1ACI
1070
     5
1001
GradientColor2ACI
1070
     2
1001
ACAD
1010
0.0
1020
0.0
1030
0.0
  0
LWPOLYLINE
  5
243
102
{ACAD_REACTORS
330
242
102
}
330
23F
100
AcDbEntity
  8
di
 62
    18
420
        0
370
     0
100
AcDbPolyline
 90
      107
 70
     0
 43
0.0
 10
-53.82701915690336
 20
6.235624237086085
 10
-50.3916990899695
 20
6.355959393165903
 10
-50.22701915690118
 20
6.212759853317038
 10
-49.02701915690045
 20
6.212759853327952
 10
-49.02701915690045
 20
6.248733994116264
 10
-49.02592439142131
 20
6.267418090154023
 10
-49.02217781696958
 20
6.287794574969666
 10
-49.01174830242666
 20
6.316949659784768
 10
-48.99535171875573
 20
6.344288332187716
 10
-48.98211339854128
 20
6.359878876504808
 10
-48.94799510619373
 20
6.386729522941095
 10
-48.92350006699484
 20
6.398432995576513
 10
-48.88595959616282
 20
6.40760872642204
 10
-48.87260307637439
 20
6.408636331656452
 10
-46.10003022800151
 20
6.505456749651784
 10
-46.08748347203141
 20
6.505456749651784
 10
-45.54750314839725
 20
6.753582996316254
 10
-45.32681354850569
 20
7.304964781998933
 10
-45.32681354850569
 20
7.50381040310458
 10
-45.1618383123357
 20
7.700496543706321
 10
-41.38954475703281
 20
8.365653676659349
 10
-41.26820122496496
 20
8.465589186358556
 10
-41.24906512486336
 20
8.515296633706384
 10
-41.12772094840034
 20
8.615227462390976
 10
-35.06429399766489
 20
9.684329978777896
 10
-22.03873559473027
 20
9.684329978777896
 10
-22.03289517311055
 20
9.68422325875872
 10
-22.02572813587062
 20
9.683799897171411
 10
-22.01740966619104
 20
9.682900999159755
 10
-22.00676816002192
 20
9.681100570614944
 10
-21.99735022084019
 20
9.678878817820077
 10
-21.98612693224527
 20
9.675422711101418
 10
-21.97061246043518
 20
9.669081996289605
 10
-21.95952423853009
 20
9.66331490891207
 10
-21.9510481970799
 20
9.658119793688456
 10
-21.9437607964544
 20
9.653039543773047
 10
-21.93481236500588
 20
9.645914961729431
 10
-21.92626576812722
 20
9.638038971062087
 10
-21.91899304778303
 20
9.630336232437002
 10
-21.91238130427951
 20
9.622343152801477
 10
-21.85332195998194
 20
9.546033808004722
 10
-21.84699936281209
 20
9.538368956806152
 10
-21.8402568445315
 20
9.531155999550719
 10
-21.83424616950174
 20
9.525417913064302
 10
-21.82314034239312
 20
9.516231676559073
 10
-21.81440910822744
 20
9.510095999130498
 10
-21.80360986486698
 20
9.503626564934165
 10
-21.79509080382627
 20
9.499294964514774
 10
-21.78348521659677
 20
9.494374512295507
 10
-21.77383428995995
 20
9.491073182183754
 10
-21.76659386164715
 20
9.489037184558583
 10
-21.75487232107912
 20
9.486501612165739
 10
-21.74465307115747
 20
9.48502831798487
 10
-21.73037619496676
 20
9.484083322149672
 10
-21.72696766952936
 20
9.484046982028303
 10
-8.016113132802956
 20
9.484046982028303
 10
-8.006173197826456
 20
9.483737737869887
 10
-8.000859607868505
 20
9.483317745975
 10
-7.990005317243003
 20
9.481900904954272
 10
-7.982543484881489
 20
9.48048271395055
 10
-7.972847214378589
 20
9.478080512890301
 10
-7.962485067876286
 20
9.47478215940282
 10
-7.956451041235368
 20
9.472494281425497
 10
-7.946206382889386
 20
9.467947353332419
 10
-7.937564504673673
 20
9.46411179361894
 10
-7.935633478657791
 20
9.462303224307106
 10
-7.771291064928618
 20
9.366480595459506
 10
-7.758312016131412
 20
9.358044521662122
 10
-7.749191616777125
 20
9.350951240019639
 10
-7.739849921181985
 20
9.34247810648776
 10
-7.733487605139771
 20
9.335862755997368
 10
-7.724539905698065
 20
9.325095381493156
 10
-7.712724088353525
 20
9.307150859218381
 10
-7.631969571368927
 20
9.164483547095187
 10
-7.283095602867206
 20
8.961274704801326
 10
7.629059353082311
 20
8.961274704742208
 10
7.977931256994679
 20
9.164483547095187
 10
8.058685773982915
 20
9.307150859218381
 10
8.064335131353118
 20
9.316387400016537
 10
8.070680957436024
 20
9.325331093761633
 10
8.08145411836017
 20
9.338030313002491
 10
8.092452264650319
 20
9.348637461387625
 10
8.100723032658834
 20
9.355408140301733
 10
8.117252750558009
 20
9.366480595461325
 10
8.281595164287182
 20
9.462303224308925
 10
8.298616584229648
 20
9.470909411080356
 10
8.315338104084048
 20
9.477061976276672
 10
8.326991028604652
 20
9.480149778172744
 10
8.340199431914925
 20
9.482543420259389
 10
8.355794324786302
 20
9.48392359940226
 10
8.36207481842689
 20
9.484046982028303
 10
22.07292935515875
 20
9.484046982028303
 10
22.0952806330472
 20
9.485617385251316
 10
22.1083156792713
 20
9.488013425538156
 10
22.11657026503531
 20
9.490120642991314
 10
22.1253386868168
 20
9.492884896047144
 10
22.1358244823798
 20
9.49694442258351
 10
22.14330045761676
 20
9.500376090563804
 10
22.15159592225359
 20
9.504752452930915
 10
22.15864648747561
 20
9.508984134283309
 10
22.16632789628716
 20
9.514186947377311
 10
22.17311784030358
 20
9.519360572958248
 10
22.18122528565914
 20
9.526347871127654
 10
22.18807949251937
 20
9.533058860478377
 10
22.19393234711174
 20
9.539484959377659
 10
22.19928364560769
 20
9.546033808004722
 10
22.25834298990526
 20
9.622343152801477
  0
LWPOLYLINE
  5
244
102
{ACAD_REACTORS
330
242
102
}
330
23F
100
AcDbEntity
  8
di
 62
    18
420
        0
370
     0
100
AcDbPolyline
 90
      101
 70
     0
 43
0.0
 10
22.25834298990708
 20
9.622343152803296
 10
22.26434527180504
 20
9.629642268995667
 10
22.27318827282329
 20
9.638983301336338
 10
22.28396449672005
 20
9.648576218921334
 10
22.2957377066698
 20
9.657275780579766
 10
22.31432617789619
 20
9.668000870242394
 10
22.32390039169991
 20
9.672313377966929
 10
22.33988260970841
 20
9.677918249939466
 10
22.35610629769803
 20
9.681752103442704
 10
22.36721291957588
 20
9.683370895334519
 10
22.38469728035602
 20
9.684329978777896
 10
35.41025568329065
 20
9.684329978777896
 10
41.4736829791193
 20
8.61522740154578
 10
41.59502871861628
 20
8.515291677200366
 10
41.61416295084314
 20
8.465589081801226
 10
41.73550644265856
 20
8.365653676659349
 10
45.50779999796327
 20
7.70049654370814
 10
45.67277523413508
 20
7.50381040310458
 10
45.67277523412963
 20
7.304966089353911
 10
45.89345913047077
 20
6.753589726202335
 10
46.44599191350721
 20
6.505456749655422
 10
49.21856476200196
 20
6.408636331654633
 10
49.24235104537479
 20
6.406014977438644
 10
49.26349735730878
 20
6.400549618545483
 10
49.28304140003752
 20
6.392579088228558
 10
49.31001660863262
 20
6.375950140858549
 10
49.32807513399279
 20
6.359878924620716
 10
49.34100192315532
 20
6.344705355122641
 10
49.35548130886605
 20
6.321490668360638
 10
49.3659356930068
 20
6.295688817341215
 10
49.3703697581434
 20
6.277521000223714
 10
49.37260244525828
 20
6.259730764637424
 10
49.37260244525828
 20
6.212759853317038
 10
50.57298084253784
 20
6.212759853414354
 10
50.73765118395318
 20
6.355588642600196
 10
54.17298084252911
 20
6.235624237086085
 10
54.17298084252911
 20
-6.610104530453099
 10
50.73768518301154
 20
-6.730067748690998
 10
50.57298084251238
 20
-6.587240146551266
 10
49.37298084252984
 20
-6.587240146684052
 10
49.37286352809611
 20
-6.629339347138738
 10
49.37001572109079
 20
-6.653873669176391
 10
49.36274338800581
 20
-6.679526775069462
 10
49.34976315600511
 20
-6.706223242979831
 10
49.33498224857908
 20
-6.726730131087606
 10
49.31477906034274
 20
-6.746652488192012
 10
49.29306983884021
 20
-6.761726465109859
 10
49.26914439258985
 20
-6.773032644582599
 10
49.24486697224461
 20
-6.780004532869497
 10
49.21856475926074
 20
-6.780004532869497
 10
46.44599191356905
 20
-6.879937043020618
 10
45.89347010200003
 20
-7.128057074920434
 10
45.67277523413508
 20
-7.679443871520561
 10
45.67277523413508
 20
-8.081746885405664
 10
45.5077966679521
 20
-8.278433540326659
 10
40.00206661051857
 20
-9.249180434291702
 10
39.67526649363504
 20
-9.103409859770181
 10
35.39278282272722
 20
-9.858527275397136
 10
22.58231373743843
 20
-9.858527275397136
 10
22.56286381259747
 20
-9.859714979320415
 10
22.54313225066767
 20
-9.863404307974633
 10
22.52051561170197
 20
-9.870959758436583
 10
22.49808687007067
 20
-9.882528387294769
 10
22.4770561216767
 20
-9.898097866514945
 10
22.45644279809062
 20
-9.919892757183333
 10
22.44612679147872
 20
-9.930800082986024
 10
22.28843643346886
 20
-10.18457946045419
 10
22.27423349993592
 20
-10.20374924615953
 10
22.25995870313932
 20
-10.21829145680567
 10
22.23769217370795
 20
-10.23499665818963
 10
22.21684633413429
 20
-10.2459203346225
 10
22.19516047865295
 20
-10.25351710532777
 10
22.18024181642909
 20
-10.25680832392754
 10
22.15331156934121
 20
-10.25909326917917
 10
6.060057285110133
 20
-10.25909326917917
 10
6.019868615739369
 20
-10.25395977745938
 10
5.993333605570342
 20
-10.24450074382184
 10
5.974626494569065
 20
-10.23434333227305
 10
5.95132606285847
 20
-10.21639577012502
 10
5.934783999580076
 20
-10.19849133370007
 10
5.91567545588191
 20
-10.16774164098751
 10
5.781701364790251
 20
-9.885055240130895
 10
4.912530389617359
 20
-9.33575499816834
 10
-4.566568703922484
 20
-9.33575499816834
 10
-5.435739679095377
 20
-9.885055240130895
 10
-5.569713770190674
 20
-10.16774164098751
 10
-5.579690886598427
 20
-10.18570990401895
 10
-5.597192887603114
 20
-10.20823547477812
 10
-5.615960761759879
 20
-10.22541169237956
 10
-5.644873443405913
 20
-10.24332641410183
 10
-5.667013275706949
 20
-10.25200305535145
 10
-5.687320356050577
 20
-10.25683558102901
 10
-5.714095599415259
 20
-10.25909326917826
 10
-21.80734988364816
 20
-10.25909326917826
 10
-21.84395839996136
 20
-10.25484428754043
 10
-21.87577721756747
 20
-10.24370156706209
 10
-21.8885398169648
 20
-10.23923219678545
 10
-21.90933033367469
 20
-10.22231556969382
 10
-21.91934551475856
 20
-10.21327036020739
 10
-21.94247474777944
 20
-10.18457946045782
 10
-22.10122718761772
 20
-9.933041084119395
  0
LWPOLYLINE
  5
245
102
{ACAD_REACTORS
330
242
102
}
330
23F
100
AcDbEntity
  8
di
 62
    18
420
        0
370
     0
100
AcDbPolyline
 90
       43
 70
     0
 43
0.0
 10
-22.10122718761772
 20
-9.933041084119395
 10
-22.10369608616452
 20
-9.929249105824055
 10
-22.10632397789845
 20
-9.925454627230465
 10
-22.10918121476857
 20
-9.921578365241657
 10
-22.11334852104733
 20
-9.916331406156132
 10
-22.11734427374972
 20
-9.911694985124995
 10
-22.1211682961009
 20
-9.907574076372839
 10
-22.12548969589875
 20
-9.903247223581274
 10
-22.13054233487014
 20
-9.898583624160892
 10
-22.13536595809523
 20
-9.894487164394377
 10
-22.14106411914577
 20
-9.890049721927425
 10
-22.14749731072038
 20
-9.885511186552321
 10
-22.15285464243311
 20
-9.882078537119014
 10
-22.15919708918841
 20
-9.878014686413735
 10
-22.16618497686864
 20
-9.874756410627014
 10
-22.17146490831033
 20
-9.872293735212224
 10
-22.1784223514303
 20
-9.869396421401688
 10
-22.18261734160183
 20
-9.86783185078184
 10
-22.18885114283216
 20
-9.865749469801812
 10
-22.1979591300576
 20
-9.863207015447187
 10
-22.20561692766455
 20
-9.861510135868229
 10
-22.21691695124241
 20
-9.859713162624757
 10
-22.2247864784847
 20
-9.858946197497061
 10
-22.23635205174537
 20
-9.858527275396227
 10
-35.04682113709964
 20
-9.858527275396227
 10
-39.32930480800747
 20
-9.103409859772
 10
-39.65610492489282
 20
-9.249180434291702
 10
-45.16183498232635
 20
-8.278433540326659
 10
-45.32681354850569
 20
-8.081746885405664
 10
-45.32681354850569
 20
-7.679445075365947
 10
-45.54750314839725
 20
-7.128063289683268
 10
-46.10003022800151
 20
-6.879937043018799
 10
-48.87260307637075
 20
-6.783116625021648
 10
-48.93165096308326
 20
-6.769578984713007
 10
-48.96501576535297
 20
-6.749691766333853
 10
-48.99542485931011
 20
-6.718670429905614
 10
-49.01528057585233
 20
-6.683368088756651
 10
-49.02701915690045
 20
-6.623214788301993
 10
-49.02701915690045
 20
-6.587240146684052
 10
-50.22701915690118
 20
-6.587240146684052
 10
-50.39168949832742
 20
-6.730068935965391
 10
-53.82701915690336
 20
-6.610104530453099
 10
-53.82701915690336
 20
6.235624237086085
  0
LINE
  5
246
330
23F
100
AcDbEntity
  8
xian
 62
    18
420
        0
370
     0
100
AcDbLine
 10
-4.566568703922484
 20
-9.33575499816834
 30
0.0
 11
4.912530389617359
 21
-9.33575499816834
 31
0.0
  0
LINE
  5
247
330
23F
100
AcDbEntity
  8
xian
 62
    18
420
        0
370
     0
100
AcDbLine
 10
49.22027216404535
 20
6.30278955207541
 30
0.0
 11
46.37988280615468
 21
6.400388119902345
 31
0.0
  0
LINE
  5
248
330
23F
100
AcDbEntity
  8
xian
 62
    18
420
        0
370
     0
100
AcDbLine
 10
54.17512768659367
 20
6.132535850290878
 30
0.0
 11
50.74038789948758
 21
6.250556882536329
 31
0.0
  0
LINE
  5
249
330
23F
100
AcDbEntity
  8
xian
 62
    18
420
        0
370
     0
100
AcDbLine
 10
50.73941337604196
 20
-6.623536753337248
 30
0.0
 11
54.17614163758412
 21
-6.505475636036862
 31
0.0
  0
LINE
  5
24A
330
23F
100
AcDbEntity
  8
xian
 62
    18
420
        0
370
     0
100
AcDbLine
 10
46.37938457076529
 20
-6.773315797110626
 30
0.0
 11
49.2193020784573
 21
-6.675756779095536
 31
0.0
  0
LINE
  5
24B
330
23F
100
AcDbEntity
  8
xian
 62
    18
420
        0
370
     0
100
AcDbLine
 10
-48.87430892003681
 20
-6.676990778840263
 30
0.0
 11
-46.03378986468737
 21
-6.774588745687651
 31
0.0
  0
LINE
  5
24C
330
23F
100
AcDbEntity
  8
xian
 62
    18
420
        0
370
     0
100
AcDbLine
 10
-53.82917532034184
 20
-6.506745525332007
 30
0.0
 11
-50.3944132448712
 21
-6.624761207902338
 31
0.0
  0
LINE
  5
24D
330
23F
100
AcDbEntity
  8
xian
 62
    18
420
        0
370
     0
100
AcDbLine
 10
-50.39461035530326
 20
6.25027414197757
 30
0.0
 11
-53.83018404997051
 21
6.132230572819025
 31
0.0
  0
LINE
  5
24E
330
23F
100
AcDbEntity
  8
xian
 62
    18
420
        0
370
     0
100
AcDbLine
 10
-46.03378986468737
 20
6.400108452320637
 30
0.0
 11
-48.87336955838396
 21
6.302542761188306
 31
0.0
  0
LINE
  5
24F
330
23F
100
AcDbEntity
  8
xian
 62
    18
420
        0
370
     0
100
AcDbLine
 10
-50.22701915690118
 20
-6.587240146684052
 30
0.0
 11
-49.02701915690045
 21
-6.587240146684052
 31
0.0
  0
LINE
  5
250
330
23F
100
AcDbEntity
  8
xian
 62
    18
420
        0
370
     0
100
AcDbLine
 10
49.37298084252984
 20
-6.587240146684052
 30
0.0
 11
50.57298084252693
 21
-6.587240146684052
 31
0.0
  0
LINE
  5
251
330
23F
100
AcDbEntity
  8
xian
 62
    18
420
        0
370
     0
100
AcDbLine
 10
-49.02701915690045
 20
6.212759853317038
 30
0.0
 11
-50.22701915690118
 21
6.212759853317038
 31
0.0
  0
LINE
  5
252
330
23F
100
AcDbEntity
  8
xian
 62
    18
420
        0
370
     0
100
AcDbLine
 10
50.57298084252693
 20
6.212759853317038
 30
0.0
 11
49.37298084252984
 21
6.212759853317038
 31
0.0
  0
LINE
  5
253
330
23F
100
AcDbEntity
  8
xian
 62
    18
420
        0
370
     0
100
AcDbLine
 10
7.629057288492958
 20
8.961274704801326
 30
0.0
 11
-7.283095602867206
 21
8.961274704801326
 31
0.0
  0
SPLINE
  5
254
330
23F
100
AcDbEntity
  8
xian
 62
    18
420
        0
370
     0
100
AcDbSpline
210
0.0
220
0.0
230
1.0
 70
     8
 71
     3
 72
    10
 73
     6
 74
     0
 42
0.00000001
 43
0.0000000001
 40
0.0
 40
0.0
 40
0.0
 40
0.0
 40
0.5
 40
0.5
 40
1.0
 40
1.0
 40
1.0
 40
1.0
 10
20.10107302246911
 20
-6.054332052101017
 30
0.0
 10
20.00964367946222
 20
-5.881646892154094
 30
0.0
 10
19.90491575513738
 20
-5.69132250538496
 30
0.0
 10
19.67294394846908
 20
-5.280559843591618
 30
0.0
 10
19.55064065113697
 20
-5.0685087603797
 30
0.0
 10
19.42314689771524
 20
-4.850013547154958
 30
0.0
  0
SPLINE
  5
255
330
23F
100
AcDbEntity
  8
xian
 62
    18
420
        0
370
     0
100
AcDbSpline
210
0.0
220
0.0
230
1.0
 70
     8
 71
     3
 72
     8
 73
     4
 74
     0
 42
0.00000001
 43
0.0000000001
 40
0.0
 40
0.0
 40
0.0
 40
0.0
 40
1.0
 40
1.0
 40
1.0
 40
1.0
 10
19.42315420357704
 20
-4.850009351788685
 30
0.0
 10
19.46166009020749
 20
-4.82672420077688
 30
0.0
 10
19.49984893652731
 20
-4.801095713413815
 30
0.0
 10
19.52539067097973
 20
-4.781398585415445
 30
0.0
  0
SPLINE
  5
256
330
23F
100
AcDbEntity
  8
xian
 62
    18
420
        0
370
     0
100
AcDbSpline
210
0.0
220
0.0
230
1.0
 70
     8
 71
     3
 72
    12
 73
     8
 74
     0
 42
0.00000001
 43
0.0000000001
 40
0.0
 40
0.0
 40
0.0
 40
0.0
 40
0.25
 40
0.25
 40
0.5
 40
0.5
 40
1.0
 40
1.0
 40
1.0
 40
1.0
 10
19.52553337554786
 20
-4.781330953175711
 30
0.0
 10
19.59016362012267
 20
-4.887555791587146
 30
0.0
 10
19.65455473465704
 20
-4.994410137122031
 30
0.0
 10
19.77942231787096
 20
-5.203334095849641
 30
0.0
 10
19.84050427752959
 20
-5.306390628751614
 30
0.0
 10
20.01884117524901
 20
-5.611249717218015
 30
0.0
 10
20.12636532896363
 20
-5.800349473996902
 30
0.0
 10
20.22068466171481
 20
-5.972847689021364
 30
0.0
  0
ARC
  5
257
330
23F
100
AcDbEntity
  8
xian
 62
    18
420
        0
370
     0
100
AcDbCircle
 10
20.03258946464416
 20
-5.82527272412517
 30
0.0
 40
0.2390777560249424
100
AcDbArc
 50
286.6454751808253
 51
321.8831227242648
  0
SPLINE
  5
258
330
23F
100
AcDbEntity
  8
xian
 62
    18
420
        0
370
     0
100
AcDbSpline
210
0.0
220
0.0
230
1.0
 70
     8
 71
     3
 72
    11
 73
     7
 74
     0
 42
0.00000001
 43
0.0000000001
 40
0.0
 40
0.0
 40
0.0
 40
0.0
 40
0.000097910166361
 40
0.000097910166361
 40
0.000097910166361
 40
0.0000979701663609
 40
0.0000979701663609
 40
0.0000979701663609
 40
0.0000979701663609
 10
20.22068466171481
 20
-5.972847689021364
 30
0.0
 10
20.23043750212605
 20
-5.990684409372988
 30
0.0
 10
20.23975142963468
 20
-6.008630622438431
 30
0.0
 10
20.24859503331686
 20
-6.026670932902561
 30
0.0
 10
20.24860045273749
 20
-6.026681988125346
 30
0.0
 10
20.24860587192529
 20
-6.026693043451814
 30
0.0
 10
20.24861129104761
 20
-6.026704098678237
 30
0.0
  0
LINE
  5
259
330
23F
100
AcDbEntity
  8
xian
 62
    18
420
        0
370
     0
100
AcDbLine
 10
19.52546202326198
 20
-4.781364769294668
 30
0.0
 11
19.78779960191173
 21
-4.657034633311923
 31
0.0
  0
SPLINE
  5
25A
330
23F
100
AcDbEntity
  8
xian
 62
    18
420
        0
370
     0
100
AcDbSpline
210
0.0
220
0.0
230
1.0
 70
     8
 71
     3
 72
    11
 73
     7
 74
     0
 42
0.00000001
 43
0.0000000001
 40
0.0
 40
0.0
 40
0.0
 40
0.0
 40
0.0000495502779972
 40
0.0000495502779972
 40
0.0000495502779972
 40
0.0000496102779967
 40
0.0000496102779967
 40
0.0000496102779967
 40
0.0000496102779967
 10
19.80776516173796
 20
-4.691320099289441
 30
0.0
 10
19.80120115164686
 20
-4.679854346308275
 30
0.0
 10
19.79452517086906
 20
-4.668452147852804
 30
0.0
 10
19.78774305675983
 20
-4.657114294881466
 30
0.0
 10
19.78773484435737
 20
-4.657100565973451
 30
0.0
 10
19.78772663164204
 20
-4.65708683725461
 30
0.0
 10
19.78771841908315
 20
-4.657073108439362
 30
0.0
  0
SPLINE
  5
25B
330
23F
100
AcDbEntity
  8
xian
 62
    18
420
        0
370
     0
100
AcDbSpline
210
0.0
220
0.0
230
1.0
 70
     8
 71
     3
 72
    10
 73
     6
 74
     0
 42
0.00000001
 43
0.0000000001
 40
0.0
 40
0.0
 40
0.0
 40
0.0
 40
0.5
 40
0.5
 40
1.0
 40
1.0
 40
1.0
 40
1.0
 10
20.43721690852112
 20
-5.793705910144126
 30
0.0
 10
20.34907684920768
 20
-5.638773248047073
 30
0.0
 10
20.2501458184081
 20
-5.465194075859471
 30
0.0
 10
20.03486451794675
 20
-5.08810615157563
 30
0.0
 10
19.92203021596947
 20
-4.890913772665953
 30
0.0
 10
19.80776516173796
 20
-4.691320099289441
 30
0.0
  0
LINE
  5
25C
330
23F
100
AcDbEntity
  8
xian
 62
    18
420
        0
370
     0
100
AcDbLine
 10
20.24860552432733
 20
-6.026711222722951
 30
0.0
 11
20.43721442397077
 21
-5.793708979494113
 31
0.0
  0
LINE
  5
25D
330
23F
100
AcDbEntity
  8
xian
 62
    18
420
        0
370
     0
100
AcDbLine
 10
-19.44183791622049
 20
-4.657034633311923
 30
0.0
 11
-19.17950033757438
 21
-4.781364769294668
 31
0.0
  0
SPLINE
  5
25E
330
23F
100
AcDbEntity
  8
xian
 62
    18
420
        0
370
     0
100
AcDbSpline
210
0.0
220
0.0
230
1.0
 70
     8
 71
     3
 72
    10
 73
     6
 74
     0
 42
0.00000001
 43
0.0000000001
 40
0.0
 40
0.0
 40
0.0
 40
0.0
 40
0.5
 40
0.5
 40
1.0
 40
1.0
 40
1.0
 40
1.0
 10
-19.87472297602358
 20
-5.972847689019545
 30
0.0
 10
-19.78079202192452
 20
-5.801059769773928
 30
0.0
 10
-19.6722502572527
 20
-5.610179828339823
 30
0.0
 10
-19.43608883240154
 20
-5.206460748871904
 30
0.0
 10
-19.30861902664105
 20
-4.993430299997271
 30
0.0
 10
-19.17957168985663
 20
-4.781330953175711
 30
0.0
  0
SPLINE
  5
25F
330
23F
100
AcDbEntity
  8
xian
 62
    18
420
        0
370
     0
100
AcDbSpline
210
0.0
220
0.0
230
1.0
 70
     8
 71
     3
 72
    11
 73
     7
 74
     0
 42
0.00000001
 43
0.0000000001
 40
-0.0000000600000001
 40
-0.0000000600000001
 40
-0.0000000600000001
 40
-0.0000000600000001
 40
0.0
 40
0.0
 40
0.0
 40
0.0000979101663614
 40
0.0000979101663614
 40
0.0000979101663614
 40
0.0000979101663614
 10
-19.90264960535637
 20
-6.026704098678237
 30
0.0
 10
-19.90264418623405
 20
-6.026693043451814
 30
0.0
 10
-19.90263876704625
 20
-6.026681988125346
 30
0.0
 10
-19.90263334762562
 20
-6.026670932902561
 30
0.0
 10
-19.89378974394344
 20
-6.008630622438431
 30
0.0
 10
-19.88447581643481
 20
-5.990684409372988
 30
0.0
 10
-19.87472297602358
 20
-5.972847689019545
 30
0.0
  0
LINE
  5
260
330
23F
100
AcDbEntity
  8
xian
 62
    18
420
        0
370
     0
100
AcDbLine
 10
-20.09125273827954
 20
-5.793708979492294
 30
0.0
 11
-19.90264383863973
 21
-6.026711222722951
 31
0.0
  0
SPLINE
  5
261
330
23F
100
AcDbEntity
  8
xian
 62
    18
420
        0
370
     0
100
AcDbSpline
210
0.0
220
0.0
230
1.0
 70
     8
 71
     3
 72
    10
 73
     6
 74
     0
 42
0.00000001
 43
0.0000000001
 40
0.0
 40
0.0
 40
0.0
 40
0.0
 40
0.5
 40
0.5
 40
1.0
 40
1.0
 40
1.0
 40
1.0
 10
-19.46180347604672
 20
-4.691320099289441
 30
0.0
 10
-19.57614158431965
 20
-4.891041380575188
 30
0.0
 10
-19.68901324591275
 20
-5.088298364311413
 30
0.0
 10
-19.90440754188307
 20
-5.465586590875318
 30
0.0
 10
-20.00324851739492
 20
-5.639007660693096
 30
0.0
 10
-20.09125522283353
 20
-5.793705910144126
 30
0.0
  0
SPLINE
  5
262
330
23F
100
AcDbEntity
  8
xian
 62
    18
420
        0
370
     0
100
AcDbSpline
210
0.0
220
0.0
230
1.0
 70
     8
 71
     3
 72
    11
 73
     7
 74
     0
 42
0.00000001
 43
0.0000000001
 40
-0.0000000599999999
 40
-0.0000000599999999
 40
-0.0000000599999999
 40
-0.0000000599999999
 40
0.0
 40
0.0
 40
0.0
 40
0.000049550277997
 40
0.000049550277997
 40
0.000049550277997
 40
0.000049550277997
 10
-19.44175673339191
 20
-4.657073108439362
 30
0.0
 10
-19.44176494595081
 20
-4.65708683725461
 30
0.0
 10
-19.44177315866614
 20
-4.657100565973451
 30
0.0
 10
-19.4417813710686
 20
-4.657114294881466
 30
0.0
 10
-19.44856348517783
 20
-4.668452147852804
 30
0.0
 10
-19.45523946595563
 20
-4.679854346308275
 30
0.0
 10
-19.46180347604672
 20
-4.691320099289441
 30
0.0
  0
SPLINE
  5
263
330
23F
100
AcDbEntity
  8
xian
 62
    18
420
        0
370
     0
100
AcDbSpline
210
0.0
220
0.0
230
1.0
 70
     8
 71
     3
 72
    10
 73
     6
 74
     0
 42
0.00000001
 43
0.0000000001
 40
0.0
 40
0.0
 40
0.0
 40
0.0
 40
0.5
 40
0.5
 40
1.0
 40
1.0
 40
1.0
 40
1.0
 10
-19.0779436483433
 20
-4.85131254274529
 30
0.0
 10
-19.20499746629571
 20
-5.068788811668127
 30
0.0
 10
-19.32844582968096
 20
-5.283135279189082
 30
0.0
 10
-19.55858819240961
 20
-5.690690874687788
 30
0.0
 10
-19.66414975528528
 20
-5.882530366430728
 30
0.0
 10
-19.75511133677787
 20
-6.054332052101017
 30
0.0
  0
ARC
  5
264
330
23F
100
AcDbEntity
  8
xian
 62
    18
420
        0
370
     0
100
AcDbCircle
 10
-19.68662777895292
 20
-5.825272724128808
 30
0.0
 40
0.2390777560210405
100
AcDbArc
 50
218.1168772750679
 51
253.3545248190101
  0
SPLINE
  5
265
330
23F
100
AcDbEntity
  8
xian
 62
    18
420
        0
370
     0
100
AcDbSpline
210
0.0
220
0.0
230
1.0
 70
     8
 71
     3
 72
     8
 73
     4
 74
     0
 42
0.00000001
 43
0.0000000001
 40
0.0
 40
0.0
 40
0.0
 40
0.0
 40
1.0
 40
1.0
 40
1.0
 40
1.0
 10
-19.0779436483433
 20
-4.85131254274529
 30
0.0
 10
-19.11623969569041
 20
-4.827521149525637
 30
0.0
 10
-19.15421792934353
 20
-4.801369143438932
 30
0.0
 10
-19.17957168985663
 20
-4.781330953175711
 30
0.0
  0
SPLINE
  5
266
330
23F
100
AcDbEntity
  8
xian
 62
    18
420
        0
370
     0
100
AcDbSpline
210
0.0
220
0.0
230
1.0
 70
     8
 71
     3
 72
    11
 73
     7
 74
     0
 42
0.00000001
 43
0.0000000001
 40
-0.000000000512513
 40
-0.000000000512513
 40
-0.000000000512513
 40
-0.000000000512513
 40
1.0
 40
1.0
 40
1.0
 40
1.000063861402062
 40
1.000063861402062
 40
1.000063861402062
 40
1.000063861402062
 10
-2.368800844695897
 20
-0.4138129914572346
 30
0.0
 10
-2.36880084112704
 20
-0.2564577733046462
 30
0.0
 10
-2.426657453030884
 20
-0.1156508199619566
 30
0.0
 10
-2.536810509362794
 20
-0.003591722172132
 30
0.0
 10
-2.536817543893221
 20
-0.0035845659203915
 30
0.0
 10
-2.536824578420009
 20
-0.0035774096704699
 30
0.0
 10
-2.536831612950436
 20
-0.0035702534187294
 30
0.0
  0
SPLINE
  5
267
330
23F
100
AcDbEntity
  8
xian
 62
    18
420
        0
370
     0
100
AcDbSpline
210
0.0
220
0.0
230
1.0
 70
     8
 71
     3
 72
     8
 73
     4
 74
     0
 42
0.00000001
 43
0.0000000001
 40
-0.0000000004702114
 40
-0.0000000004702114
 40
-0.0000000004702114
 40
-0.0000000004702114
 40
1.0
 40
1.0
 40
1.0
 40
1.0
 10
-2.539746514154785
 20
-0.8284066724263539
 30
0.0
 10
-2.426987956162292
 20
-0.7161301312535216
 30
0.0
 10
-2.368800840210269
 20
-0.5734487739173347
 30
0.0
 10
-2.368800844695897
 20
-0.4138129914663296
 30
0.0
  0
SPLINE
  5
268
330
23F
100
AcDbEntity
  8
xian
 62
    18
420
        0
370
     0
100
AcDbSpline
210
0.0
220
0.0
230
1.0
 70
     8
 71
     3
 72
     8
 73
     4
 74
     0
 42
0.00000001
 43
0.0000000001
 40
-0.000000000581244
 40
-0.000000000581244
 40
-0.000000000581244
 40
-0.000000000581244
 40
0.9999470507207984
 40
0.9999470507207984
 40
0.9999470507207984
 40
0.9999470507207984
 10
-2.955754114079127
 20
-0.9993291229893657
 30
0.0
 10
-2.7954176806968
 20
-0.9993291271784983
 30
0.0
 10
-2.652372895886173
 20
-0.9410232795798947
 30
0.0
 10
-2.539746505900211
 20
-0.8284066867781803
 30
0.0
  0
SPLINE
  5
269
330
23F
100
AcDbEntity
  8
xian
 62
    18
420
        0
370
     0
100
AcDbSpline
210
0.0
220
0.0
230
1.0
 70
     8
 71
     3
 72
    11
 73
     7
 74
     0
 42
0.00000001
 43
0.0000000001
 40
-0.0004234937182064
 40
-0.0004234937182064
 40
-0.0004234937182064
 40
-0.0004234937182064
 40
0.0
 40
0.0
 40
0.0
 40
1.0
 40
1.0
 40
1.0
 40
1.0
 10
-3.201706039334339
 20
-0.9454512419779348
 30
0.0
 10
-3.201673622149201
 20
-0.9454665202702017
 30
0.0
 10
-3.201641204964062
 20
-0.9454817985624686
 30
0.0
 10
-3.201608787775285
 20
-0.9454970768547354
 30
0.0
 10
-3.125061758485344
 20
-0.9815738630550185
 30
0.0
 10
-3.041947099493654
 20
-0.9993291238261008
 30
0.0
 10
-2.955754114086403
 20
-0.9993291229893657
 30
0.0
  0
SPLINE
  5
26A
330
23F
100
AcDbEntity
  8
xian
 62
    18
420
        0
370
     0
100
AcDbSpline
210
0.0
220
0.0
230
1.0
 70
     8
 71
     3
 72
    17
 73
    13
 74
     0
 42
0.00000001
 43
0.0000000001
 40
-0.0396547934080276
 40
-0.0396547934080276
 40
-0.0396547934080276
 40
-0.0396547934080276
 40
-0.01
 40
-0.01
 40
-0.01
 40
0.0
 40
0.0
 40
0.0
 40
1.0
 40
1.0
 40
1.0
 40
1.000363027550063
 40
1.000363027550063
 40
1.000363027550063
 40
1.000363027550063
 10
-3.45774079366015
 20
-0.6518045597131277
 30
0.0
 10
-3.456687986520364
 20
-0.6555551345409186
 30
0.0
 10
-3.455635179380578
 20
-0.6593057093668904
 30
0.0
 10
-3.454582372237155
 20
-0.6630562841946813
 30
0.0
 10
-3.454227351340477
 20
-0.6643210290803836
 30
0.0
 10
-3.453872330440162
 20
-0.665585773964267
 30
0.0
 10
-3.453517309543485
 20
-0.6668505188481504
 30
0.0
 10
-3.418015219653852
 20
-0.7933250073165255
 30
0.0
 10
-3.290273838582606
 20
-0.9017250331617105
 30
0.0
 10
-3.201802392054332
 20
-0.945403672329121
 30
0.0
 10
-3.201770274482214
 20
-0.9454195288781193
 30
0.0
 10
-3.201738156906458
 20
-0.9454353854289365
 30
0.0
 10
-3.201706039334339
 20
-0.9454512419779348
 30
0.0
  0
LINE
  5
26B
330
23F
100
AcDbEntity
  8
xian
 62
    18
420
        0
370
     0
100
AcDbLine
 10
-3.282276901770046
 20
-0.6520061514838745
 30
0.0
 11
-3.45774079366015
 21
-0.6518045597149467
 31
0.0
  0
SPLINE
  5
26C
330
23F
100
AcDbEntity
  8
xian
 62
    18
420
        0
370
     0
100
AcDbSpline
210
0.0
220
0.0
230
1.0
 70
     8
 71
     3
 72
    11
 73
     7
 74
     0
 42
0.00000001
 43
0.0000000001
 40
0.0
 40
0.0
 40
0.0
 40
0.0
 40
1.0
 40
1.0
 40
1.0
 40
1.013996831370242
 40
1.013996831370242
 40
1.013996831370242
 40
1.013996831370242
 10
-2.958628169585381
 20
-0.826768270413595
 30
0.0
 10
-3.088582269287826
 20
-0.8267789233432267
 30
0.0
 10
-3.194303303342849
 20
-0.7683057541380549
 30
0.0
 10
-3.278731711205864
 20
-0.656692833184934
 30
0.0
 10
-3.279913441395137
 20
-0.6551306059500348
 30
0.0
 10
-3.281095171584411
 20
-0.6535683787169547
 30
0.0
 10
-3.282276901770046
 20
-0.6520061514838745
 30
0.0
  0
SPLINE
  5
26D
330
23F
100
AcDbEntity
  8
xian
 62
    18
420
        0
370
     0
100
AcDbSpline
210
0.0
220
0.0
230
1.0
 70
     8
 71
     3
 72
    11
 73
     7
 74
     0
 42
0.00000001
 43
0.0000000001
 40
-0.000158579183269
 40
-0.000158579183269
 40
-0.000158579183269
 40
-0.000158579183269
 40
0.0
 40
0.0
 40
0.0
 40
1.00000286289986
 40
1.00000286289986
 40
1.00000286289986
 40
1.00000286289986
 10
-2.668555519984465
 20
-0.7075221014765703
 30
0.0
 10
-2.668567847079202
 20
-0.7075346503334004
 30
0.0
 10
-2.668580174173939
 20
-0.7075471991902305
 30
0.0
 10
-2.668592501268676
 20
-0.7075597480452416
 30
0.0
 10
-2.746327136352874
 20
-0.7866928083894891
 30
0.0
 10
-2.845689706002985
 20
-0.8267682754212728
 30
0.0
 10
-2.95862720117725
 20
-0.8267682703735772
 30
0.0
  0
SPLINE
  5
26E
330
23F
100
AcDbEntity
  8
xian
 62
    18
420
        0
370
     0
100
AcDbSpline
210
0.0
220
0.0
230
1.0
 70
     8
 71
     3
 72
    11
 73
     7
 74
     0
 42
0.00000001
 43
0.0000000001
 40
0.0
 40
0.0
 40
0.0
 40
0.0
 40
1.0
 40
1.0
 40
1.0
 40
1.000158913359121
 40
1.000158913359121
 40
1.000158913359121
 40
1.000158913359121
 10
-2.551418106548908
 20
-0.4138129914717866
 30
0.0
 10
-2.551418100619002
 20
-0.5283463161413238
 30
0.0
 10
-2.59024548143202
 20
-0.6292131194877584
 30
0.0
 10
-2.668518204242673
 20
-0.7074847862422758
 30
0.0
 10
-2.668530642826908
 20
-0.7074972246555263
 30
0.0
 10
-2.668543081407506
 20
-0.7075096630687768
 30
0.0
 10
-2.668555519988103
 20
-0.7075221014820272
 30
0.0
  0
SPLINE
  5
26F
330
23F
100
AcDbEntity
  8
xian
 62
    18
420
        0
370
     0
100
AcDbSpline
210
0.0
220
0.0
230
1.0
 70
     8
 71
     3
 72
     8
 73
     4
 74
     0
 42
0.00000001
 43
0.0000000001
 40
0.0000627010851299
 40
0.0000627010851299
 40
0.0000627010851299
 40
0.0000627010851299
 40
1.000000001988094
 40
1.000000001988094
 40
1.000000001988094
 40
1.000000001988094
 10
-2.681901733759104
 20
-0.1139254031222663
 30
0.0
 10
-2.595318333563
 20
-0.1920941704393044
 30
0.0
 10
-2.551418100993714
 20
-0.2950150749566092
 30
0.0
 10
-2.551418106548908
 20
-0.4138129914481397
 30
0.0
  0
SPLINE
  5
270
330
23F
100
AcDbEntity
  8
xian
 62
    18
420
        0
370
     0
100
AcDbSpline
210
0.0
220
0.0
230
1.0
 70
     8
 71
     3
 72
     8
 73
     4
 74
     0
 42
0.00000001
 43
0.0000000001
 40
-0.0000000015813002
 40
-0.0000000015813002
 40
-0.0000000015813002
 40
-0.0000000015813002
 40
0.9999303448195291
 40
0.9999303448195291
 40
0.9999303448195291
 40
0.9999303448195291
 10
-2.946416277329944
 20
-0.0044481575787358
 30
0.0
 10
-2.849440302816901
 20
-0.0044481616205303
 30
0.0
 10
-2.759861370294629
 20
-0.0440773936661572
 30
0.0
 10
-2.681901733595395
 20
-0.1139254029403673
 30
0.0
  0
SPLINE
  5
271
330
23F
100
AcDbEntity
  8
xian
 62
    18
420
        0
370
     0
100
AcDbSpline
210
0.0
220
0.0
230
1.0
 70
     8
 71
     3
 72
     8
 73
     4
 74
     0
 42
0.00000001
 43
0.0000000001
 40
0.0001027130628943
 40
0.0001027130628943
 40
0.0001027130628943
 40
0.0001027130628943
 40
1.0
 40
1.0
 40
1.0
 40
1.0
 10
-3.163672138253559
 20
-0.0860431952660292
 30
0.0
 10
-3.100655542425329
 20
-0.0326928244012379
 30
0.0
 10
-3.027002809537179
 20
-0.0044481568966148
 30
0.0
 10
-2.946416277366324
 20
-0.0044481575787358
 30
0.0
  0
SPLINE
  5
272
330
23F
100
AcDbEntity
  8
xian
 62
    18
420
        0
370
     0
100
AcDbSpline
210
0.0
220
0.0
230
1.0
 70
     8
 71
     3
 72
     8
 73
     4
 74
     0
 42
0.00000001
 43
0.0000000001
 40
0.0537534391188614
 40
0.0537534391188614
 40
0.0537534391188614
 40
0.0537534391188614
 40
0.9998989583958225
 40
0.9998989583958225
 40
0.9998989583958225
 40
0.9998989583958225
 10
-3.26996737290824
 20
-0.2743755842875544
 30
0.0
 10
-3.259289463400591
 20
-0.1987430387034692
 30
0.0
 10
-3.224078628766392
 20
-0.1376449906856578
 30
0.0
 10
-3.163672138253559
 20
-0.0860431952660292
 30
0.0
  0
LINE
  5
273
330
23F
100
AcDbEntity
  8
xian
 62
    18
420
        0
370
     0
100
AcDbLine
 10
-2.994462713810889
 20
-0.2743755842857354
 30
0.0
 11
-3.26996737290824
 21
-0.2743755842857354
 31
0.0
  0
LINE
  5
274
330
23F
100
AcDbEntity
  8
xian
 62
    18
420
        0
370
     0
100
AcDbLine
 10
-2.994462713810889
 20
-0.44621786060452
 30
0.0
 11
-2.994462713810889
 21
-0.2743755842857354
 31
0.0
  0
LINE
  5
275
330
23F
100
AcDbEntity
  8
xian
 62
    18
420
        0
370
     0
100
AcDbLine
 10
-3.467283675993485
 20
-0.44621786060452
 30
0.0
 11
-2.994462713810889
 21
-0.44621786060452
 31
0.0
  0
LINE
  5
276
330
23F
100
AcDbEntity
  8
xian
 62
    18
420
        0
370
     0
100
AcDbLine
 10
-3.467283675993485
 20
-0.4023194255369163
 30
0.0
 11
-3.467283675993485
 21
-0.44621786060452
 31
0.0
  0
SPLINE
  5
277
330
23F
100
AcDbEntity
  8
xian
 62
    18
420
        0
370
     0
100
AcDbSpline
210
0.0
220
0.0
230
1.0
 70
     8
 71
     3
 72
    11
 73
     7
 74
     0
 42
0.00000001
 43
0.0000000001
 40
-0.0004229631807364
 40
-0.0004229631807364
 40
-0.0004229631807364
 40
-0.0004229631807364
 40
0.0
 40
0.0
 40
0.0
 40
1.0
 40
1.0
 40
1.0
 40
1.0
 10
-3.437497833107727
 20
-0.1788966743224591
 30
0.0
 10
-3.437506694125431
 20
-0.1789256469983229
 30
0.0
 10
-3.437515555143136
 20
-0.1789546196760057
 30
0.0
 10
-3.437524416164478
 20
-0.1789835923536884
 30
0.0
 10
-3.458474273852289
 20
-0.2474828813701606
 30
0.0
 10
-3.467283680562786
 20
-0.3232095063358429
 30
0.0
 10
-3.467283675884345
 20
-0.4023194255350973
 30
0.0
  0
SPLINE
  5
278
330
23F
100
AcDbEntity
  8
xian
 62
    18
420
        0
370
     0
100
AcDbSpline
210
0.0
220
0.0
230
1.0
 70
     8
 71
     3
 72
    14
 73
    10
 74
     0
 42
0.00000001
 43
0.0000000001
 40
-0.0001457218613158
 40
-0.0001457218613158
 40
-0.0001457218613158
 40
-0.0001457218613158
 40
0.0
 40
0.0
 40
0.0
 40
1.0
 40
1.0
 40
1.0
 40
1.000467759022988
 40
1.000467759022988
 40
1.000467759022988
 40
1.000467759022988
 10
-3.339036388323393
 20
-0.009612087307687
 30
0.0
 10
-3.339042894011754
 20
-0.0096194838370138
 30
0.0
 10
-3.339049399700115
 20
-0.0096268803663406
 30
0.0
 10
-3.339055905392115
 20
-0.0096342768956674
 30
0.0
 10
-3.383700472838199
 20
-0.0603921335532505
 30
0.0
 10
-3.41757684757681
 20
-0.1171690331993886
 30
0.0
 10
-3.437469917615771
 20
-0.1788101747206383
 30
0.0
 10
-3.437479222779757
 20
-0.1788390079200326
 30
0.0
 10
-3.437488527943742
 20
-0.1788678411194269
 30
0.0
 10
-3.437497833104089
 20
-0.1788966743206402
 30
0.0
  0
SPLINE
  5
279
330
23F
100
AcDbEntity
  8
xian
 62
    18
420
        0
370
     0
100
AcDbSpline
210
0.0
220
0.0
230
1.0
 70
     8
 71
     3
 72
    11
 73
     7
 74
     0
 42
0.00000001
 43
0.0000000001
 40
-0.0000000008508494
 40
-0.0000000008508494
 40
-0.0000000008508494
 40
-0.0000000008508494
 40
1.0
 40
1.0
 40
1.0
 40
1.000063310993602
 40
1.000063310993602
 40
1.000063310993602
 40
1.000063310993602
 10
-2.940668885309378
 20
0.1666755425721931
 30
0.0
 10
-3.097945692007442
 20
0.1666755484402529
 30
0.0
 10
-3.235678491310636
 20
0.1067217716536106
 30
0.0
 10
-3.339016760980257
 20
-0.0095899958705559
 30
0.0
 10
-3.339023303430394
 20
-0.0095973596853582
 30
0.0
 10
-3.339029845876893
 20
-0.0096047234983416
 30
0.0
 10
-3.339036388327031
 20
-0.009612087311325
 30
0.0
  0
SPLINE
  5
27A
330
23F
100
AcDbEntity
  8
xian
 62
    18
420
        0
370
     0
100
AcDbSpline
210
0.0
220
0.0
230
1.0
 70
     8
 71
     3
 72
     8
 73
     4
 74
     0
 42
0.00000001
 43
0.0000000001
 40
-0.0000000000146019
 40
-0.0000000000146019
 40
-0.0000000000146019
 40
-0.0000000000146019
 40
1.0
 40
1.0
 40
1.0
 40
1.0
 10
-2.536831632348139
 20
-0.0035702724871953
 30
0.0
 10
-2.646792432643223
 20
0.1078162309258914
 30
0.0
 10
-2.785438693303831
 20
0.1666755463302252
 30
0.0
 10
-2.940668885298464
 20
0.1666755425721931
 30
0.0
  0
LINE
  5
27B
330
23F
100
AcDbEntity
  8
xian
 62
    18
420
        0
370
     0
100
AcDbLine
 10
-2.681901733762742
 20
-0.1139254031240853
 30
0.0
 11
-2.689814183468797
 21
-0.1227207581068797
 31
0.0
  0
SPLINE
  5
27C
330
23F
100
AcDbEntity
  8
xian
 62
    18
420
        0
370
     0
100
AcDbSpline
210
0.0
220
0.0
230
1.0
 70
     8
 71
     3
 72
     8
 73
     4
 74
     0
 42
0.00000001
 43
0.0000000001
 40
-0.0000000035038108
 40
-0.0000000035038108
 40
-0.0000000035038108
 40
-0.0000000035038108
 40
0.9998611421456278
 40
0.9998611421456278
 40
0.9998611421456278
 40
0.9998611421456278
 10
-2.946416277315393
 20
-0.0162788245997945
 30
0.0
 10
-2.852722759966809
 20
-0.0162788288853335
 30
0.0
 10
-2.766141083328648
 20
-0.0543410403242888
 30
0.0
 10
-2.689812163979468
 20
-0.1227225750280922
 30
0.0
  0
LINE
  5
27D
330
23F
100
AcDbEntity
  8
xian
 62
    18
420
        0
370
     0
100
AcDbLine
 10
-2.94641627778833
 20
-0.0044481575787358
 30
0.0
 11
-2.946416278301285
 21
-0.0162788245997945
 31
0.0
  0
LINE
  5
27E
330
23F
100
AcDbEntity
  8
xian
 62
    18
420
        0
370
     0
100
AcDbLine
 10
-2.551418106548908
 20
-0.4138129921575456
 30
0.0
 11
-2.563248773571785
 21
-0.4138129914827005
 31
0.0
  0
SPLINE
  5
27F
330
23F
100
AcDbEntity
  8
xian
 62
    18
420
        0
370
     0
100
AcDbSpline
210
0.0
220
0.0
230
1.0
 70
     8
 71
     3
 72
     8
 73
     4
 74
     0
 42
0.00000001
 43
0.0000000001
 40
0.0001240834042491
 40
0.0001240834042491
 40
0.0001240834042491
 40
0.0001240834042491
 40
1.000000004355934
 40
1.000000004355934
 40
1.000000004355934
 40
1.000000004355934
 10
-2.689814183468797
 20
-0.1227207581068797
 30
0.0
 10
-2.605638127971133
 20
-0.1987235468277504
 30
0.0
 10
-2.563248769078882
 20
-0.2979318736324785
 30
0.0
 10
-2.563248773571785
 20
-0.4138129914354068
 30
0.0
  0
LINE
  5
280
330
23F
100
AcDbEntity
  8
xian
 62
    18
420
        0
370
     0
100
AcDbLine
 10
-2.9406688849092
 20
0.1666755425721931
 30
0.0
 11
-2.940668884461729
 21
0.1785062095932517
 31
0.0
  0
SPLINE
  5
281
330
23F
100
AcDbEntity
  8
xian
 62
    18
420
        0
370
     0
100
AcDbSpline
210
0.0
220
0.0
230
1.0
 70
     8
 71
     3
 72
     8
 73
     4
 74
     0
 42
0.00000001
 43
0.0000000001
 40
0.0000000000200099
 40
0.0000000000200099
 40
0.0000000000200099
 40
0.0000000000200099
 40
1.0
 40
1.0
 40
1.0
 40
1.0
 10
-2.528412379678002
 20
0.004741217551782
 30
0.0
 10
-2.64037314588927
 20
0.1181536182029959
 30
0.0
 10
-2.782470226739633
 20
0.1785062138969806
 30
0.0
 10
-2.940668885294826
 20
0.1785062095932517
 30
0.0
  0
LINE
  5
282
330
23F
100
AcDbEntity
  8
xian
 62
    18
420
        0
370
     0
100
AcDbLine
 10
-2.536831632348139
 20
-0.0035702724871953
 30
0.0
 11
-2.528412379794417
 21
0.0047412174390047
 31
0.0
  0
SPLINE
  5
283
330
23F
100
AcDbEntity
  8
xian
 62
    18
420
        0
370
     0
100
AcDbSpline
210
0.0
220
0.0
230
1.0
 70
     8
 71
     3
 72
     8
 73
     4
 74
     0
 42
0.00000001
 43
0.0000000001
 40
-0.000000000788876
 40
-0.000000000788876
 40
-0.000000000788876
 40
-0.000000000788876
 40
1.0
 40
1.0
 40
1.0
 40
1.0
 10
-2.356970177673019
 20
-0.4138129914535967
 30
0.0
 10
-2.356970173634863
 20
-0.2535911245231546
 30
0.0
 10
-2.416224664812716
 20
-0.1093876676804939
 30
0.0
 10
-2.528373518551916
 20
0.0047017613069329
 30
0.0
  0
LINE
  5
284
330
23F
100
AcDbEntity
  8
xian
 62
    18
420
        0
370
     0
100
AcDbLine
 10
-2.368800844692259
 20
-0.4138129916991602
 30
0.0
 11
-2.356970177673019
 21
-0.4138129914699676
 31
0.0
  0
ELLIPSE
  5
285
330
23F
100
AcDbEntity
  8
xian
 62
    18
420
        0
370
     0
100
AcDbEllipse
 10
21.48125607868428
 20
-4.580076498436028
 30
0.0
 11
2.138464968996686
 21
-1.630380823558766
 31
0.0
210
0.0
220
0.0
230
1.0
 40
0.6500633484118693
 41
4.00636077742615
 42
4.132681756522565
  0
LINE
  5
286
330
23F
100
AcDbEntity
  8
xian
 62
    18
420
        0
370
     0
100
AcDbLine
 10
19.2872965455565
 20
-4.580076498436028
 30
0.0
 11
19.38953301295919
 21
-4.53162337951835
 31
0.0
  0
ELLIPSE
  5
287
330
23F
100
AcDbEntity
  8
xian
 62
    18
420
        0
370
     0
100
AcDbEllipse
 10
21.58349254608697
 20
-4.53162337951835
 30
0.0
 11
2.215764802016338
 21
-1.401891701833619
 31
0.0
210
0.0
220
0.0
230
1.0
 40
0.6326897604643256
 41
3.926990816987477
 42
4.053311796083761
  0
SPLINE
  5
288
330
23F
100
AcDbEntity
  8
xian
 62
    18
420
        0
370
     0
100
AcDbSpline
210
0.0
220
0.0
230
1.0
 70
     8
 71
     3
 72
     8
 73
     4
 74
     0
 42
0.00000001
 43
0.0000000001
 40
0.0
 40
0.0
 40
0.0
 40
0.0
 40
1.0
 40
1.0
 40
1.0
 40
1.0
 10
4.294055407513269
 20
-4.580076498436028
 30
0.0
 10
4.294988975412024
 20
-4.631428565557143
 30
0.0
 10
4.306729927098103
 20
-4.681391787886241
 30
0.0
 10
4.328681484402522
 20
-4.727709748893175
 30
0.0
  0
LINE
  5
289
330
23F
100
AcDbEntity
  8
xian
 62
    18
420
        0
370
     0
100
AcDbLine
 10
4.366596033017458
 20
-4.807709748893103
 30
0.0
 11
4.328681484402522
 21
-4.727709748893175
 31
0.0
  0
SPLINE
  5
28A
330
23F
100
AcDbEntity
  8
xian
 62
    18
420
        0
370
     0
100
AcDbSpline
210
0.0
220
0.0
230
1.0
 70
     8
 71
     3
 72
    10
 73
     6
 74
     0
 42
0.00000001
 43
0.0000000001
 40
0.0
 40
0.0
 40
0.0
 40
0.0
 40
0.5
 40
0.5
 40
1.0
 40
1.0
 40
1.0
 40
1.0
 10
4.366596033017458
 20
-4.807709748893103
 30
0.0
 10
4.395814730279425
 20
-4.86936143317871
 30
0.0
 10
4.442048633168496
 20
-4.921310915136928
 30
0.0
 10
4.555753027564833
 20
-4.993528711089311
 30
0.0
 10
4.623350999211879
 20
-5.013532868590118
 30
0.0
 10
4.691910480250271
 20
-5.013532868590118
 30
0.0
  0
LINE
  5
28B
330
23F
100
AcDbEntity
  8
xian
 62
    18
420
        0
370
     0
100
AcDbLine
 10
4.691910480250271
 20
-5.013532868590118
 30
0.0
 11
18.4185554031967
 21
-5.013532868590118
 31
0.0
  0
SPLINE
  5
28C
330
23F
100
AcDbEntity
  8
xian
 62
    18
420
        0
370
     0
100
AcDbSpline
210
0.0
220
0.0
230
1.0
 70
     8
 71
     3
 72
    10
 73
     6
 74
     0
 42
0.00000001
 43
0.0000000001
 40
0.0
 40
0.0
 40
0.0
 40
0.0
 40
0.5
 40
0.5
 40
1.0
 40
1.0
 40
1.0
 40
1.0
 10
18.4185554031967
 20
-5.013532868590118
 30
0.0
 10
18.5264437832368
 20
-5.013532868590118
 30
0.0
 10
18.63086031928765
 20
-4.962947498908761
 30
0.0
 10
18.7645702909424
 20
-4.798737855799117
 30
0.0
 10
18.79299427023147
 20
-4.685688454730552
 30
0.0
 10
18.77098151131508
 20
-4.580076498436028
 30
0.0
  0
LINE
  5
28D
330
23F
100
AcDbEntity
  8
xian
 62
    18
420
        0
370
     0
100
AcDbLine
 10
18.77098151131508
 20
-4.580076498436028
 30
0.0
 11
19.2872965455565
 21
-4.580076498436028
 31
0.0
  0
LINE
  5
28E
330
23F
100
AcDbEntity
  8
xian
 62
    18
420
        0
370
     0
100
AcDbLine
 10
20.10107302246911
 20
-6.054332052101017
 30
0.0
 11
19.28607070048679
 21
-6.054332052101017
 31
0.0
  0
SPLINE
  5
28F
330
23F
100
AcDbEntity
  8
xian
 62
    18
420
        0
370
     0
100
AcDbSpline
210
0.0
220
0.0
230
1.0
 70
     8
 71
     3
 72
    10
 73
     6
 74
     0
 42
0.00000001
 43
0.0000000001
 40
0.0
 40
0.0
 40
0.0
 40
0.0
 40
0.5
 40
0.5
 40
1.0
 40
1.0
 40
1.0
 40
1.0
 10
19.28607070048679
 20
-6.054332052101017
 30
0.0
 10
19.32007926535448
 20
-6.003725972459506
 30
0.0
 10
19.34034580698721
 20
-5.946516862553835
 30
0.0
 10
19.35128791848842
 20
-5.825255967703924
 30
0.0
 10
19.34173462870171
 20
-5.760855439326405
 30
0.0
 10
19.31258807962445
 20
-5.699355988286697
 30
0.0
  0
LINE
  5
290
330
23F
100
AcDbEntity
  8
xian
 62
    18
420
        0
370
     0
100
AcDbLine
 10
19.31258807962808
 20
-5.699355988286697
 30
0.0
 11
19.27467353101315
 21
-5.61935598828677
 31
0.0
  0
SPLINE
  5
291
330
23F
100
AcDbEntity
  8
xian
 62
    18
420
        0
370
     0
100
AcDbSpline
210
0.0
220
0.0
230
1.0
 70
     8
 71
     3
 72
    10
 73
     6
 74
     0
 42
0.00000001
 43
0.0000000001
 40
0.0
 40
0.0
 40
0.0
 40
0.0
 40
0.5
 40
0.5
 40
1.0
 40
1.0
 40
1.0
 40
1.0
 10
19.27467353101315
 20
-5.61935598828677
 30
0.0
 10
19.24751632806442
 20
-5.562054073443505
 30
0.0
 10
19.20372548546516
 20
-5.509910560747812
 30
0.0
 10
19.09037404884589
 20
-5.435429678533182
 30
0.0
 10
19.02045650378864
 20
-5.413532868589754
 30
0.0
 10
18.9493590837767
 20
-5.413532868589754
 30
0.0
  0
LINE
  5
292
330
23F
100
AcDbEntity
  8
xian
 62
    18
420
        0
370
     0
100
AcDbLine
 10
18.9493590837767
 20
-5.413532868589754
 30
0.0
 11
5.222714160833902
 21
-5.413532868589754
 31
0.0
  0
SPLINE
  5
293
330
23F
100
AcDbEntity
  8
xian
 62
    18
420
        0
370
     0
100
AcDbSpline
210
0.0
220
0.0
230
1.0
 70
     8
 71
     3
 72
    14
 73
    10
 74
     0
 42
0.00000001
 43
0.0000000001
 40
0.0
 40
0.0
 40
0.0
 40
0.0
 40
0.25
 40
0.25
 40
0.5
 40
0.5
 40
0.75
 40
0.75
 40
1.0
 40
1.0
 40
1.0
 40
1.0
 10
5.222714160833902
 20
-5.413532868589754
 30
0.0
 10
5.155129919202636
 20
-5.413532868589754
 30
0.0
 10
5.089208424680009
 20
-5.43292805747842
 30
0.0
 10
4.978407843710783
 20
-5.50122818197633
 30
0.0
 10
4.934243215309152
 20
-5.54991581529066
 30
0.0
 10
4.877205418538551
 20
-5.655873266621711
 30
0.0
 10
4.863389582481659
 20
-5.713358718063318
 30
0.0
 10
4.862087418011697
 20
-5.825334734963689
 30
0.0
 10
4.874127648784678
 20
-5.878605506508392
 30
0.0
 10
4.897399713597451
 20
-5.927709748893903
 30
0.0
  0
LINE
  5
294
330
23F
100
AcDbEntity
  8
xian
 62
    18
420
        0
370
     0
100
AcDbLine
 10
4.935314262212386
 20
-6.007709748892011
 30
0.0
 11
4.897399713597451
 21
-5.927709748892084
 31
0.0
  0
SPLINE
  5
295
330
23F
100
AcDbEntity
  8
xian
 62
    18
420
        0
370
     0
100
AcDbSpline
210
0.0
220
0.0
230
1.0
 70
     8
 71
     3
 72
     8
 73
     4
 74
     0
 42
0.00000001
 43
0.0000000001
 40
0.0
 40
0.0
 40
0.0
 40
0.0
 40
0.0000858662727318
 40
0.0000858662727318
 40
0.0000858662727318
 40
0.0000858662727318
 10
4.935314262212386
 20
-6.007709748892011
 30
0.0
 10
4.942943802826675
 20
-6.02380814044227
 30
0.0
 10
4.951795385018385
 20
-6.039397708666001
 30
0.0
 10
4.961831641353683
 20
-6.054332052101017
 30
0.0
  0
LINE
  5
296
330
23F
100
AcDbEntity
  8
xian
 62
    18
420
        0
370
     0
100
AcDbLine
 10
4.961831641353683
 20
-6.054332052101017
 30
0.0
 11
4.584059567659323
 21
-6.054332052101017
 31
0.0
  0
ELLIPSE
  5
297
330
23F
100
AcDbEntity
  8
xian
 62
    18
420
        0
370
     0
100
AcDbEllipse
 10
3.854104890534699
 20
-4.580076498436028
 30
0.0
 11
-0.9416950405959596
 21
2.142155318299273
 31
0.0
210
0.0
220
0.0
230
1.0
 40
0.0449911438317971
 41
3.933778078922016
 42
4.692613377044985
  0
LINE
  5
298
330
23F
100
AcDbEntity
  8
xian
 62
    18
420
        0
370
     0
100
AcDbLine
 10
3.969085437499643
 20
-4.580076498436028
 30
0.0
 11
4.294055407513269
 21
-4.580076498436028
 31
0.0
  0
SPLINE
  5
299
330
23F
100
AcDbEntity
  8
xian
 62
    18
420
        0
370
     0
100
AcDbSpline
210
0.0
220
0.0
230
1.0
 70
     8
 71
     3
 72
     8
 73
     4
 74
     0
 42
0.00000001
 43
0.0000000001
 40
0.0
 40
0.0
 40
0.0
 40
0.0
 40
0.0000860973008808
 40
0.0000860973008808
 40
0.0000860973008808
 40
0.0000860973008808
 10
-4.611884545801103
 20
-6.054332052101017
 30
0.0
 10
-4.601821286338918
 20
-6.039357526955427
 30
0.0
 10
-4.592949037033349
 20
-6.023724176709947
 30
0.0
 10
-4.585305504847156
 20
-6.007579574687042
 30
0.0
  0
LINE
  5
29A
330
23F
100
AcDbEntity
  8
xian
 62
    18
420
        0
370
     0
100
AcDbLine
 10
-4.547430147235672
 20
-5.927579574687115
 30
0.0
 11
-4.585305504843518
 21
-6.007579574687042
 31
0.0
  0
SPLINE
  5
29B
330
23F
100
AcDbEntity
  8
xian
 62
    18
420
        0
370
     0
100
AcDbSpline
210
0.0
220
0.0
230
1.0
 70
     8
 71
     3
 72
    14
 73
    10
 74
     0
 42
0.00000001
 43
0.0000000001
 40
0.0
 40
0.0
 40
0.0
 40
0.0
 40
0.25
 40
0.25
 40
0.5
 40
0.5
 40
0.75
 40
0.75
 40
1.0
 40
1.0
 40
1.0
 40
1.0
 10
-4.547430147235672
 20
-5.927579574687115
 30
0.0
 10
-4.524146399712435
 20
-5.878399846242245
 30
0.0
 10
-4.512201627316926
 20
-5.825261427538862
 30
0.0
 10
-4.513456429224561
 20
-5.713706084998193
 30
0.0
 10
-4.526978527498386
 20
-5.65670655258873
 30
0.0
 10
-4.584014067416092
 20
-5.550274547900698
 30
0.0
 10
-4.627780011823006
 20
-5.501883374543467
 30
0.0
 10
-4.738338943840744
 20
-5.433312572347858
 30
0.0
 10
-4.805011278459232
 20
-5.413532868589754
 30
0.0
 10
-4.872806256284775
 20
-5.413532868589754
 30
0.0
  0
LINE
  5
29C
330
23F
100
AcDbEntity
  8
xian
 62
    18
420
        0
370
     0
100
AcDbLine
 10
-4.872806256284775
 20
-5.413532868589754
 30
0.0
 11
-18.6033973980891
 21
-5.413532868589754
 31
0.0
  0
SPLINE
  5
29D
330
23F
100
AcDbEntity
  8
xian
 62
    18
420
        0
370
     0
100
AcDbSpline
210
0.0
220
0.0
230
1.0
 70
     8
 71
     3
 72
    10
 73
     6
 74
     0
 42
0.00000001
 43
0.0000000001
 40
0.0
 40
0.0
 40
0.0
 40
0.0
 40
0.5
 40
0.5
 40
1.0
 40
1.0
 40
1.0
 40
1.0
 10
-18.6033973980891
 20
-5.413532868589754
 30
0.0
 10
-18.6743778179632
 20
-5.413532868589754
 30
0.0
 10
-18.74338966003847
 20
-5.43489520537696
 30
0.0
 10
-18.85777873737675
 20
-5.509784058973309
 30
0.0
 10
-18.90157945552414
 20
-5.562106429390041
 30
0.0
 10
-18.92871184532191
 20
-5.61935598828677
 30
0.0
  0
LINE
  5
29E
330
23F
100
AcDbEntity
  8
xian
 62
    18
420
        0
370
     0
100
AcDbLine
 10
-18.96662639393685
 20
-5.699355988286697
 30
0.0
 11
-18.92871184532191
 21
-5.61935598828677
 31
0.0
  0
SPLINE
  5
29F
330
23F
100
AcDbEntity
  8
xian
 62
    18
420
        0
370
     0
100
AcDbSpline
210
0.0
220
0.0
230
1.0
 70
     8
 71
     3
 72
    10
 73
     6
 74
     0
 42
0.00000001
 43
0.0000000001
 40
0.0
 40
0.0
 40
0.0
 40
0.0
 40
0.5
 40
0.5
 40
1.0
 40
1.0
 40
1.0
 40
1.0
 10
-18.96662639393685
 20
-5.699355988286697
 30
0.0
 10
-18.99577417323667
 20
-5.760858035107958
 30
0.0
 10
-19.00531810701136
 20
-5.824710493472593
 30
0.0
 10
-18.99445227275714
 20
-5.94639364698196
 30
0.0
 10
-18.97409524347381
 20
-6.003759209588679
 30
0.0
 10
-18.94010901479555
 20
-6.054332052101017
 30
0.0
  0
LINE
  5
2A0
330
23F
100
AcDbEntity
  8
xian
 62
    18
420
        0
370
     0
100
AcDbLine
 10
-18.94010901479555
 20
-6.054332052101017
 30
0.0
 11
-19.75511133677787
 21
-6.054332052101017
 31
0.0
  0
ELLIPSE
  5
2A1
330
23F
100
AcDbEntity
  8
xian
 62
    18
420
        0
370
     0
100
AcDbEllipse
 10
-21.13529439299305
 20
-4.580076498436028
 30
0.0
 11
2.138464968997596
 21
1.630380823558085
 31
0.0
210
0.0
220
0.0
230
1.0
 40
0.6500633484119449
 41
5.291481112230433
 42
5.41841718334373
  0
LINE
  5
2A2
330
23F
100
AcDbEntity
  8
xian
 62
    18
420
        0
370
     0
100
AcDbLine
 10
-18.94133485986526
 20
-4.580076498436028
 30
0.0
 11
-18.42501982562385
 21
-4.580076498436028
 31
0.0
  0
SPLINE
  5
2A3
330
23F
100
AcDbEntity
  8
xian
 62
    18
420
        0
370
     0
100
AcDbSpline
210
0.0
220
0.0
230
1.0
 70
     8
 71
     3
 72
    10
 73
     6
 74
     0
 42
0.00000001
 43
0.0000000001
 40
0.0
 40
0.0
 40
0.0
 40
0.0
 40
0.5
 40
0.5
 40
1.0
 40
1.0
 40
1.0
 40
1.0
 10
-18.42501982562385
 20
-4.580076498436028
 30
0.0
 10
-18.44703250980888
 20
-4.685688096174999
 30
0.0
 10
-18.41876507489792
 20
-4.798365066524638
 30
0.0
 10
-18.28523064564501
 20
-4.962719723142072
 30
0.0
 10
-18.18048381442418
 20
-5.013532868590118
 30
0.0
 10
-18.07259371750547
 20
-5.013532868590118
 30
0.0
  0
LINE
  5
2A4
330
23F
100
AcDbEntity
  8
xian
 62
    18
420
        0
370
     0
100
AcDbLine
 10
-18.07259371750547
 20
-5.013532868590118
 30
0.0
 11
-4.342551249756752
 21
-5.013532868590118
 31
0.0
  0
SPLINE
  5
2A5
330
23F
100
AcDbEntity
  8
xian
 62
    18
420
        0
370
     0
100
AcDbSpline
210
0.0
220
0.0
230
1.0
 70
     8
 71
     3
 72
    10
 73
     6
 74
     0
 42
0.00000001
 43
0.0000000001
 40
0.0
 40
0.0
 40
0.0
 40
0.0
 40
0.5
 40
0.5
 40
1.0
 40
1.0
 40
1.0
 40
1.0
 10
-4.342551249756752
 20
-5.013532868590118
 30
0.0
 10
-4.27399066216526
 20
-5.013532868590118
 30
0.0
 10
-4.206894467665506
 20
-4.993746015936267
 30
0.0
 10
-4.092952490522975
 20
-4.92157802811198
 30
0.0
 10
-4.046368516651227
 20
-4.869241568734651
 30
0.0
 10
-4.017175140707649
 20
-4.807579574686315
 30
0.0
  0
LINE
  5
2A6
330
23F
100
AcDbEntity
  8
xian
 62
    18
420
        0
370
     0
100
AcDbLine
 10
-3.979299783099804
 20
-4.727579574686387
 30
0.0
 11
-4.017175140707649
 21
-4.807579574686315
 31
0.0
  0
SPLINE
  5
2A7
330
23F
100
AcDbEntity
  8
xian
 62
    18
420
        0
370
     0
100
AcDbSpline
210
0.0
220
0.0
230
1.0
 70
     8
 71
     3
 72
     8
 73
     4
 74
     0
 42
0.00000001
 43
0.0000000001
 40
0.0
 40
0.0
 40
0.0
 40
0.0
 40
1.0
 40
1.0
 40
1.0
 40
1.0
 10
-3.979299783099804
 20
-4.727579574686387
 30
0.0
 10
-3.957388810981456
 20
-4.681299410480278
 30
0.0
 10
-3.945668019351387
 20
-4.631378148560543
 30
0.0
 10
-3.944735368023202
 20
-4.580076498436028
 30
0.0
  0
LINE
  5
2A8
330
23F
100
AcDbEntity
  8
xian
 62
    18
420
        0
370
     0
100
AcDbLine
 10
-3.944735368023202
 20
-4.580076498436028
 30
0.0
 11
-3.623123751808407
 21
-4.580076498436028
 31
0.0
  0
ELLIPSE
  5
2A9
330
23F
100
AcDbEntity
  8
xian
 62
    18
420
        0
370
     0
100
AcDbEllipse
 10
-3.508143204839825
 20
-4.580076498436028
 30
0.0
 11
0.941695040596187
 21
2.142155318299273
 31
0.0
210
0.0
220
0.0
230
1.0
 40
0.0449911438317259
 41
1.590571930134575
 42
2.34940722826199
  0
LINE
  5
2AA
330
23F
100
AcDbEntity
  8
xian
 62
    18
420
        0
370
     0
100
AcDbLine
 10
-4.238097881964449
 20
-6.054332052101017
 30
0.0
 11
-4.611884545801103
 21
-6.054332052101017
 31
0.0
  0
ELLIPSE
  5
2AB
330
23F
100
AcDbEntity
  8
xian
 62
    18
420
        0
370
     0
100
AcDbEllipse
 10
-21.23753086039938
 20
-4.53162337951835
 30
0.0
 11
2.215764802016792
 21
1.401891701833164
 31
0.0
210
0.0
220
0.0
230
1.0
 40
0.6326897604644014
 41
5.371466164686109
 42
5.497787143782256
  0
LINE
  5
2AC
330
23F
100
AcDbEntity
  8
xian
 62
    18
420
        0
370
     0
100
AcDbLine
 10
-18.94133485986526
 20
-4.580076498436028
 30
0.0
 11
-19.04357132727159
 21
-4.53162337951835
 31
0.0
  0
SPLINE
  5
2AD
330
23F
100
AcDbEntity
  8
xian
 62
    18
420
        0
370
     0
100
AcDbSpline
210
0.0
220
0.0
230
1.0
 70
     8
 71
     3
 72
    11
 73
     7
 74
     0
 42
0.00000001
 43
0.0000000001
 40
-0.0000041518755671
 40
-0.0000041518755671
 40
-0.0000041518755671
 40
-0.0000041518755671
 40
0.0
 40
0.0
 40
0.0
 40
1.000003106673275
 40
1.000003106673275
 40
1.000003106673275
 40
1.000003106673275
 10
-5.479305631710985
 20
-1.358964385990475
 30
0.0
 10
-5.479305655969028
 20
-1.358964363202176
 30
0.0
 10
-5.479305680223433
 20
-1.358964340415695
 30
0.0
 10
-5.479305704481475
 20
-1.358964317629215
 30
0.0
 10
-5.485147918597021
 20
-1.353476000245791
 30
0.0
 10
-5.488283753912355
 20
-1.345624853947811
 30
0.0
 10
-5.488283799056034
 20
-1.334852818978106
 30
0.0
  0
LINE
  5
2AE
330
23F
100
AcDbEntity
  8
xian
 62
    18
420
        0
370
     0
100
AcDbLine
 10
-5.488283799052396
 20
-1.334852718586262
 30
0.0
 11
-5.476453132033157
 21
-1.334852618192599
 31
0.0
  0
SPLINE
  5
2AF
330
23F
100
AcDbEntity
  8
xian
 62
    18
420
        0
370
     0
100
AcDbSpline
210
0.0
220
0.0
230
1.0
 70
     8
 71
     3
 72
    14
 73
    10
 74
     0
 42
0.00000001
 43
0.0000000001
 40
-0.0060197279266369
 40
-0.0060197279266369
 40
-0.0060197279266369
 40
-0.0060197279266369
 40
0.0
 40
0.0
 40
0.0
 40
1.0
 40
1.0
 40
1.0
 40
1.00000796139599
 40
1.00000796139599
 40
1.00000796139599
 40
1.00000796139599
 10
-5.471151426788082
 20
-1.350392393551373
 30
0.0
 10
-5.471169463548676
 20
-1.350375448626436
 30
0.0
 10
-5.471187500312908
 20
-1.350358503703319
 30
0.0
 10
-5.471205537077139
 20
-1.350341558778382
 30
0.0
 10
-5.47420181247503
 20
-1.347526660139919
 30
0.0
 10
-5.476453007992631
 20
-1.34325947274192
 30
0.0
 10
-5.476453132033157
 20
-1.334852818978106
 30
0.0
 10
-5.476453132033157
 20
-1.33485275205021
 30
0.0
 10
-5.476453132033157
 20
-1.334852685120495
 30
0.0
 10
-5.476453132036795
 20
-1.334852618192599
 30
0.0
  0
LINE
  5
2B0
330
23F
100
AcDbEntity
  8
xian
 62
    18
420
        0
370
     0
100
AcDbLine
 10
-5.479305631718261
 20
-1.35896438598138
 30
0.0
 11
-5.471205391554349
 21
-1.35034169548453
 31
0.0
  0
SPLINE
  5
2B1
330
23F
100
AcDbEntity
  8
xian
 62
    18
420
        0
370
     0
100
AcDbSpline
210
0.0
220
0.0
230
1.0
 70
     8
 71
     3
 72
     8
 73
     4
 74
     0
 42
0.00000001
 43
0.0000000001
 40
-0.0000017069841795
 40
-0.0000017069841795
 40
-0.0000017069841795
 40
-0.0000017069841795
 40
1.0
 40
1.0
 40
1.0
 40
1.0
 10
-5.479759218666686
 20
-1.31020513585463
 30
0.0
 10
-5.472915030030662
 20
-1.305316480416877
 30
0.0
 10
-5.464731963348413
 20
-1.302781104848691
 30
0.0
 10
-5.455441832390306
 20
-1.302781070320634
 30
0.0
  0
LINE
  5
2B2
330
23F
100
AcDbEntity
  8
xian
 62
    18
420
        0
370
     0
100
AcDbLine
 10
-5.455441832390306
 20
-1.302781070216951
 30
0.0
 11
-5.455441832390306
 21
-1.31461173723801
 31
0.0
  0
SPLINE
  5
2B3
330
23F
100
AcDbEntity
  8
xian
 62
    18
420
        0
370
     0
100
AcDbSpline
210
0.0
220
0.0
230
1.0
 70
     8
 71
     3
 72
     8
 73
     4
 74
     0
 42
0.00000001
 43
0.0000000001
 40
0.0003369191972325
 40
0.0003369191972325
 40
0.0003369191972325
 40
0.0003369191972325
 40
1.0
 40
1.0
 40
1.0
 40
1.0
 10
-5.472878024193732
 20
-1.319828747144129
 30
0.0
 10
-5.468170997971128
 20
-1.316468105258536
 30
0.0
 10
-5.462521663369216
 20
-1.314611805571985
 30
0.0
 10
-5.455441832390306
 20
-1.314611737341692
 30
0.0
  0
LINE
  5
2B4
330
23F
100
AcDbEntity
  8
xian
 62
    18
420
        0
370
     0
100
AcDbLine
 10
-5.479759253725887
 20
-1.310205160896657
 30
0.0
 11
-5.472882853261353
 21
-1.319832195669732
 31
0.0
  0
SPLINE
  5
2B5
330
23F
100
AcDbEntity
  8
xian
 62
    18
420
        0
370
     0
100
AcDbSpline
210
0.0
220
0.0
230
1.0
 70
     8
 71
     3
 72
     8
 73
     4
 74
     0
 42
0.00000001
 43
0.0000000001
 40
0.0000017147140627
 40
0.0000017147140627
 40
0.0000017147140627
 40
0.0000017147140627
 40
0.9999958795930153
 40
0.9999958795930153
 40
0.9999958795930153
 40
0.9999958795930153
 10
-5.446199218586798
 20
-1.367694785643834
 30
0.0
 10
-5.461337447978394
 20
-1.367694861317431
 30
0.0
 10
-5.473418740137958
 20
-1.36449453647765
 30
0.0
 10
-5.479305631710985
 20
-1.358964385988656
 30
0.0
  0
SPLINE
  5
2B6
330
23F
100
AcDbEntity
  8
xian
 62
    18
420
        0
370
     0
100
AcDbSpline
210
0.0
220
0.0
230
1.0
 70
     8
 71
     3
 72
     8
 73
     4
 74
     0
 42
0.00000001
 43
0.0000000001
 40
0.0000036859029456
 40
0.0000036859029456
 40
0.0000036859029456
 40
0.0000036859029456
 40
0.9999779475093404
 40
0.9999779475093404
 40
0.9999779475093404
 40
0.9999779475093404
 10
-5.446199218586798
 20
-1.355864118620957
 30
0.0
 10
-5.460283838176792
 20
-1.355864163389924
 30
0.0
 10
-5.469006036343444
 20
-1.352408174723677
 30
0.0
 10
-5.471205391576177
 20
-1.350341695493625
 30
0.0
  0
LINE
  5
2B7
330
23F
100
AcDbEntity
  8
xian
 62
    18
420
        0
370
     0
100
AcDbLine
 10
-5.446199296457734
 20
-1.367694785643834
 30
0.0
 11
-5.446199374332309
 21
-1.355864118622776
 31
0.0
  0
SPLINE
  5
2B8
330
23F
100
AcDbEntity
  8
xian
 62
    18
420
        0
370
     0
100
AcDbSpline
210
0.0
220
0.0
230
1.0
 70
     8
 71
     3
 72
     8
 73
     4
 74
     0
 42
0.00000001
 43
0.0000000001
 40
0.0000026280123643
 40
0.0000026280123643
 40
0.0000026280123643
 40
0.0000026280123643
 40
0.9999977110924739
 40
0.9999977110924739
 40
0.9999977110924739
 40
0.9999977110924739
 10
-5.488283799056034
 20
-1.334852818978106
 30
0.0
 10
-5.488283849980462
 20
-1.322118716363547
 30
0.0
 10
-5.484864665956365
 20
-1.31385217431125
 30
0.0
 10
-5.479759218666686
 20
-1.31020513585463
 30
0.0
  0
SPLINE
  5
2B9
330
23F
100
AcDbEntity
  8
xian
 62
    18
420
        0
370
     0
100
AcDbSpline
210
0.0
220
0.0
230
1.0
 70
     8
 71
     3
 72
    11
 73
     7
 74
     0
 42
0.00000001
 43
0.0000000001
 40
0.0000059550655955
 40
0.0000059550655955
 40
0.0000059550655955
 40
0.0000059550655955
 40
1.0
 40
1.0
 40
1.0
 40
1.01
 40
1.01
 40
1.01
 40
1.01
 10
-5.476453132033157
 20
-1.33485261819078
 30
0.0
 10
-5.476453074422124
 20
-1.323613700860732
 30
0.0
 10
-5.473202272006119
 20
-1.320060530408227
 30
0.0
 10
-5.472882783135673
 20
-1.319832145596592
 30
0.0
 10
-5.472879588229943
 20
-1.319829861735343
 30
0.0
 10
-5.472876393320575
 20
-1.319827577872274
 30
0.0
 10
-5.472873198414845
 20
-1.319825294011025
 30
0.0
  0
LINE
  5
2BA
330
23F
100
AcDbEntity
  8
xian
 62
    18
420
        0
370
     0
100
AcDbLine
 10
-3.623123751808407
 20
-4.580076498436028
 30
0.0
 11
-3.429886686925556
 21
-4.172344750169941
 31
0.0
  0
LINE
  5
2BB
330
23F
100
AcDbEntity
  8
xian
 62
    18
420
        0
370
     0
100
AcDbLine
 10
-18.39790816474192
 20
-4.499355988285969
 30
0.0
 11
-18.35999361612698
 21
-4.419355988286042
 31
0.0
  0
ARC
  5
2BC
330
23F
100
AcDbEntity
  8
xian
 62
    18
420
        0
370
     0
100
AcDbCircle
 10
-18.07259371750547
 20
-4.653532868589536
 30
0.0
 40
0.3600000000000251
100
AcDbArc
 50
154.6422363041106
 51
168.2263723625882
  0
LINE
  5
2BD
330
23F
100
AcDbEntity
  8
xian
 62
    18
420
        0
370
     0
100
AcDbLine
 10
-15.13895978560026
 20
3.442965238000397
 30
0.0
 11
-18.94133485986526
 21
-4.580076498436028
 31
0.0
  0
LINE
  5
2BE
330
23F
100
AcDbEntity
  8
xian
 62
    18
420
        0
370
     0
100
AcDbLine
 10
15.4849214712915
 20
3.442965238000397
 30
0.0
 11
-15.13895978560026
 21
3.442965238000397
 31
0.0
  0
LINE
  5
2BF
330
23F
100
AcDbEntity
  8
xian
 62
    18
420
        0
370
     0
100
AcDbLine
 10
19.2872965455565
 20
-4.580076498436028
 30
0.0
 11
15.4849214712915
 21
3.442965238000397
 31
0.0
  0
ARC
  5
2C0
330
23F
100
AcDbEntity
  8
xian
 62
    18
420
        0
370
     0
100
AcDbCircle
 10
18.4185554031967
 20
-4.653532868589536
 30
0.0
 40
0.3599999999996142
100
AcDbArc
 50
11.77362763741178
 51
25.3577636958949
  0
LINE
  5
2C1
330
23F
100
AcDbEntity
  8
xian
 62
    18
420
        0
370
     0
100
AcDbLine
 10
18.70595530181822
 20
-4.419355988286042
 30
0.0
 11
18.74386985042952
 21
-4.499355988285969
 31
0.0
  0
ARC
  5
2C2
330
23F
100
AcDbEntity
  8
xian
 62
    18
420
        0
370
     0
100
AcDbCircle
 10
18.38064085458177
 20
-4.573532868589609
 30
0.0
 40
0.3600000000000136
100
AcDbArc
 50
25.3577636958949
 51
90.0
  0
ARC
  5
2C3
330
23F
100
AcDbEntity
  8
xian
 62
    18
420
        0
370
     0
100
AcDbCircle
 10
4.653995931638974
 20
-4.573532868589609
 30
0.0
 40
0.3600000000000136
100
AcDbArc
 50
90.0
 51
181.0415083924219
  0
LINE
  5
2C4
330
23F
100
AcDbEntity
  8
xian
 62
    18
420
        0
370
     0
100
AcDbLine
 10
3.775848372616792
 20
-4.172344750169941
 30
0.0
 11
3.969085437499643
 21
-4.580076498436028
 31
0.0
  0
LINE
  5
2C5
330
23F
100
AcDbEntity
  8
xian
 62
    18
420
        0
370
     0
100
AcDbLine
 10
-3.429886686925556
 20
-4.172344750169941
 30
0.0
 11
3.775848372616792
 21
-4.172344750169941
 31
0.0
  0
LINE
  5
2C6
330
23F
100
AcDbEntity
  8
xian
 62
    18
420
        0
370
     0
100
AcDbLine
 10
-17.82918993554335
 20
-3.299355988287061
 30
0.0
 11
-17.79127538693205
 21
-3.219355988287134
 31
0.0
  0
ARC
  5
2C7
330
23F
100
AcDbEntity
  8
xian
 62
    18
420
        0
370
     0
100
AcDbCircle
 10
-17.5038754883069
 20
-3.453532868590627
 30
0.0
 40
0.3600000000000739
100
AcDbArc
 50
154.6422363041051
 51
270.0
  0
LINE
  5
2C8
330
23F
100
AcDbEntity
  8
xian
 62
    18
420
        0
370
     0
100
AcDbLine
 10
-17.5038754883069
 20
-3.813532868589391
 30
0.0
 11
17.84983717399814
 21
-3.813532868589391
 31
0.0
  0
ARC
  5
2C9
330
23F
100
AcDbEntity
  8
xian
 62
    18
420
        0
370
     0
100
AcDbCircle
 10
17.84983717399814
 20
-3.453532868590627
 30
0.0
 40
0.3600000000000739
100
AcDbArc
 50
270.0
 51
25.3577636958949
  0
LINE
  5
2CA
330
23F
100
AcDbEntity
  8
xian
 62
    18
420
        0
370
     0
100
AcDbLine
 10
18.13723707261965
 20
-3.219355988287134
 30
0.0
 11
18.17515162123459
 21
-3.299355988287061
 31
0.0
  0
LINE
  5
2CB
330
23F
100
AcDbEntity
  8
xian
 62
    18
420
        0
370
     0
100
AcDbLine
 10
15.293645926816
 20
2.780644011341792
 30
0.0
 11
15.33156047524903
 21
2.700644011712938
 31
0.0
  0
ARC
  5
2CC
330
23F
100
AcDbEntity
  8
xian
 62
    18
420
        0
370
     0
100
AcDbCircle
 10
14.96833147957955
 20
2.626467131038225
 30
0.0
 40
0.3600000000011605
100
AcDbArc
 50
25.35776369577282
 51
90.0
  0
LINE
  5
2CD
330
23F
100
AcDbEntity
  8
xian
 62
    18
420
        0
370
     0
100
AcDbLine
 10
14.96833147957955
 20
2.986467131038807
 30
0.0
 11
-14.62236979388831
 21
2.986467131038807
 31
0.0
  0
ARC
  5
2CE
330
23F
100
AcDbEntity
  8
xian
 62
    18
420
        0
370
     0
100
AcDbCircle
 10
-14.62236979388831
 20
2.626467131038225
 30
0.0
 40
0.3600000000000739
100
AcDbArc
 50
90.0
 51
154.6422363041051
  0
LINE
  5
2CF
330
23F
100
AcDbEntity
  8
xian
 62
    18
420
        0
370
     0
100
AcDbLine
 10
-14.9855987895578
 20
2.700644011712938
 30
0.0
 11
-14.94768424112476
 21
2.780644011341792
 31
0.0
  0
LINE
  5
2D0
330
23F
100
AcDbEntity
  8
xian
 62
    18
420
        0
370
     0
100
AcDbLine
 10
15.86236415583266
 20
1.580644011713957
 30
0.0
 11
15.9002787044476
 21
1.50064401171403
 31
0.0
  0
ARC
  5
2D1
330
23F
100
AcDbEntity
  8
xian
 62
    18
420
        0
370
     0
100
AcDbCircle
 10
5.536307142904888
 20
0.5912624221091392
 30
0.0
 40
1.200000000000013
100
AcDbArc
 50
27.14341993576573
 51
38.19804352080855
  0
LINE
  5
2D2
330
23F
100
AcDbEntity
  8
xian
 62
    18
420
        0
370
     0
100
AcDbLine
 10
-15.55431701875636
 20
1.50064401171403
 30
0.0
 11
-15.51640247014506
 21
1.580644011713957
 31
0.0
  0
ARC
  5
2D3
330
23F
100
AcDbEntity
  8
xian
 62
    18
420
        0
370
     0
100
AcDbCircle
 10
-5.183052132368857
 20
0.5912624221091392
 30
0.0
 40
1.20000000000052
100
AcDbArc
 50
141.8019564792975
 51
152.8565800642342
  0
LINE
  5
2D4
330
23F
100
AcDbEntity
  8
xian
 62
    18
420
        0
370
     0
100
AcDbLine
 10
-16.12303524795493
 20
0.3006440117133025
 30
0.0
 11
-16.08512069933999
 21
0.3806440117132297
 31
0.0
  0
LINE
  5
2D5
330
23F
100
AcDbEntity
  8
xian
 62
    18
420
        0
370
     0
100
AcDbLine
 10
-6.383052132365946
 20
0.0664671314098087
 30
0.0
 11
-6.383052132365946
 21
0.3064671314095904
 31
0.0
  0
LINE
  5
2D6
330
23F
100
AcDbEntity
  8
xian
 62
    18
420
        0
370
     0
100
AcDbLine
 10
-16.69175347714986
 20
-0.8993559882856061
 30
0.0
 11
-16.65383892853856
 21
-0.8193559882874978
 31
0.0
  0
ARC
  5
2D7
330
23F
100
AcDbEntity
  8
xian
 62
    18
420
        0
370
     0
100
AcDbCircle
 10
-16.36643902991341
 20
-1.053532868589172
 30
0.0
 40
0.3600000000000136
100
AcDbArc
 50
154.6422363041051
 51
270.0
  0
LINE
  5
2D8
330
23F
100
AcDbEntity
  8
xian
 62
    18
420
        0
370
     0
100
AcDbLine
 10
-6.383052132365946
 20
-1.133532868589099
 30
0.0
 11
-6.383052132365946
 21
-0.8935328685893182
 31
0.0
  0
ARC
  5
2D9
330
23F
100
AcDbEntity
  8
xian
 62
    18
420
        0
370
     0
100
AcDbCircle
 10
-16.89724271049704
 20
-2.173532868589973
 30
0.0
 40
0.3600000000000739
100
AcDbArc
 50
90.0
 51
154.6422363041051
  0
LINE
  5
2DA
330
23F
100
AcDbEntity
  8
xian
 62
    18
420
        0
370
     0
100
AcDbLine
 10
-17.26047170634842
 20
-2.099355988286333
 30
0.0
 11
-17.22255715773349
 21
-2.019355988286406
 31
0.0
  0
ARC
  5
2DB
330
23F
100
AcDbEntity
  8
xian
 62
    18
420
        0
370
     0
100
AcDbCircle
 10
-5.183052132368857
 20
-1.418328159288648
 30
0.0
 40
1.200000000000801
100
AcDbArc
 50
207.1434199357657
 51
218.1980435207595
  0
LINE
  5
2DC
330
23F
100
AcDbEntity
  8
xian
 62
    18
420
        0
370
     0
100
AcDbLine
 10
17.56851884342473
 20
-2.019355988286406
 30
0.0
 11
17.60643339203602
 21
-2.099355988286333
 31
0.0
  0
ARC
  5
2DD
330
23F
100
AcDbEntity
  8
xian
 62
    18
420
        0
370
     0
100
AcDbCircle
 10
5.536307142904888
 20
-1.418328159288648
 30
0.0
 40
1.199999999999961
100
AcDbArc
 50
321.8019564791914
 51
332.8565800642866
  0
LINE
  5
2DE
330
23F
100
AcDbEntity
  8
xian
 62
    18
420
        0
370
     0
100
AcDbLine
 10
16.43108238503123
 20
0.3806440117132297
 30
0.0
 11
16.46899693364616
 21
0.3006440117133025
 31
0.0
  0
LINE
  5
2DF
330
23F
100
AcDbEntity
  8
xian
 62
    18
420
        0
370
     0
100
AcDbLine
 10
6.736307142905616
 20
0.3064671314095904
 30
0.0
 11
6.736307142905616
 21
0.0664671314098087
 31
0.0
  0
LINE
  5
2E0
330
23F
100
AcDbEntity
  8
xian
 62
    18
420
        0
370
     0
100
AcDbLine
 10
16.99980061422616
 20
-0.8193559882874978
 30
0.0
 11
17.03771516284109
 21
-0.8993559882856061
 31
0.0
  0
LINE
  5
2E1
330
23F
100
AcDbEntity
  8
xian
 62
    18
420
        0
370
     0
100
AcDbLine
 10
6.736307142905616
 20
-0.8935328685893182
 30
0.0
 11
6.736307142905616
 21
-1.133532868589099
 31
0.0
  0
ARC
  5
2E2
330
23F
100
AcDbEntity
  8
xian
 62
    18
420
        0
370
     0
100
AcDbCircle
 10
6.853310787751297
 20
1.266467131410536
 30
0.0
 40
0.2800000000000864
100
AcDbArc
 50
207.1434199358299
 51
270.0
  0
ARC
  5
2E3
330
23F
100
AcDbEntity
  8
xian
 62
    18
420
        0
370
     0
100
AcDbCircle
 10
6.69940659698409
 20
1.506467131410317
 30
0.0
 40
0.2800000000006431
100
AcDbArc
 50
90.0
 51
218.1980435206944
  0
LINE
  5
2E4
330
23F
100
AcDbEntity
  8
xian
 62
    18
420
        0
370
     0
100
AcDbLine
 10
6.69940659698409
 20
1.786467131410972
 30
0.0
 11
15.53704970859985
 21
1.786467131410972
 31
0.0
  0
ARC
  5
2E5
330
23F
100
AcDbEntity
  8
xian
 62
    18
420
        0
370
     0
100
AcDbCircle
 10
16.14368248640971
 20
0.1464671314097359
 30
0.0
 40
0.3600000000000136
100
AcDbArc
 50
270.0
 51
25.3577636958949
  0
ARC
  5
2E6
330
23F
100
AcDbEntity
  8
xian
 62
    18
420
        0
370
     0
100
AcDbCircle
 10
16.71240071560464
 20
-1.053532868589172
 30
0.0
 40
0.3600000000000136
100
AcDbArc
 50
270.0
 51
25.3577636958949
  0
ARC
  5
2E7
330
23F
100
AcDbEntity
  8
xian
 62
    18
420
        0
370
     0
100
AcDbCircle
 10
-4.304675892148907
 20
-4.573532868589609
 30
0.0
 40
0.3600000000000136
100
AcDbArc
 50
358.9584916075781
 51
90.0
  0
LINE
  5
2E8
330
23F
100
AcDbEntity
  8
xian
 62
    18
420
        0
370
     0
100
AcDbLine
 10
6.853310787751297
 20
0.9864671314098814
 30
0.0
 11
15.57496425721479
 21
0.9864671314098814
 31
0.0
  0
ARC
  5
2E9
330
23F
100
AcDbEntity
  8
xian
 62
    18
420
        0
370
     0
100
AcDbCircle
 10
-16.93515725911197
 20
-2.2535328685899
 30
0.0
 40
0.3599999999998999
100
AcDbArc
 50
154.6422363041051
 51
270.0
  0
LINE
  5
2EA
330
23F
100
AcDbEntity
  8
xian
 62
    18
420
        0
370
     0
100
AcDbLine
 10
7.016307142904452
 20
0.5864671314102452
 30
0.0
 11
16.10576793779478
 21
0.5864671314102452
 31
0.0
  0
ARC
  5
2EB
330
23F
100
AcDbEntity
  8
xian
 62
    18
420
        0
370
     0
100
AcDbCircle
 10
-17.4659609396956
 20
-3.373532868588881
 30
0.0
 40
0.3600000000000136
100
AcDbArc
 50
90.0
 51
154.6422363041051
  0
ARC
  5
2EC
330
23F
100
AcDbEntity
  8
xian
 62
    18
420
        0
370
     0
100
AcDbCircle
 10
-6.34615158644442
 20
1.506467131410317
 30
0.0
 40
0.2799999999999727
100
AcDbArc
 50
321.8019564791183
 51
90.0
  0
LINE
  5
2ED
330
23F
100
AcDbEntity
  8
xian
 62
    18
420
        0
370
     0
100
AcDbLine
 10
-16.32852448130211
 20
-0.6135328685904824
 30
0.0
 11
-6.66305213236842
 21
-0.6135328685904824
 31
0.0
  0
ARC
  5
2EE
330
23F
100
AcDbEntity
  8
xian
 62
    18
420
        0
370
     0
100
AcDbCircle
 10
-14.66028434232498
 20
2.546467131409372
 30
0.0
 40
0.3600000000000136
100
AcDbArc
 50
154.6422363039942
 51
270.0
  0
LINE
  5
2EF
330
23F
100
AcDbEntity
  8
xian
 62
    18
420
        0
370
     0
100
AcDbLine
 10
4.653995931638974
 20
-4.213532868589027
 30
0.0
 11
18.38064085458177
 21
-4.213532868589027
 31
0.0
  0
ARC
  5
2F0
330
23F
100
AcDbEntity
  8
xian
 62
    18
420
        0
370
     0
100
AcDbCircle
 10
7.016307142904452
 20
-1.133532868589099
 30
0.0
 40
0.2799999999999727
100
AcDbArc
 50
180.0
 51
270.0
  0
ARC
  5
2F1
330
23F
100
AcDbEntity
  8
xian
 62
    18
420
        0
370
     0
100
AcDbCircle
 10
15.57496425721479
 20
1.346467131410463
 30
0.0
 40
0.3600000000000251
100
AcDbArc
 50
270.0
 51
25.35776369588932
  0
ARC
  5
2F2
330
23F
100
AcDbEntity
  8
xian
 62
    18
420
        0
370
     0
100
AcDbCircle
 10
-15.19108802290861
 20
1.42646713141039
 30
0.0
 40
0.3600000000000739
100
AcDbArc
 50
90.0
 51
154.6422363041051
  0
ARC
  5
2F3
330
23F
100
AcDbEntity
  8
xian
 62
    18
420
        0
370
     0
100
AcDbCircle
 10
-15.79772080071848
 20
0.1464671314097359
 30
0.0
 40
0.3600000000000739
100
AcDbArc
 50
154.6422363041051
 51
270.0
  0
LINE
  5
2F4
330
23F
100
AcDbEntity
  8
xian
 62
    18
420
        0
370
     0
100
AcDbLine
 10
-15.79772080071848
 20
-0.2135328685890272
 30
0.0
 11
-6.66305213236842
 21
-0.2135328685890272
 31
0.0
  0
LINE
  5
2F5
330
23F
100
AcDbEntity
  8
xian
 62
    18
420
        0
370
     0
100
AcDbLine
 10
-15.19108802290861
 20
1.786467131410972
 30
0.0
 11
-6.34615158644442
 21
1.786467131410972
 31
0.0
  0
LINE
  5
2F6
330
23F
100
AcDbEntity
  8
xian
 62
    18
420
        0
370
     0
100
AcDbLine
 10
-16.36643902991341
 20
-1.413532868589754
 30
0.0
 11
-6.66305213236842
 21
-1.413532868589754
 31
0.0
  0
ARC
  5
2F7
330
23F
100
AcDbEntity
  8
xian
 62
    18
420
        0
370
     0
100
AcDbCircle
 10
17.81192262538684
 20
-3.373532868588881
 30
0.0
 40
0.3600000000000739
100
AcDbArc
 50
25.3577636958949
 51
90.0
  0
ARC
  5
2F8
330
23F
100
AcDbEntity
  8
xian
 62
    18
420
        0
370
     0
100
AcDbCircle
 10
-6.66305213236842
 20
0.0664671314098087
 30
0.0
 40
0.2800000000000864
100
AcDbArc
 50
270.0
 51
0.0
  0
ARC
  5
2F9
330
23F
100
AcDbEntity
  8
xian
 62
    18
420
        0
370
     0
100
AcDbCircle
 10
15.00624602801622
 20
2.546467131409372
 30
0.0
 40
0.3600000000000136
100
AcDbArc
 50
270.0
 51
25.35776369601139
  0
ARC
  5
2FA
330
23F
100
AcDbEntity
  8
xian
 62
    18
420
        0
370
     0
100
AcDbCircle
 10
15.53704970859985
 20
1.42646713141039
 30
0.0
 40
0.3600000000000136
100
AcDbArc
 50
25.3577636958949
 51
90.0
  0
LINE
  5
2FB
330
23F
100
AcDbEntity
  8
xian
 62
    18
420
        0
370
     0
100
AcDbLine
 10
7.016307142904452
 20
-0.2135328685890272
 30
0.0
 11
16.14368248640971
 21
-0.2135328685890272
 31
0.0
  0
LINE
  5
2FC
330
23F
100
AcDbEntity
  8
xian
 62
    18
420
        0
370
     0
100
AcDbLine
 10
7.016307142904452
 20
-0.6135328685904824
 30
0.0
 11
16.67448616699334
 21
-0.6135328685904824
 31
0.0
  0
ARC
  5
2FD
330
23F
100
AcDbEntity
  8
xian
 62
    18
420
        0
370
     0
100
AcDbCircle
 10
-15.22900257151991
 20
1.346467131410463
 30
0.0
 40
0.3600000000014634
100
AcDbArc
 50
154.6422363042216
 51
270.0
  0
ARC
  5
2FE
330
23F
100
AcDbEntity
  8
xian
 62
    18
420
        0
370
     0
100
AcDbCircle
 10
-6.500055777215266
 20
1.266467131410536
 30
0.0
 40
0.2800000000000864
100
AcDbArc
 50
270.0
 51
332.8565800642866
  0
LINE
  5
2FF
330
23F
100
AcDbEntity
  8
xian
 62
    18
420
        0
370
     0
100
AcDbLine
 10
-17.4659609396956
 20
-3.013532868590118
 30
0.0
 11
17.81192262538684
 21
-3.013532868590118
 31
0.0
  0
LINE
  5
300
330
23F
100
AcDbEntity
  8
xian
 62
    18
420
        0
370
     0
100
AcDbLine
 10
-16.93515725911197
 20
-2.613532868590482
 30
0.0
 11
-6.34615158644442
 21
-2.613532868590482
 31
0.0
  0
ARC
  5
301
330
23F
100
AcDbEntity
  8
xian
 62
    18
420
        0
370
     0
100
AcDbCircle
 10
-16.32852448130211
 20
-0.9735328685892454
 30
0.0
 40
0.3600000000001273
100
AcDbArc
 50
90.0
 51
154.6422363041051
  0
LINE
  5
302
330
23F
100
AcDbEntity
  8
xian
 62
    18
420
        0
370
     0
100
AcDbLine
 10
-18.03467916889053
 20
-4.213532868589027
 30
0.0
 11
-4.304675892148907
 21
-4.213532868589027
 31
0.0
  0
ARC
  5
303
330
23F
100
AcDbEntity
  8
xian
 62
    18
420
        0
370
     0
100
AcDbCircle
 10
-6.34615158644442
 20
-2.333532868589827
 30
0.0
 40
0.279999999999859
100
AcDbArc
 50
270.0
 51
38.19804352088172
  0
ARC
  5
304
330
23F
100
AcDbEntity
  8
xian
 62
    18
420
        0
370
     0
100
AcDbCircle
 10
7.016307142904452
 20
-0.8935328685893182
 30
0.0
 40
0.2800000000000864
100
AcDbArc
 50
90.0
 51
180.0
  0
ARC
  5
305
330
23F
100
AcDbEntity
  8
xian
 62
    18
420
        0
370
     0
100
AcDbCircle
 10
16.10576793779478
 20
0.2264671314096631
 30
0.0
 40
0.3600000000000251
100
AcDbArc
 50
25.35776369588932
 51
90.0
  0
LINE
  5
306
330
23F
100
AcDbEntity
  8
xian
 62
    18
420
        0
370
     0
100
AcDbLine
 10
-16.89724271049704
 20
-1.813532868589391
 30
0.0
 11
-6.500055777215266
 21
-1.813532868589391
 31
0.0
  0
ARC
  5
307
330
23F
100
AcDbEntity
  8
xian
 62
    18
420
        0
370
     0
100
AcDbCircle
 10
6.69940659698409
 20
-2.333532868589827
 30
0.0
 40
0.2800000000006431
100
AcDbArc
 50
141.8019564793056
 51
270.0
  0
ARC
  5
308
330
23F
100
AcDbEntity
  8
xian
 62
    18
420
        0
370
     0
100
AcDbCircle
 10
6.853310787751297
 20
-2.093532868590045
 30
0.0
 40
0.2799999999999727
100
AcDbArc
 50
90.0
 51
152.8565800640595
  0
ARC
  5
309
330
23F
100
AcDbEntity
  8
xian
 62
    18
420
        0
370
     0
100
AcDbCircle
 10
-6.66305213236842
 20
-0.8935328685893182
 30
0.0
 40
0.2800000000000864
100
AcDbArc
 50
0.0
 51
90.0
  0
LINE
  5
30A
330
23F
100
AcDbEntity
  8
xian
 62
    18
420
        0
370
     0
100
AcDbLine
 10
6.69940659698409
 20
-2.613532868590482
 30
0.0
 11
17.28111894480321
 21
-2.613532868590482
 31
0.0
  0
ARC
  5
30B
330
23F
100
AcDbEntity
  8
xian
 62
    18
420
        0
370
     0
100
AcDbCircle
 10
16.67448616699334
 20
-0.9735328685892454
 30
0.0
 40
0.3600000000001273
100
AcDbArc
 50
25.3577636958949
 51
90.0
  0
ARC
  5
30C
330
23F
100
AcDbEntity
  8
xian
 62
    18
420
        0
370
     0
100
AcDbCircle
 10
-18.03467916889053
 20
-4.573532868589609
 30
0.0
 40
0.3600000000015608
100
AcDbArc
 50
90.0
 51
154.6422363042216
  0
LINE
  5
30D
330
23F
100
AcDbEntity
  8
xian
 62
    18
420
        0
370
     0
100
AcDbLine
 10
6.853310787751297
 20
-1.813532868589391
 30
0.0
 11
17.24320439618827
 21
-1.813532868589391
 31
0.0
  0
LINE
  5
30E
330
23F
100
AcDbEntity
  8
xian
 62
    18
420
        0
370
     0
100
AcDbLine
 10
7.016307142904452
 20
-1.413532868589754
 30
0.0
 11
16.71240071560464
 21
-1.413532868589754
 31
0.0
  0
ARC
  5
30F
330
23F
100
AcDbEntity
  8
xian
 62
    18
420
        0
370
     0
100
AcDbCircle
 10
-6.66305213236842
 20
0.3064671314095904
 30
0.0
 40
0.2800000000000864
100
AcDbArc
 50
0.0
 51
90.0
  0
LINE
  5
310
330
23F
100
AcDbEntity
  8
xian
 62
    18
420
        0
370
     0
100
AcDbLine
 10
-15.22900257151991
 20
0.9864671314098814
 30
0.0
 11
-6.500055777215266
 21
0.9864671314098814
 31
0.0
  0
ARC
  5
311
330
23F
100
AcDbEntity
  8
xian
 62
    18
420
        0
370
     0
100
AcDbCircle
 10
-15.75980625210354
 20
0.2264671314096631
 30
0.0
 40
0.3600000000000251
100
AcDbArc
 50
90.0
 51
154.6422363041106
  0
ARC
  5
312
330
23F
100
AcDbEntity
  8
xian
 62
    18
420
        0
370
     0
100
AcDbCircle
 10
17.28111894480321
 20
-2.2535328685899
 30
0.0
 40
0.3600000000000739
100
AcDbArc
 50
270.0
 51
25.3577636958949
  0
ARC
  5
313
330
23F
100
AcDbEntity
  8
xian
 62
    18
420
        0
370
     0
100
AcDbCircle
 10
7.016307142904452
 20
0.0664671314098087
 30
0.0
 40
0.2800000000000864
100
AcDbArc
 50
180.0
 51
270.0
  0
LINE
  5
314
330
23F
100
AcDbEntity
  8
xian
 62
    18
420
        0
370
     0
100
AcDbLine
 10
-14.66028434232498
 20
2.186467131410608
 30
0.0
 11
15.00624602801622
 21
2.186467131410608
 31
0.0
  0
ARC
  5
315
330
23F
100
AcDbEntity
  8
xian
 62
    18
420
        0
370
     0
100
AcDbCircle
 10
-6.500055777215266
 20
-2.093532868590045
 30
0.0
 40
0.2800000000002423
100
AcDbArc
 50
27.14341993582399
 51
90.0
  0
ARC
  5
316
330
23F
100
AcDbEntity
  8
xian
 62
    18
420
        0
370
     0
100
AcDbCircle
 10
17.24320439618827
 20
-2.173532868589973
 30
0.0
 40
0.3600000000000739
100
AcDbArc
 50
25.3577636958949
 51
90.0
  0
LINE
  5
317
330
23F
100
AcDbEntity
  8
xian
 62
    18
420
        0
370
     0
100
AcDbLine
 10
-15.75980625210354
 20
0.5864671314102452
 30
0.0
 11
-6.66305213236842
 21
0.5864671314102452
 31
0.0
  0
ARC
  5
318
330
23F
100
AcDbEntity
  8
xian
 62
    18
420
        0
370
     0
100
AcDbCircle
 10
7.016307142904452
 20
0.3064671314095904
 30
0.0
 40
0.2800000000000864
100
AcDbArc
 50
90.0
 51
180.0
  0
ARC
  5
319
330
23F
100
AcDbEntity
  8
xian
 62
    18
420
        0
370
     0
100
AcDbCircle
 10
-6.66305213236842
 20
-1.133532868589099
 30
0.0
 40
0.2799999999999727
100
AcDbArc
 50
270.0
 51
0.0
  0
LINE
  5
31A
330
23F
100
AcDbEntity
  8
xian
 62
    18
420
        0
370
     0
100
AcDbLine
 10
5.536307142904888
 20
1.391262422108411
 30
0.0
 11
-5.183052132368857
 21
1.391262422108411
 31
0.0
  0
ARC
  5
31B
330
23F
100
AcDbEntity
  8
xian
 62
    18
420
        0
370
     0
100
AcDbCircle
 10
5.536307142904888
 20
-1.418328159288648
 30
0.0
 40
0.8000000000001818
100
AcDbArc
 50
270.0
 51
0.0
  0
LINE
  5
31C
330
23F
100
AcDbEntity
  8
xian
 62
    18
420
        0
370
     0
100
AcDbLine
 10
6.336307142907799
 20
-1.418328159288648
 30
0.0
 11
6.336307142907799
 21
0.5912624221091392
 31
0.0
  0
LINE
  5
31D
330
23F
100
AcDbEntity
  8
xian
 62
    18
420
        0
370
     0
100
AcDbLine
 10
-5.183052132368857
 20
-2.218328159287921
 30
0.0
 11
5.536307142904888
 21
-2.218328159287921
 31
0.0
  0
LINE
  5
31E
330
23F
100
AcDbEntity
  8
xian
 62
    18
420
        0
370
     0
100
AcDbLine
 10
-5.983052132368129
 20
0.5912624221091392
 30
0.0
 11
-5.983052132368129
 21
-1.418328159288648
 31
0.0
  0
ARC
  5
31F
330
23F
100
AcDbEntity
  8
xian
 62
    18
420
        0
370
     0
100
AcDbCircle
 10
-5.183052132368857
 20
-1.418328159288648
 30
0.0
 40
0.7999999999999546
100
AcDbArc
 50
180.0
 51
270.0
  0
ARC
  5
320
330
23F
100
AcDbEntity
  8
xian
 62
    18
420
        0
370
     0
100
AcDbCircle
 10
5.536307142904888
 20
0.5912624221091392
 30
0.0
 40
0.8000000000001818
100
AcDbArc
 50
0.0
 51
90.0
  0
ARC
  5
321
330
23F
100
AcDbEntity
  8
xian
 62
    18
420
        0
370
     0
100
AcDbCircle
 10
-5.183052132368857
 20
0.5912624221091392
 30
0.0
 40
0.7999999999999546
100
AcDbArc
 50
90.0
 51
180.0
  0
LINE
  5
322
330
23F
100
AcDbEntity
  8
xian
 62
    18
420
        0
370
     0
100
AcDbLine
 10
-3.623123751808407
 20
-4.580076498436028
 30
0.0
 11
-3.478737700658484
 21
-4.648505647877755
 31
0.0
  0
ELLIPSE
  5
323
330
23F
100
AcDbEntity
  8
xian
 62
    18
420
        0
370
     0
100
AcDbEllipse
 10
-3.363757153689903
 20
-4.648505647877755
 30
0.0
 11
0.9419532981037264
 21
1.982072829241474
 31
0.0
210
0.0
220
0.0
230
1.0
 40
0.0473344560036446
 41
1.593287593434893
 42
2.352122891551144
  0
ARC
  5
324
330
23F
100
AcDbEntity
  8
xian
 62
    18
420
        0
370
     0
100
AcDbCircle
 10
-4.194959773562686
 20
-5.932808950425169
 30
0.0
 40
0.1289525518859443
100
AcDbArc
 50
250.4562232727341
 51
321.7351609718766
  0
ELLIPSE
  5
325
330
23F
100
AcDbEntity
  8
xian
 62
    18
420
        0
370
     0
100
AcDbEllipse
 10
3.709718839381139
 20
-4.648505647877755
 30
0.0
 11
-0.9419532981039537
 21
1.982072829241474
 31
0.0
210
0.0
220
0.0
230
1.0
 40
0.0473344560036425
 41
3.931062415623546
 42
4.689897713744688
  0
LINE
  5
326
330
23F
100
AcDbEntity
  8
xian
 62
    18
420
        0
370
     0
100
AcDbLine
 10
3.82469938634972
 20
-4.648505647877755
 30
0.0
 11
3.969085437499643
 21
-4.580076498436028
 31
0.0
  0
ARC
  5
327
330
23F
100
AcDbEntity
  8
xian
 62
    18
420
        0
370
     0
100
AcDbCircle
 10
4.540921459253922
 20
-5.932808950421531
 30
0.0
 40
0.1289525518896635
100
AcDbArc
 50
218.2648390291244
 51
289.5437767267051
  0
LINE
  5
328
330
23F
100
AcDbEntity
  8
xian
 62
    18
420
        0
370
     0
100
AcDbLine
 10
0.6323801901446587
 20
-0.9630020499425882
 30
0.0
 11
0.6323801901446587
 21
-0.770578045390721
 31
0.0
  0
LINE
  5
329
330
23F
100
AcDbEntity
  8
xian
 62
    18
420
        0
370
     0
100
AcDbLine
 10
0.6323801901446587
 20
-0.770578045390721
 30
0.0
 11
0.6442108571675363
 21
-0.7587473783696624
 31
0.0
  0
LINE
  5
32A
330
23F
100
AcDbEntity
  8
xian
 62
    18
420
        0
370
     0
100
AcDbLine
 10
0.6442108571675363
 20
-0.9748327169636468
 30
0.0
 11
0.6442108571675363
 21
-0.7587473783696624
 31
0.0
  0
LINE
  5
32B
330
23F
100
AcDbEntity
  8
xian
 62
    18
420
        0
370
     0
100
AcDbLine
 10
0.6323801901446587
 20
-0.9630020499425882
 30
0.0
 11
0.6442108571675363
 21
-0.9748327169636468
 31
0.0
  0
LINE
  5
32C
330
23F
100
AcDbEntity
  8
xian
 62
    18
420
        0
370
     0
100
AcDbLine
 10
-1.705186977801304
 20
0.1355867682595999
 30
0.0
 11
-1.927492371386279
 21
0.1355867682595999
 31
0.0
  0
LINE
  5
32D
330
23F
100
AcDbEntity
  8
xian
 62
    18
420
        0
370
     0
100
AcDbLine
 10
-1.927492371386279
 20
0.1355867682595999
 30
0.0
 11
-1.945312122465793
 21
0.1474174352806585
 31
0.0
  0
LINE
  5
32E
330
23F
100
AcDbEntity
  8
xian
 62
    18
420
        0
370
     0
100
AcDbLine
 10
-1.697322922675766
 20
0.1474174352806585
 30
0.0
 11
-1.945312122465793
 21
0.1474174352806585
 31
0.0
  0
LINE
  5
32F
330
23F
100
AcDbEntity
  8
xian
 62
    18
420
        0
370
     0
100
AcDbLine
 10
-1.705186977801304
 20
0.1355867682595999
 30
0.0
 11
-1.697322922675766
 21
0.1474174352806585
 31
0.0
  0
LINE
  5
330
330
23F
100
AcDbEntity
  8
xian
 62
    18
420
        0
370
     0
100
AcDbLine
 10
-4.782304932338547
 20
-0.0431319171711948
 30
0.0
 11
-4.225363549260464
 21
-0.0431319171711948
 31
0.0
  0
LINE
  5
331
330
23F
100
AcDbEntity
  8
xian
 62
    18
420
        0
370
     0
100
AcDbLine
 10
-4.225363549260464
 20
-0.0431319171711948
 30
0.0
 11
-4.237194216279704
 21
-0.0549625841922534
 31
0.0
  0
LINE
  5
332
330
23F
100
AcDbEntity
  8
xian
 62
    18
420
        0
370
     0
100
AcDbLine
 10
-4.794135599361425
 20
-0.0549625841922534
 30
0.0
 11
-4.237194216279704
 21
-0.0549625841922534
 31
0.0
  0
LINE
  5
333
330
23F
100
AcDbEntity
  8
xian
 62
    18
420
        0
370
     0
100
AcDbLine
 10
-4.782304932338547
 20
-0.0431319171711948
 30
0.0
 11
-4.794135599361425
 21
-0.0549625841922534
 31
0.0
  0
LINE
  5
334
330
23F
100
AcDbEntity
  8
xian
 62
    18
420
        0
370
     0
100
AcDbLine
 10
-0.3051391345186403
 20
-0.9630020499425882
 30
0.0
 11
0.6323801901446587
 21
-0.9630020499425882
 31
0.0
  0
LINE
  5
335
330
23F
100
AcDbEntity
  8
xian
 62
    18
420
        0
370
     0
100
AcDbLine
 10
-0.3169698015415179
 20
-0.9748327169636468
 30
0.0
 11
0.6442108571675363
 21
-0.9748327169636468
 31
0.0
  0
LINE
  5
336
330
23F
100
AcDbEntity
  8
xian
 62
    18
420
        0
370
     0
100
AcDbLine
 10
-0.3051391345186403
 20
-0.9630020499425882
 30
0.0
 11
-0.3169698015415179
 21
-0.9748327169636468
 31
0.0
  0
LINE
  5
337
330
23F
100
AcDbEntity
  8
xian
 62
    18
420
        0
370
     0
100
AcDbLine
 10
0.6323801901446587
 20
-0.770578045390721
 30
0.0
 11
0.2796883717921901
 21
-0.770578045390721
 31
0.0
  0
LINE
  5
338
330
23F
100
AcDbEntity
  8
xian
 62
    18
420
        0
370
     0
100
AcDbLine
 10
0.2796883717921901
 20
-0.770578045390721
 30
0.0
 11
0.2915190388150677
 21
-0.7587473783696624
 31
0.0
  0
LINE
  5
339
330
23F
100
AcDbEntity
  8
xian
 62
    18
420
        0
370
     0
100
AcDbLine
 10
0.6442108571675363
 20
-0.7587473783696624
 30
0.0
 11
0.2915190388150677
 21
-0.7587473783696624
 31
0.0
  0
LINE
  5
33A
330
23F
100
AcDbEntity
  8
xian
 62
    18
420
        0
370
     0
100
AcDbLine
 10
-5.366589383244672
 20
-1.419854179128378
 30
0.0
 11
-5.365520217089169
 21
-1.420923345287519
 31
0.0
  0
LINE
  5
33B
330
23F
100
AcDbEntity
  8
xian
 62
    18
420
        0
370
     0
100
AcDbLine
 10
-5.366589383244672
 20
-1.419854179128378
 30
0.0
 11
-5.366589383244672
 21
-1.138940092654593
 31
0.0
  0
LINE
  5
33C
330
23F
100
AcDbEntity
  8
xian
 62
    18
420
        0
370
     0
100
AcDbLine
 10
-5.366589383244672
 20
-1.138940092654593
 30
0.0
 11
-5.365520217089169
 21
-1.137870926495452
 31
0.0
  0
SPLINE
  5
33D
330
23F
100
AcDbEntity
  8
xian
 62
    18
420
        0
370
     0
100
AcDbSpline
210
0.0
220
0.0
230
1.0
 70
     8
 71
     3
 72
     8
 73
     4
 74
     0
 42
0.00000001
 43
0.0000000001
 40
0.0000258346235171
 40
0.0000258346235171
 40
0.0000258346235171
 40
0.0000258346235171
 40
0.0002840179601968
 40
0.0002840179601968
 40
0.0002840179601968
 40
0.0002840179601968
 10
-5.365520217089169
 20
-1.137870926495452
 30
0.0
 10
-5.361930919160613
 20
-1.143928739249531
 30
0.0
 10
-5.35834322633741
 20
-1.150361038566188
 30
0.0
 10
-5.354758716225433
 20
-1.157377931209339
 30
0.0
  0
LINE
  5
33E
330
23F
100
AcDbEntity
  8
xian
 62
    18
420
        0
370
     0
100
AcDbLine
 10
-5.354758716225433
 20
-1.401416340573632
 30
0.0
 11
-5.354758716225433
 21
-1.157377931209339
 31
0.0
  0
SPLINE
  5
33F
330
23F
100
AcDbEntity
  8
xian
 62
    18
420
        0
370
     0
100
AcDbSpline
210
0.0
220
0.0
230
1.0
 70
     8
 71
     3
 72
     8
 73
     4
 74
     0
 42
0.00000001
 43
0.0000000001
 40
0.0000360840328339
 40
0.0000360840328339
 40
0.0000360840328339
 40
0.0000360840328339
 40
0.0002942673695127
 40
0.0002942673695127
 40
0.0002942673695127
 40
0.0002942673695127
 10
-5.354758716225433
 20
-1.401416340573632
 30
0.0
 10
-5.35834322633741
 20
-1.408433233216783
 30
0.0
 10
-5.361930919160613
 20
-1.41486553253344
 30
0.0
 10
-5.365520217089169
 20
-1.420923345287519
 30
0.0
  0
LINE
  5
340
330
23F
100
AcDbEntity
  8
xian
 62
    18
420
        0
370
     0
100
AcDbLine
 10
-5.424910519225477
 20
-1.302781070216951
 30
0.0
 11
-5.424910519221839
 21
-1.36769478572387
 31
0.0
  0
LINE
  5
341
330
23F
100
AcDbEntity
  8
xian
 62
    18
420
        0
370
     0
100
AcDbLine
 10
-5.424910519221839
 20
-1.36769478572387
 30
0.0
 11
-5.436741186244717
 21
-1.355864118702811
 31
0.0
  0
LINE
  5
342
330
23F
100
AcDbEntity
  8
xian
 62
    18
420
        0
370
     0
100
AcDbLine
 10
-5.436741186244717
 20
-1.31461173723801
 30
0.0
 11
-5.436741186244717
 21
-1.355864118702811
 31
0.0
  0
LINE
  5
343
330
23F
100
AcDbEntity
  8
xian
 62
    18
420
        0
370
     0
100
AcDbLine
 10
-5.424910519225477
 20
-1.302781070216951
 30
0.0
 11
-5.436741186244717
 21
-1.31461173723801
 31
0.0
  0
LINE
  5
344
330
23F
100
AcDbEntity
  8
xian
 62
    18
420
        0
370
     0
100
AcDbLine
 10
-3.45774079366015
 20
-0.6518045597149467
 30
0.0
 11
-3.473354699381843
 21
-0.6399559459387092
 31
0.0
  0
LINE
  5
345
330
23F
100
AcDbEntity
  8
xian
 62
    18
420
        0
370
     0
100
AcDbLine
 10
-3.276386802951265
 20
-0.6401822438328964
 30
0.0
 11
-3.473354699381843
 21
-0.6399559459387092
 31
0.0
  0
LINE
  5
346
330
23F
100
AcDbEntity
  8
xian
 62
    18
420
        0
370
     0
100
AcDbLine
 10
-3.282276901770046
 20
-0.6520061514838745
 30
0.0
 11
-3.276386802951265
 21
-0.6401822438328964
 31
0.0
  0
ARC
  5
347
330
23F
100
AcDbEntity
  8
xian
 62
    18
420
        0
370
     0
100
AcDbCircle
 10
-3.075319219053881
 20
-4.732757593914357
 30
0.0
 40
0.4006328141596551
100
AcDbArc
 50
90.10679751710656
 51
154.535438787325
  0
LINE
  5
348
330
23F
100
AcDbEntity
  8
xian
 62
    18
420
        0
370
     0
100
AcDbLine
 10
-3.437031113368675
 20
-4.560504416023832
 30
0.0
 11
-3.429886686925556
 21
-4.172344750169941
 31
0.0
  0
LINE
  5
349
330
23F
100
AcDbEntity
  8
xian
 62
    18
420
        0
370
     0
100
AcDbLine
 10
-3.429886686925556
 20
-4.172344750169941
 30
0.0
 11
-3.076065985490231
 21
-4.332125475730208
 31
0.0
  0
SPLINE
  5
34A
330
23F
100
AcDbEntity
  8
xian
 62
    18
420
        0
370
     0
100
AcDbSpline
210
0.0
220
0.0
230
1.0
 70
     8
 71
     3
 72
    20
 73
    16
 74
     0
 42
0.00000001
 43
0.0000000001
 40
0.0000000000004322
 40
0.0000000000004322
 40
0.0000000000004322
 40
0.0000000000004322
 40
0.0000445895005901
 40
0.0000445895005901
 40
0.0000445895005901
 40
0.0000670592975796
 40
0.0000670592975796
 40
0.0000670592975796
 40
0.0000799539687906
 40
0.0000799539687906
 40
0.0000799539687906
 40
0.0000929422185303
 40
0.0000929422185303
 40
0.0000929422185303
 40
0.0001079862149723
 40
0.0001079862149723
 40
0.0001079862149723
 40
0.0001079862149723
 10
-5.453901396701212
 20
-1.430643664451054
 30
0.0
 10
-5.463705118586176
 20
-1.430291549195317
 30
0.0
 10
-5.473063307811344
 20
-1.429137832588821
 30
0.0
 10
-5.483026532791654
 20
-1.426761122846073
 30
0.0
 10
-5.488035079747305
 20
-1.425566342806632
 30
0.0
 10
-5.493305866898253
 20
-1.42401285161759
 30
0.0
 10
-5.498730728687178
 20
-1.421975767401818
 30
0.0
 10
-5.501856689520309
 20
-1.420801941096215
 30
0.0
 10
-5.505089887411259
 20
-1.41943904844993
 30
0.0
 10
-5.508196145322244
 20
-1.417965857230228
 30
0.0
 10
-5.511317777517206
 20
-1.416485374515104
 30
0.0
 10
-5.514377771833778
 20
-1.414859995657025
 30
0.0
 10
-5.517123441612739
 20
-1.413258031436271
 30
0.0
 10
-5.520305271202914
 20
-1.41140158926828
 30
0.0
 10
-5.523163220765809
 20
-1.409530677232396
 30
0.0
 10
-5.525673959015648
 20
-1.407753482602856
 30
0.0
  0
SPLINE
  5
34B
330
23F
100
AcDbEntity
  8
xian
 62
    18
420
        0
370
     0
100
AcDbSpline
210
0.0
220
0.0
230
1.0
 70
     8
 71
     3
 72
    35
 73
    31
 74
     0
 42
0.00000001
 43
0.0000000001
 40
0.0000262382552903
 40
0.0000262382552903
 40
0.0000262382552903
 40
0.0000262382552903
 40
0.0001032635329016
 40
0.0001032635329016
 40
0.0001032635329016
 40
0.0001672817865224
 40
0.0001672817865224
 40
0.0001672817865224
 40
0.0002077381280313
 40
0.0002077381280313
 40
0.0002077381280313
 40
0.0002340658222589
 40
0.0002340658222589
 40
0.0002340658222589
 40
0.0002603899293856
 40
0.0002603899293856
 40
0.0002603899293856
 40
0.0002726500391352
 40
0.0002726500391352
 40
0.0002726500391352
 40
0.00028263141603
 40
0.00028263141603
 40
0.00028263141603
 40
0.0002896903837274
 40
0.0002896903837274
 40
0.0002896903837274
 40
0.0002967771747017
 40
0.0002967771747017
 40
0.0002967771747017
 40
0.0003051442779759
 40
0.0003051442779759
 40
0.0003051442779759
 40
0.0003051442779759
 10
-5.365520217085531
 20
-1.420923345287519
 30
0.0
 10
-5.369636189044058
 20
-1.421976545372672
 30
0.0
 10
-5.37405351565826
 20
-1.423026868485976
 30
0.0
 10
-5.378989410259919
 20
-1.424070372986534
 30
0.0
 10
-5.383091794371239
 20
-1.424937663845412
 30
0.0
 10
-5.387542288605573
 20
-1.425801171692
 30
0.0
 10
-5.392668589721097
 20
-1.426653410517246
 30
0.0
 10
-5.39590823722824
 20
-1.427191996395777
 30
0.0
 10
-5.399417893888994
 20
-1.4277268152764
 30
0.0
 10
-5.403427774913097
 20
-1.42825101022754
 30
0.0
 10
-5.406037326160685
 20
-1.42859214593227
 30
0.0
 10
-5.408861136432051
 20
-1.428929457939375
 30
0.0
 10
-5.412060837967828
 20
-1.42925654078499
 30
0.0
 10
-5.41525274711671
 20
-1.42958282706968
 30
0.0
 10
-5.418813332002855
 20
-1.429903090449442
 30
0.0
 10
-5.423185752723611
 20
-1.430189453170896
 30
0.0
 10
-5.425227079319256
 20
-1.43032314566517
 30
0.0
 10
-5.427470320152451
 20
-1.4304502940995
 30
0.0
 10
-5.429996719031578
 20
-1.430558944124641
 30
0.0
 10
-5.432046443934041
 20
-1.430647094362939
 30
0.0
 10
-5.434330407421612
 20
-1.430724382291373
 30
0.0
 10
-5.436799928899517
 20
-1.430775117218217
 30
0.0
 10
-5.438550156909286
 20
-1.430811074664234
 30
0.0
 10
-5.440432035968797
 20
-1.430833783520938
 30
0.0
 10
-5.442310390605371
 20
-1.430838199750724
 30
0.0
 10
-5.44419427754542
 20
-1.430842628988102
 30
0.0
 10
-5.446117325151817
 20
-1.430828584874689
 30
0.0
 10
-5.447919107745065
 20
-1.430799456171371
 30
0.0
 10
-5.450047216698976
 20
-1.430765051880371
 30
0.0
 10
-5.452064949801524
 20
-1.430709625461531
 30
0.0
 10
-5.453901396850369
 20
-1.430643664498347
 30
0.0
  0
ARC
  5
34C
330
23F
100
AcDbEntity
  8
xian
 62
    18
420
        0
370
     0
100
AcDbCircle
 10
-5.443022505690123
 20
-1.279397135891485
 30
0.0
 40
0.1505960917220385
100
AcDbArc
 50
305.8804657386135
 51
54.11953426131377
  0
SPLINE
  5
34D
330
23F
100
AcDbEntity
  8
xian
 62
    18
420
        0
370
     0
100
AcDbSpline
210
0.0
220
0.0
230
1.0
 70
     8
 71
     3
 72
    14
 73
    10
 74
     0
 42
0.00000001
 43
0.0000000001
 40
0.0
 40
0.0
 40
0.0
 40
0.0
 40
0.1249999999996207
 40
0.1249999999996207
 40
0.2499999999992415
 40
0.2499999999992415
 40
0.4999999999994628
 40
0.4999999999994628
 40
1.0
 40
1.0
 40
1.0
 40
1.0
 10
-5.435809489922348
 20
-1.128041121957721
 30
0.0
 10
-5.428024989884534
 20
-1.128226505663405
 30
0.0
 10
-5.422586145287596
 20
-1.128610093421229
 30
0.0
 10
-5.413431310539408
 20
-1.129366149045381
 30
0.0
 10
-5.409735579662765
 20
-1.129765634985233
 30
0.0
 10
-5.399634118912899
 20
-1.130988083144984
 30
0.0
 10
-5.394284705701238
 20
-1.131838125822469
 30
0.0
 10
-5.379821216808295
 20
-1.134395705528731
 30
0.0
 10
-5.372328387595871
 20
-1.136128843254482
 30
0.0
 10
-5.365520217085531
 20
-1.137870926495452
 30
0.0
  0
SPLINE
  5
34E
330
23F
100
AcDbEntity
  8
xian
 62
    18
420
        0
370
     0
100
AcDbSpline
210
0.0
220
0.0
230
1.0
 70
     8
 71
     3
 72
     8
 73
     4
 74
     0
 42
0.00000001
 43
0.0000000001
 40
0.0000359383770687
 40
0.0000359383770687
 40
0.0000359383770687
 40
0.0000359383770687
 40
0.0000582190070619
 40
0.0000582190070619
 40
0.0000582190070619
 40
0.0000582190070619
 10
-5.436741186244717
 20
-1.128932097200959
 30
0.0
 10
-5.436430623104342
 20
-1.128634228345617
 30
0.0
 10
-5.436120057642938
 20
-1.128337241741974
 30
0.0
 10
-5.435809489922348
 20
-1.128041121957721
 30
0.0
  0
ARC
  5
34F
330
23F
100
AcDbEntity
  8
xian
 62
    18
420
        0
370
     0
100
AcDbCircle
 10
-5.443022505690123
 20
-1.279397135891485
 30
0.0
 40
0.1505960917220326
100
AcDbArc
 50
87.60951613926447
 51
107.1312830727284
  0
SPLINE
  5
350
330
23F
100
AcDbEntity
  8
xian
 62
    18
420
        0
370
     0
100
AcDbSpline
210
0.0
220
0.0
230
1.0
 70
     8
 71
     3
 72
     8
 73
     4
 74
     0
 42
0.00000001
 43
0.0000000001
 40
0.0000742101716808
 40
0.0000742101716808
 40
0.0000742101716808
 40
0.0000742101716808
 40
0.0002000333760605
 40
0.0002000333760605
 40
0.0002000333760605
 40
0.0002000333760605
 10
-5.494725395518571
 20
-1.132368129879978
 30
0.0
 10
-5.492294394419104
 20
-1.133371516278202
 30
0.0
 10
-5.489847398538358
 20
-1.134408292455191
 30
0.0
 10
-5.487382412339457
 20
-1.135482642097485
 30
0.0
  0
SPLINE
  5
351
330
23F
100
AcDbEntity
  8
xian
 62
    18
420
        0
370
     0
100
AcDbSpline
210
0.0
220
0.0
230
1.0
 70
     8
 71
     3
 72
     8
 73
     4
 74
     0
 42
0.00000001
 43
0.0000000001
 40
0.0
 40
0.0
 40
0.0
 40
0.0
 40
1.0
 40
1.0
 40
1.0
 40
1.0
 10
-5.524596220581543
 20
-1.138940092654593
 30
0.0
 10
-5.516379154313426
 20
-1.136727043900464
 30
0.0
 10
-5.507356928480248
 20
-1.134524358611088
 30
0.0
 10
-5.494725395507657
 20
-1.13236812987634
 30
0.0
  0
ARC
  5
352
330
23F
100
AcDbEntity
  8
xian
 62
    18
420
        0
370
     0
100
AcDbCircle
 10
-5.443022505690123
 20
-1.279397135891485
 30
0.0
 40
0.162426758743916
100
AcDbArc
 50
132.0207372229045
 51
120.1468802770671
  0
SPLINE
  5
353
330
23F
100
AcDbEntity
  8
xian
 62
    18
420
        0
370
     0
100
AcDbSpline
210
0.0
220
0.0
230
1.0
 70
     8
 71
     3
 72
     8
 73
     4
 74
     0
 42
0.00000001
 43
0.0000000001
 40
0.0000360019578033
 40
0.0000360019578033
 40
0.0000360019578033
 40
0.0000360019578033
 40
0.0003193238438925
 40
0.0003193238438925
 40
0.0003193238438925
 40
0.0003193238438925
 10
-5.555090538499598
 20
-1.178799229033757
 30
0.0
 10
-5.554121528017958
 20
-1.17181810947477
 30
0.0
 10
-5.552993095360534
 20
-1.165158934070859
 30
0.0
 10
-5.551750901821606
 20
-1.158729875083736
 30
0.0
  0
ARC
  5
354
330
23F
100
AcDbEntity
  8
xian
 62
    18
420
        0
370
     0
100
AcDbCircle
 10
-5.443022505690123
 20
-1.279397135891485
 30
0.0
 40
0.1505960917232805
100
AcDbArc
 50
138.0872535032116
 51
228.3327258058365
  0
SPLINE
  5
355
330
23F
100
AcDbEntity
  8
xian
 62
    18
420
        0
370
     0
100
AcDbSpline
210
0.0
220
0.0
230
1.0
 70
     8
 71
     3
 72
    11
 73
     7
 74
     0
 42
0.00000001
 43
0.0000000001
 40
0.0000014597513423
 40
0.0000014597513423
 40
0.0000014597513423
 40
0.0000014597513423
 40
0.0000322479475155
 40
0.0000322479475155
 40
0.0000322479475155
 40
0.000059061572629
 40
0.000059061572629
 40
0.000059061572629
 40
0.000059061572629
 10
-5.525673959022924
 20
-1.407753482601037
 30
0.0
 10
-5.530812824385748
 20
-1.404115947503669
 30
0.0
 10
-5.534132548877778
 20
-1.401131253087442
 30
0.0
 10
-5.536918268470572
 20
-1.398450720535038
 30
0.0
 10
-5.53936275898809
 20
-1.396098532457472
 30
0.0
 10
-5.541359955467441
 20
-1.393946878788483
 30
0.0
 10
-5.543139357706195
 20
-1.391895130471311
 30
0.0
  0
LINE
  5
356
330
23F
100
AcDbEntity
  8
xian
 62
    18
420
        0
370
     0
100
AcDbLine
 10
-15.13895978560026
 20
3.442965238000397
 30
0.0
 11
-15.21054046080166
 21
3.556102322991137
 31
0.0
  0
LINE
  5
357
330
23F
100
AcDbEntity
  8
xian
 62
    18
420
        0
370
     0
100
AcDbLine
 10
-15.21054046080166
 20
3.556102322991137
 30
0.0
 11
15.5565021464929
 21
3.556102322991137
 31
0.0
  0
LINE
  5
358
330
23F
100
AcDbEntity
  8
xian
 62
    18
420
        0
370
     0
100
AcDbLine
 10
15.4849214712915
 20
3.442965238000397
 30
0.0
 11
15.5565021464929
 21
3.556102322991137
 31
0.0
  0
LINE
  5
359
330
23F
100
AcDbEntity
  8
xian
 62
    18
420
        0
370
     0
100
AcDbLine
 10
5.135126676045956
 20
-0.9684802988413139
 30
0.0
 11
4.936479340044797
 21
-0.548899128305493
 31
0.0
  0
LINE
  5
35A
330
23F
100
AcDbEntity
  8
xian
 62
    18
420
        0
370
     0
100
AcDbLine
 10
4.936479340044797
 20
-0.548899128305493
 30
0.0
 11
4.941868597040638
 21
-0.532634550381772
 31
0.0
  0
LINE
  5
35B
330
23F
100
AcDbEntity
  8
xian
 62
    18
420
        0
370
     0
100
AcDbLine
 10
5.153817401161404
 20
-0.9803109658623725
 30
0.0
 11
4.941868597040638
 21
-0.532634550381772
 31
0.0
  0
LINE
  5
35C
330
23F
100
AcDbEntity
  8
xian
 62
    18
420
        0
370
     0
100
AcDbLine
 10
5.135126676045956
 20
-0.9684802988413139
 30
0.0
 11
5.153817401161404
 21
-0.9803109658623725
 31
0.0
  0
SPLINE
  5
35D
330
23F
100
AcDbEntity
  8
xian
 62
    18
420
        0
370
     0
100
AcDbSpline
210
0.0
220
0.0
230
1.0
 70
     8
 71
     3
 72
     8
 73
     4
 74
     0
 42
0.00000001
 43
0.0000000001
 40
-0.0000005964817366
 40
-0.0000005964817366
 40
-0.0000005964817366
 40
-0.0000005964817366
 40
1.000000570563406
 40
1.000000570563406
 40
1.000000570563406
 40
1.000000570563406
 10
-5.546604935226014
 20
-1.334852818978106
 30
0.0
 10
-5.546605055443023
 20
-1.35971413847983
 30
0.0
 10
-5.539549616486283
 20
-1.384632381837946
 30
0.0
 10
-5.519690115831281
 20
-1.400040845506737
 30
0.0
  0
LINE
  5
35E
330
23F
100
AcDbEntity
  8
xian
 62
    18
420
        0
370
     0
100
AcDbLine
 10
-5.519690081838007
 20
-1.400040871880264
 30
0.0
 11
-5.525673959019286
 21
-1.407753482602856
 31
0.0
  0
SPLINE
  5
35F
330
23F
100
AcDbEntity
  8
xian
 62
    18
420
        0
370
     0
100
AcDbSpline
210
0.0
220
0.0
230
1.0
 70
     8
 71
     3
 72
     8
 73
     4
 74
     0
 42
0.00000001
 43
0.0000000001
 40
-0.0000011121652765
 40
-0.0000011121652765
 40
-0.0000011121652765
 40
-0.0000011121652765
 40
0.7241239983762539
 40
0.7241239983762539
 40
0.7241239983762539
 40
0.7241239983762539
 10
-5.558435602248891
 20
-1.334852818978106
 30
0.0
 10
-5.558435713571043
 20
-1.35416390706996
 30
0.0
 10
-5.554402082744445
 20
-1.374907708674072
 30
0.0
 10
-5.543139357706195
 20
-1.391895130471311
 30
0.0
  0
LINE
  5
360
330
23F
100
AcDbEntity
  8
xian
 62
    18
420
        0
370
     0
100
AcDbLine
 10
-5.546604935226014
 20
-1.334852774487444
 30
0.0
 11
-5.558435602248891
 21
-1.334852729996782
 31
0.0
  0
LINE
  5
361
330
23F
100
AcDbEntity
  8
xian
 62
    18
420
        0
370
     0
100
AcDbLine
 10
-4.782304932338547
 20
0.1359350950406224
 30
0.0
 11
-4.782304932338547
 21
-0.0431319171711948
 31
0.0
  0
LINE
  5
362
330
23F
100
AcDbEntity
  8
xian
 62
    18
420
        0
370
     0
100
AcDbLine
 10
-4.794135599361425
 20
0.147765762061681
 30
0.0
 11
-4.794135599361425
 21
-0.0549625841922534
 31
0.0
  0
LINE
  5
363
330
23F
100
AcDbEntity
  8
xian
 62
    18
420
        0
370
     0
100
AcDbLine
 10
-4.782304932338547
 20
0.1359350950406224
 30
0.0
 11
-4.794135599361425
 21
0.147765762061681
 31
0.0
  0
LINE
  5
364
330
23F
100
AcDbEntity
  8
xian
 62
    18
420
        0
370
     0
100
AcDbLine
 10
-5.424910519221839
 20
-1.36769478572387
 30
0.0
 11
-5.446199296457734
 21
-1.367694785643834
 31
0.0
  0
LINE
  5
365
330
23F
100
AcDbEntity
  8
xian
 62
    18
420
        0
370
     0
100
AcDbLine
 10
-5.436741186244717
 20
-1.355864118702811
 30
0.0
 11
-5.446199374332309
 21
-1.355864118622776
 31
0.0
  0
LINE
  5
366
330
23F
100
AcDbEntity
  8
xian
 62
    18
420
        0
370
     0
100
AcDbLine
 10
-19.04357132727159
 20
-4.53162337951835
 30
0.0
 11
-15.21054046080166
 21
3.556102322991137
 31
0.0
  0
LINE
  5
367
330
23F
100
AcDbEntity
  8
xian
 62
    18
420
        0
370
     0
100
AcDbLine
 10
-2.95862817115335
 20
-0.826768270413595
 30
0.0
 11
-2.958629137982597
 21
-0.8149376034325541
 31
0.0
  0
SPLINE
  5
368
330
23F
100
AcDbEntity
  8
xian
 62
    18
420
        0
370
     0
100
AcDbSpline
210
0.0
220
0.0
230
1.0
 70
     8
 71
     3
 72
    14
 73
    10
 74
     0
 42
0.00000001
 43
0.0000000001
 40
-0.0003261973613059
 40
-0.0003261973613059
 40
-0.0003261973613059
 40
-0.0003261973613059
 40
0.0
 40
0.0
 40
0.0
 40
1.0
 40
1.0
 40
1.0
 40
1.000005860821027
 40
1.000005860821027
 40
1.000005860821027
 40
1.000005860821027
 10
-2.676958324195538
 20
-0.6991938154333184
 30
0.0
 10
-2.676982978392288
 20
-0.6992189131524356
 30
0.0
 10
-2.677007632589038
 20
-0.6992440108715528
 30
0.0
 10
-2.677032286785788
 20
-0.699269108588851
 30
0.0
 10
-2.752612901037309
 20
-0.7762093966885005
 30
0.0
 10
-2.848470962254168
 20
-0.8149376074106839
 30
0.0
 10
-2.958627201162698
 20
-0.8149376033525186
 30
0.0
 10
-2.958627846769331
 20
-0.8149376033525186
 30
0.0
 10
-2.958628492375964
 20
-0.8149376033525186
 30
0.0
 10
-2.958629137982597
 20
-0.8149376033525186
 30
0.0
  0
LINE
  5
369
330
23F
100
AcDbEntity
  8
xian
 62
    18
420
        0
370
     0
100
AcDbLine
 10
-2.668555519984465
 20
-0.7075221014765703
 30
0.0
 11
-2.676958324202814
 21
-0.6991938154405944
 31
0.0
  0
LINE
  5
36A
330
23F
100
AcDbEntity
  8
xian
 62
    18
420
        0
370
     0
100
AcDbLine
 10
-5.498850431723212
 20
-1.138940092654593
 30
0.0
 11
-5.494725395507657
 21
-1.13236812987634
 31
0.0
  0
LINE
  5
36B
330
23F
100
AcDbEntity
  8
xian
 62
    18
420
        0
370
     0
100
AcDbLine
 10
-5.498850431723212
 20
-1.138940092654593
 30
0.0
 11
-5.524596220581543
 21
-1.138940092654593
 31
0.0
  0
LINE
  5
36C
330
23F
100
AcDbEntity
  8
xian
 62
    18
420
        0
370
     0
100
AcDbLine
 10
-1.253023085425184
 20
-0.9630020499425882
 30
0.0
 11
-0.7906857559871697
 21
0.1348891495254065
 31
0.0
  0
LINE
  5
36D
330
23F
100
AcDbEntity
  8
xian
 62
    18
420
        0
370
     0
100
AcDbLine
 10
-0.7906857559871697
 20
0.1348891495254065
 30
0.0
 11
-0.772890862038139
 21
0.146662707276846
 31
0.0
  0
LINE
  5
36E
330
23F
100
AcDbEntity
  8
xian
 62
    18
420
        0
370
     0
100
AcDbLine
 10
-1.245168260448508
 20
-0.9748327169636468
 30
0.0
 11
-0.772890862038139
 21
0.146662707276846
 31
0.0
  0
LINE
  5
36F
330
23F
100
AcDbEntity
  8
xian
 62
    18
420
        0
370
     0
100
AcDbLine
 10
-1.253023085425184
 20
-0.9630020499425882
 30
0.0
 11
-1.245168260448508
 21
-0.9748327169636468
 31
0.0
  0
LINE
  5
370
330
23F
100
AcDbEntity
  8
xian
 62
    18
420
        0
370
     0
100
AcDbLine
 10
-5.366589383244672
 20
-1.138940092654593
 30
0.0
 11
-5.424910519221839
 21
-1.138940092654593
 31
0.0
  0
LINE
  5
371
330
23F
100
AcDbEntity
  8
xian
 62
    18
420
        0
370
     0
100
AcDbLine
 10
-5.424910519221839
 20
-1.138940092654593
 30
0.0
 11
-5.435809489922348
 21
-1.128041121957721
 31
0.0
  0
LINE
  5
372
330
23F
100
AcDbEntity
  8
xian
 62
    18
420
        0
370
     0
100
AcDbLine
 10
0.0475526838338283
 20
-0.770578045390721
 30
0.0
 11
-0.3051391345186403
 21
-0.770578045390721
 31
0.0
  0
LINE
  5
373
330
23F
100
AcDbEntity
  8
xian
 62
    18
420
        0
370
     0
100
AcDbLine
 10
-0.3051391345186403
 20
-0.770578045390721
 30
0.0
 11
-0.3169698015415179
 21
-0.7587473783696624
 31
0.0
  0
LINE
  5
374
330
23F
100
AcDbEntity
  8
xian
 62
    18
420
        0
370
     0
100
AcDbLine
 10
0.0357220168109507
 20
-0.7587473783696624
 30
0.0
 11
-0.3169698015415179
 21
-0.7587473783696624
 31
0.0
  0
LINE
  5
375
330
23F
100
AcDbEntity
  8
xian
 62
    18
420
        0
370
     0
100
AcDbLine
 10
0.0475526838338283
 20
-0.770578045390721
 30
0.0
 11
0.0357220168109507
 21
-0.7587473783696624
 31
0.0
  0
SPLINE
  5
376
330
23F
100
AcDbEntity
  8
xian
 62
    18
420
        0
370
     0
100
AcDbSpline
210
0.0
220
0.0
230
1.0
 70
     8
 71
     3
 72
     8
 73
     4
 74
     0
 42
0.00000001
 43
0.0000000001
 40
0.3059602970026087
 40
0.3059602970026087
 40
0.3059602970026087
 40
0.3059602970026087
 40
1.000002401848729
 40
1.000002401848729
 40
1.000002401848729
 40
1.000002401848729
 10
-5.501960401296628
 20
-1.260329409935366
 30
0.0
 10
-5.511887847140997
 20
-1.264897414972438
 30
0.0
 10
-5.520774667934119
 20
-1.271581064691417
 30
0.0
 10
-5.528424456450693
 20
-1.27981934158015
 30
0.0
  0
LINE
  5
377
330
23F
100
AcDbEntity
  8
xian
 62
    18
420
        0
370
     0
100
AcDbLine
 10
-5.528424535871408
 20
-1.279819427107213
 30
0.0
 11
-5.537094051080885
 21
-1.27176932225484
 31
0.0
  0
SPLINE
  5
378
330
23F
100
AcDbEntity
  8
xian
 62
    18
420
        0
370
     0
100
AcDbSpline
210
0.0
220
0.0
230
1.0
 70
     8
 71
     3
 72
    11
 73
     7
 74
     0
 42
0.00000001
 43
0.0000000001
 40
0.5292697831334629
 40
0.5292697831334629
 40
0.5292697831334629
 40
0.5292697831334629
 40
1.0
 40
1.0
 40
1.0
 40
1.000004287201456
 40
1.000004287201456
 40
1.000004287201456
 40
1.000004287201456
 10
-5.51755142111574
 20
-1.255399319912612
 30
0.0
 10
-5.524737165386568
 20
-1.259965875802663
 30
0.0
 10
-5.531280604730227
 20
-1.265508640108237
 30
0.0
 10
-5.53709389224673
 20
-1.271769151198895
 30
0.0
 10
-5.537093945190235
 20
-1.271769208216937
 30
0.0
 10
-5.537093998137379
 20
-1.271769265234979
 30
0.0
 10
-5.537094051080885
 20
-1.271769322253021
 30
0.0
  0
SPLINE
  5
379
330
23F
100
AcDbEntity
  8
xian
 62
    18
420
        0
370
     0
100
AcDbSpline
210
0.0
220
0.0
230
1.0
 70
     8
 71
     3
 72
    11
 73
     7
 74
     0
 42
0.00000001
 43
0.0000000001
 40
0.00050164473549
 40
0.00050164473549
 40
0.00050164473549
 40
0.00050164473549
 40
0.0005663848508607
 40
0.0005663848508607
 40
0.0005663848508607
 40
0.000784567308948
 40
0.000784567308948
 40
0.000784567308948
 40
0.000784567308948
 10
-5.501960401296628
 20
-1.260329409935366
 30
0.0
 10
-5.503177195420676
 20
-1.259896713052512
 30
0.0
 10
-5.504386587425642
 20
-1.259479229111093
 30
0.0
 10
-5.505589409280901
 20
-1.259075243217012
 30
0.0
 10
-5.509643029756944
 20
-1.257713773538853
 30
0.0
 10
-5.513623007708474
 20
-1.256503623324533
 30
0.0
 10
-5.51755142111574
 20
-1.255399319914431
 30
0.0
  0
LINE
  5
37A
330
23F
100
AcDbEntity
  8
xian
 62
    18
420
        0
370
     0
100
AcDbLine
 10
-0.3051391345186403
 20
-0.770578045390721
 30
0.0
 11
-0.3051391345186403
 21
-0.9630020499425882
 31
0.0
  0
LINE
  5
37B
330
23F
100
AcDbEntity
  8
xian
 62
    18
420
        0
370
     0
100
AcDbLine
 10
-0.3169698015415179
 20
-0.7587473783696624
 30
0.0
 11
-0.3169698015415179
 21
-0.9748327169636468
 31
0.0
  0
LINE
  5
37C
330
23F
100
AcDbEntity
  8
xian
 62
    18
420
        0
370
     0
100
AcDbLine
 10
4.387898217380325
 20
0.1137187851545605
 30
0.0
 11
3.875009595139317
 21
-0.9684802988413139
 31
0.0
  0
LINE
  5
37D
330
23F
100
AcDbEntity
  8
xian
 62
    18
420
        0
370
     0
100
AcDbLine
 10
3.875009595139317
 20
-0.9684802988413139
 30
0.0
 11
3.856310593258285
 21
-0.9803109658623725
 31
0.0
  0
LINE
  5
37E
330
23F
100
AcDbEntity
  8
xian
 62
    18
420
        0
370
     0
100
AcDbLine
 10
4.377207420430977
 20
0.1187854944146238
 30
0.0
 11
3.856310593258285
 21
-0.9803109658623725
 31
0.0
  0
LINE
  5
37F
330
23F
100
AcDbEntity
  8
xian
 62
    18
420
        0
370
     0
100
AcDbLine
 10
4.387898217380325
 20
0.1137187851545605
 30
0.0
 11
4.377207420430977
 21
0.1187854944146238
 31
0.0
  0
LINE
  5
380
330
23F
100
AcDbEntity
  8
xian
 62
    18
420
        0
370
     0
100
AcDbLine
 10
4.906578009459963
 20
-0.9684802988413139
 30
0.0
 11
5.135126676045956
 21
-0.9684802988413139
 31
0.0
  0
LINE
  5
381
330
23F
100
AcDbEntity
  8
xian
 62
    18
420
        0
370
     0
100
AcDbLine
 10
4.89909152174664
 20
-0.9803109658623725
 30
0.0
 11
5.153817401161404
 21
-0.9803109658623725
 31
0.0
  0
LINE
  5
382
330
23F
100
AcDbEntity
  8
xian
 62
    18
420
        0
370
     0
100
AcDbLine
 10
4.906578009459963
 20
-0.9684802988413139
 30
0.0
 11
4.89909152174664
 21
-0.9803109658623725
 31
0.0
  0
SPLINE
  5
383
330
23F
100
AcDbEntity
  8
xian
 62
    18
420
        0
370
     0
100
AcDbSpline
210
0.0
220
0.0
230
1.0
 70
     8
 71
     3
 72
     8
 73
     4
 74
     0
 42
0.00000001
 43
0.0000000001
 40
0.0000006163590525
 40
0.0000006163590525
 40
0.0000006163590525
 40
0.0000006163590525
 40
1.0
 40
1.0
 40
1.0
 40
1.0
 10
-5.519690115831281
 20
-1.400040845506737
 30
0.0
 10
-5.501303139918263
 20
-1.414306476275669
 30
0.0
 10
-5.478052007915493
 20
-1.419854227176983
 30
0.0
 10
-5.453901396701212
 20
-1.419854179062895
 30
0.0
  0
LINE
  5
384
330
23F
100
AcDbEntity
  8
xian
 62
    18
420
        0
370
     0
100
AcDbLine
 10
-5.453901396701212
 20
-1.419854179128378
 30
0.0
 11
-5.453901396701212
 21
-1.430643664481976
 31
0.0
  0
LINE
  5
385
330
23F
100
AcDbEntity
  8
xian
 62
    18
420
        0
370
     0
100
AcDbLine
 10
-3.467283675993485
 20
-0.4023194255369163
 30
0.0
 11
-3.479114343016362
 21
-0.4023194255369163
 31
0.0
  0
SPLINE
  5
386
330
23F
100
AcDbEntity
  8
xian
 62
    18
420
        0
370
     0
100
AcDbSpline
210
0.0
220
0.0
230
1.0
 70
     8
 71
     3
 72
    11
 73
     7
 74
     0
 42
0.00000001
 43
0.0000000001
 40
-0.0008284219645689
 40
-0.0008284219645689
 40
-0.0008284219645689
 40
-0.0008284219645689
 40
0.0
 40
0.0
 40
0.0
 40
1.0
 40
1.0
 40
1.0
 40
1.0
 10
-3.44878462534757
 20
-0.1753496664641716
 30
0.0
 10
-3.448802347375703
 20
-0.1754076117886143
 30
0.0
 10
-3.448820069403836
 20
-0.175465557114876
 30
0.0
 10
-3.448837791431969
 20
-0.1755235024393187
 30
0.0
 10
-3.470230304222013
 20
-0.2454701333172125
 30
0.0
 10
-3.479114347814856
 20
-0.3223371979674994
 30
0.0
 10
-3.479114342907223
 20
-0.4023194255314593
 30
0.0
  0
LINE
  5
387
330
23F
100
AcDbEntity
  8
xian
 62
    18
420
        0
370
     0
100
AcDbLine
 10
-3.437497833107727
 20
-0.1788966743224591
 30
0.0
 11
-3.448784625351208
 21
-0.1753496664623526
 31
0.0
  0
LINE
  5
388
330
23F
100
AcDbEntity
  8
xian
 62
    18
420
        0
370
     0
100
AcDbLine
 10
-3.467283675993485
 20
-0.44621786060452
 30
0.0
 11
-3.479114343016362
 21
-0.4580485276255786
 31
0.0
  0
LINE
  5
389
330
23F
100
AcDbEntity
  8
xian
 62
    18
420
        0
370
     0
100
AcDbLine
 10
-3.479114343016362
 20
-0.4023194255369163
 30
0.0
 11
-3.479114343016362
 21
-0.4580485276255786
 31
0.0
  0
LINE
  5
38A
330
23F
100
AcDbEntity
  8
xian
 62
    18
420
        0
370
     0
100
AcDbLine
 10
-2.994462713810889
 20
-0.44621786060452
 30
0.0
 11
-2.98263204679165
 21
-0.4580485276255786
 31
0.0
  0
LINE
  5
38B
330
23F
100
AcDbEntity
  8
xian
 62
    18
420
        0
370
     0
100
AcDbLine
 10
-3.479114343016362
 20
-0.4580485276255786
 30
0.0
 11
-2.98263204679165
 21
-0.4580485276255786
 31
0.0
  0
LINE
  5
38C
330
23F
100
AcDbEntity
  8
xian
 62
    18
420
        0
370
     0
100
AcDbLine
 10
-1.35894229812834
 20
-0.6891195400730794
 30
0.0
 11
-1.705186977801304
 21
0.1355867682595999
 31
0.0
  0
LINE
  5
38D
330
23F
100
AcDbEntity
  8
xian
 62
    18
420
        0
370
     0
100
AcDbLine
 10
-1.012661068526313
 20
0.1356022979671252
 30
0.0
 11
-1.35894229812834
 21
-0.6891195400730794
 31
0.0
  0
LINE
  5
38E
330
23F
100
AcDbEntity
  8
xian
 62
    18
420
        0
370
     0
100
AcDbLine
 10
-0.7906857559871697
 20
0.1348891495254065
 30
0.0
 11
-1.012661068526313
 21
0.1356022979671252
 31
0.0
  0
LINE
  5
38F
330
23F
100
AcDbEntity
  8
xian
 62
    18
420
        0
370
     0
100
AcDbLine
 10
-1.464807238732419
 20
-0.9630020499425882
 30
0.0
 11
-1.253023085425184
 21
-0.9630020499425882
 31
0.0
  0
LINE
  5
390
330
23F
100
AcDbEntity
  8
xian
 62
    18
420
        0
370
     0
100
AcDbLine
 10
-1.927492371386279
 20
0.1355867682595999
 30
0.0
 11
-1.464807238732419
 21
-0.9630020499425882
 31
0.0
  0
LINE
  5
391
330
23F
100
AcDbEntity
  8
xian
 62
    18
420
        0
370
     0
100
AcDbLine
 10
4.588489589135178
 20
0.1354065152409021
 30
0.0
 11
4.422176827544944
 21
0.1354065152409021
 31
0.0
  0
LINE
  5
392
330
23F
100
AcDbEntity
  8
xian
 62
    18
420
        0
370
     0
100
AcDbLine
 10
4.422176827544944
 20
0.1354065152409021
 30
0.0
 11
4.422176820541835
 21
0.1472371822619607
 31
0.0
  0
LINE
  5
393
330
23F
100
AcDbEntity
  8
xian
 62
    18
420
        0
370
     0
100
AcDbLine
 10
4.588489589135178
 20
0.1472371822619607
 30
0.0
 11
4.422176820541835
 21
0.1472371822619607
 31
0.0
  0
LINE
  5
394
330
23F
100
AcDbEntity
  8
xian
 62
    18
420
        0
370
     0
100
AcDbLine
 10
4.588489589135178
 20
0.1354065152409021
 30
0.0
 11
4.588489589135178
 21
0.1472371822619607
 31
0.0
  0
SPLINE
  5
395
330
23F
100
AcDbEntity
  8
xian
 62
    18
420
        0
370
     0
100
AcDbSpline
210
0.0
220
0.0
230
1.0
 70
     8
 71
     3
 72
     8
 73
     4
 74
     0
 42
0.00000001
 43
0.0000000001
 40
0.0
 40
0.0
 40
0.0
 40
0.0
 40
1.000000000394666
 40
1.000000000394666
 40
1.000000000394666
 40
1.000000000394666
 10
2.979770624700222
 20
0.1905152220806485
 30
0.0
 10
2.656286247033904
 20
0.1905152028139128
 30
0.0
 10
2.399279679949586
 20
-0.0869745648633398
 30
0.0
 10
2.399279669475845
 20
-0.4135340865741455
 30
0.0
  0
LINE
  5
396
330
23F
100
AcDbEntity
  8
xian
 62
    18
420
        0
370
     0
100
AcDbLine
 10
2.399279669475845
 20
-0.4135340869561333
 30
0.0
 11
2.387449002452967
 21
-0.4135340865741455
 31
0.0
  0
SPLINE
  5
397
330
23F
100
AcDbEntity
  8
xian
 62
    18
420
        0
370
     0
100
AcDbSpline
210
0.0
220
0.0
230
1.0
 70
     8
 71
     3
 72
     8
 73
     4
 74
     0
 42
0.00000001
 43
0.0000000001
 40
0.0
 40
0.0
 40
0.0
 40
0.0
 40
1.0
 40
1.0
 40
1.0
 40
1.0
 10
2.979770624529237
 20
0.2023458891017071
 30
0.0
 10
2.649294546622741
 20
0.2023458694839064
 30
0.0
 10
2.387449013079503
 20
-0.0809813251144078
 30
0.0
 10
2.387449002452967
 20
-0.4135340865741455
 30
0.0
  0
LINE
  5
398
330
23F
100
AcDbEntity
  8
xian
 62
    18
420
        0
370
     0
100
AcDbLine
 10
2.979770624169077
 20
0.1905152220806485
 30
0.0
 11
2.979770624529237
 21
0.2023458891017071
 31
0.0
  0
LINE
  5
399
330
23F
100
AcDbEntity
  8
xian
 62
    18
420
        0
370
     0
100
AcDbLine
 10
0.2796883717921901
 20
0.1359350950406224
 30
0.0
 11
0.0475526838338283
 21
0.1359350950406224
 31
0.0
  0
LINE
  5
39A
330
23F
100
AcDbEntity
  8
xian
 62
    18
420
        0
370
     0
100
AcDbLine
 10
0.0475526838338283
 20
0.1359350950406224
 30
0.0
 11
0.0357220168109507
 21
0.147765762061681
 31
0.0
  0
LINE
  5
39B
330
23F
100
AcDbEntity
  8
xian
 62
    18
420
        0
370
     0
100
AcDbLine
 10
0.2915190388150677
 20
0.147765762061681
 30
0.0
 11
0.0357220168109507
 21
0.147765762061681
 31
0.0
  0
LINE
  5
39C
330
23F
100
AcDbEntity
  8
xian
 62
    18
420
        0
370
     0
100
AcDbLine
 10
0.2796883717921901
 20
0.1359350950406224
 30
0.0
 11
0.2915190388150677
 21
0.147765762061681
 31
0.0
  0
SPLINE
  5
39D
330
23F
100
AcDbEntity
  8
xian
 62
    18
420
        0
370
     0
100
AcDbSpline
210
0.0
220
0.0
230
1.0
 70
     8
 71
     3
 72
    14
 73
    10
 74
     0
 42
0.00000001
 43
0.0000000001
 40
-0.0002855297892522
 40
-0.0002855297892522
 40
-0.0002855297892522
 40
-0.0002855297892522
 40
0.0
 40
0.0
 40
0.0
 40
1.0
 40
1.0
 40
1.0
 40
1.000910056634538
 40
1.000910056634538
 40
1.000910056634538
 40
1.000910056634538
 10
-3.347900252655335
 20
-0.0017764338881534
 30
0.0
 10
-3.347913264024782
 20
-0.0017912269377121
 30
0.0
 10
-3.347926275394229
 20
-0.0018060199872707
 30
0.0
 10
-3.347939286767314
 20
-0.0018208130368294
 30
0.0
 10
-3.3935085098135
 20
-0.0536299400573626
 30
0.0
 10
-3.428279148400861
 20
-0.1118109072012885
 30
0.0
 10
-3.448728794341832
 20
-0.1751766671713995
 30
0.0
 10
-3.448747404677078
 20
-0.1752343336029298
 30
0.0
 10
-3.448766015012324
 20
-0.1752920000326412
 30
0.0
 10
-3.44878462534757
 20
-0.1753496664623526
 30
0.0
  0
LINE
  5
39E
330
23F
100
AcDbEntity
  8
xian
 62
    18
420
        0
370
     0
100
AcDbLine
 10
-3.339036388323393
 20
-0.009612087309506
 30
0.0
 11
-3.347900252658973
 21
-0.0017764338917914
 31
0.0
  0
SPLINE
  5
39F
330
23F
100
AcDbEntity
  8
xian
 62
    18
420
        0
370
     0
100
AcDbSpline
210
0.0
220
0.0
230
1.0
 70
     8
 71
     3
 72
    11
 73
     7
 74
     0
 42
0.00000001
 43
0.0000000001
 40
0.0
 40
0.0
 40
0.0
 40
0.0
 40
1.0
 40
1.0
 40
1.0
 40
1.00032719437125
 40
1.00032719437125
 40
1.00032719437125
 40
1.00032719437125
 10
-2.563248773571785
 20
-0.4138129914827005
 30
0.0
 10
-2.563248768602306
 20
-0.5257154468836234
 30
0.0
 10
-2.600851967014705
 20
-0.6230884840388172
 30
0.0
 10
-2.676883692737419
 20
-0.6991191849829193
 30
0.0
 10
-2.676908569891338
 20
-0.6991440617985063
 30
0.0
 10
-2.676933447041619
 20
-0.6991689386159124
 30
0.0
 10
-2.676958324195538
 20
-0.6991938154333184
 30
0.0
  0
LINE
  5
3A0
330
23F
100
AcDbEntity
  8
xian
 62
    18
420
        0
370
     0
100
AcDbLine
 10
4.572813668855133
 20
-0.6704890812980011
 30
0.0
 11
4.67835288142237
 21
-0.6143728865645244
 31
0.0
  0
LINE
  5
3A1
330
23F
100
AcDbEntity
  8
xian
 62
    18
420
        0
370
     0
100
AcDbLine
 10
4.67835288142237
 20
-0.6143728865645244
 30
0.0
 11
4.693877964698231
 21
-0.6195171125073103
 31
0.0
  0
LINE
  5
3A2
330
23F
100
AcDbEntity
  8
xian
 62
    18
420
        0
370
     0
100
AcDbLine
 10
4.567424411855654
 20
-0.6867536592217221
 30
0.0
 11
4.693877964698231
 21
-0.6195171125073103
 31
0.0
  0
LINE
  5
3A3
330
23F
100
AcDbEntity
  8
xian
 62
    18
420
        0
370
     0
100
AcDbLine
 10
4.572813668855133
 20
-0.6704890812980011
 30
0.0
 11
4.567424411855654
 21
-0.6867536592217221
 31
0.0
  0
LINE
  5
3A4
330
23F
100
AcDbEntity
  8
xian
 62
    18
420
        0
370
     0
100
AcDbLine
 10
-5.453901396701212
 20
-1.419854179128378
 30
0.0
 11
-5.366589383244672
 21
-1.419854179128378
 31
0.0
  0
SPLINE
  5
3A5
330
23F
100
AcDbEntity
  8
xian
 62
    18
420
        0
370
     0
100
AcDbSpline
210
0.0
220
0.0
230
1.0
 70
     8
 71
     3
 72
    14
 73
    10
 74
     0
 42
0.00000001
 43
0.0000000001
 40
0.0
 40
0.0
 40
0.0
 40
0.0
 40
1.0
 40
1.0
 40
1.0
 40
1.014899084985732
 40
1.014899084985732
 40
1.014899084985732
 40
1.028547109388362
 40
1.028547109388362
 40
1.028547109388362
 40
1.028547109388362
 10
-2.958629137982597
 20
-0.8149376034325541
 30
0.0
 10
-3.084831522341801
 20
-0.8149479470976075
 30
0.0
 10
-3.186504836118501
 20
-0.7590046751902264
 30
0.0
 10
-3.26929642160826
 20
-0.6495556073678018
 30
0.0
 10
-3.270529940477672
 20
-0.6479249164058274
 30
0.0
 10
-3.271763459343446
 20
-0.6462942254420341
 30
0.0
 10
-3.272996978212859
 20
-0.6446635344782408
 30
0.0
 10
-3.274126919791115
 20
-0.643169770930399
 30
0.0
 10
-3.275256861373009
 20
-0.6416760073825572
 30
0.0
 10
-3.276386802951265
 20
-0.6401822438328964
 30
0.0
  0
SPLINE
  5
3A6
330
23F
100
AcDbEntity
  8
xian
 62
    18
420
        0
370
     0
100
AcDbSpline
210
0.0
220
0.0
230
1.0
 70
     8
 71
     3
 72
     8
 73
     4
 74
     0
 42
0.00000001
 43
0.0000000001
 40
0.0002116690760229
 40
0.0002116690760229
 40
0.0002116690760229
 40
0.0002116690760229
 40
1.0
 40
1.0
 40
1.0
 40
1.0
 10
-3.15600782616525
 20
-0.0950556149819022
 30
0.0
 10
-3.094871646936326
 20
-0.0433043048597028
 30
0.0
 10
-3.024217339680717
 20
-0.016278824856272
 30
0.0
 10
-2.946416277388152
 20
-0.0162788245997945
 30
0.0
  0
LINE
  5
3A7
330
23F
100
AcDbEntity
  8
xian
 62
    18
420
        0
370
     0
100
AcDbLine
 10
-3.163672138253559
 20
-0.0860431952660292
 30
0.0
 11
-3.15600782616525
 21
-0.0950556149819022
 31
0.0
  0
LINE
  5
3A8
330
23F
100
AcDbEntity
  8
xian
 62
    18
420
        0
370
     0
100
AcDbLine
 10
-1.35894229812834
 20
-0.6891195400730794
 30
0.0
 11
-1.358941825121974
 21
-0.65855892235777
 31
0.0
  0
LINE
  5
3A9
330
23F
100
AcDbEntity
  8
xian
 62
    18
420
        0
370
     0
100
AcDbLine
 10
-1.020514240441798
 20
0.1474582562259457
 30
0.0
 11
-1.358941825121974
 21
-0.65855892235777
 31
0.0
  0
LINE
  5
3AA
330
23F
100
AcDbEntity
  8
xian
 62
    18
420
        0
370
     0
100
AcDbLine
 10
-1.012661068526313
 20
0.1356022979671252
 30
0.0
 11
-1.020514240441798
 21
0.1474582562259457
 31
0.0
  0
LINE
  5
3AB
330
23F
100
AcDbEntity
  8
xian
 62
    18
420
        0
370
     0
100
AcDbLine
 10
4.518641698937472
 20
-0.1495878374062158
 30
0.0
 11
4.726617753828804
 21
-0.5886032605321816
 31
0.0
  0
LINE
  5
3AC
330
23F
100
AcDbEntity
  8
xian
 62
    18
420
        0
370
     0
100
AcDbLine
 10
4.726617753828804
 20
-0.5886032605321816
 30
0.0
 11
4.721231099945043
 21
-0.6048664543559426
 31
0.0
  0
LINE
  5
3AD
330
23F
100
AcDbEntity
  8
xian
 62
    18
420
        0
370
     0
100
AcDbLine
 10
4.50795007894635
 20
-0.1546528096805559
 30
0.0
 11
4.721231099945043
 21
-0.6048664543559426
 31
0.0
  0
LINE
  5
3AE
330
23F
100
AcDbEntity
  8
xian
 62
    18
420
        0
370
     0
100
AcDbLine
 10
4.518641698937472
 20
-0.1495878374062158
 30
0.0
 11
4.50795007894635
 21
-0.1546528096805559
 31
0.0
  0
LINE
  5
3AF
330
23F
100
AcDbEntity
  8
xian
 62
    18
420
        0
370
     0
100
AcDbLine
 10
4.936479340044797
 20
-0.548899128305493
 30
0.0
 11
4.753818676016862
 21
-0.6460215261613485
 31
0.0
  0
LINE
  5
3B0
330
23F
100
AcDbEntity
  8
xian
 62
    18
420
        0
370
     0
100
AcDbLine
 10
4.753818676016862
 20
-0.6460215261613485
 30
0.0
 11
4.906578009459963
 21
-0.9684802988413139
 31
0.0
  0
LINE
  5
3B1
330
23F
100
AcDbEntity
  8
xian
 62
    18
420
        0
370
     0
100
AcDbLine
 10
1.60826123557058
 20
-0.0575972219958203
 30
0.0
 11
1.60826123557058
 21
-0.9630020499425882
 31
0.0
  0
LINE
  5
3B2
330
23F
100
AcDbEntity
  8
xian
 62
    18
420
        0
370
     0
100
AcDbLine
 10
1.60826123557058
 20
-0.9630020499425882
 30
0.0
 11
1.596430568547702
 21
-0.9748327169636468
 31
0.0
  0
LINE
  5
3B3
330
23F
100
AcDbEntity
  8
xian
 62
    18
420
        0
370
     0
100
AcDbLine
 10
1.596430568547702
 20
-0.0694278890168789
 30
0.0
 11
1.596430568547702
 21
-0.9748327169636468
 31
0.0
  0
LINE
  5
3B4
330
23F
100
AcDbEntity
  8
xian
 62
    18
420
        0
370
     0
100
AcDbLine
 10
1.60826123557058
 20
-0.0575972219958203
 30
0.0
 11
1.596430568547702
 21
-0.0694278890168789
 31
0.0
  0
LINE
  5
3B5
330
23F
100
AcDbEntity
  8
xian
 62
    18
420
        0
370
     0
100
AcDbLine
 10
-4.225363549260464
 20
-0.3351305953074188
 30
0.0
 11
-4.745767159013439
 21
-0.3351305953074188
 31
0.0
  0
LINE
  5
3B6
330
23F
100
AcDbEntity
  8
xian
 62
    18
420
        0
370
     0
100
AcDbLine
 10
-4.745767159013439
 20
-0.3351305953074188
 30
0.0
 11
-4.757597826036317
 21
-0.3232999282845412
 31
0.0
  0
LINE
  5
3B7
330
23F
100
AcDbEntity
  8
xian
 62
    18
420
        0
370
     0
100
AcDbLine
 10
-4.237194216279704
 20
-0.3232999282845412
 30
0.0
 11
-4.757597826036317
 21
-0.3232999282845412
 31
0.0
  0
LINE
  5
3B8
330
23F
100
AcDbEntity
  8
xian
 62
    18
420
        0
370
     0
100
AcDbLine
 10
-4.225363549260464
 20
-0.3351305953074188
 30
0.0
 11
-4.237194216279704
 21
-0.3232999282845412
 31
0.0
  0
LINE
  5
3B9
330
23F
100
AcDbEntity
  8
xian
 62
    18
420
        0
370
     0
100
AcDbLine
 10
-5.424910519221839
 20
-1.138940092654593
 30
0.0
 11
-5.424910519225477
 21
-1.250621676814262
 31
0.0
  0
LINE
  5
3BA
330
23F
100
AcDbEntity
  8
xian
 62
    18
420
        0
370
     0
100
AcDbLine
 10
-5.424910519225477
 20
-1.250621676814262
 30
0.0
 11
-5.436741186244717
 21
-1.238791009791384
 31
0.0
  0
LINE
  5
3BB
330
23F
100
AcDbEntity
  8
xian
 62
    18
420
        0
370
     0
100
AcDbLine
 10
-5.436741186244717
 20
-1.128932097200959
 30
0.0
 11
-5.436741186244717
 21
-1.238791009791384
 31
0.0
  0
SPLINE
  5
3BC
330
23F
100
AcDbEntity
  8
xian
 62
    18
420
        0
370
     0
100
AcDbSpline
210
0.0
220
0.0
230
1.0
 70
     8
 71
     3
 72
     8
 73
     4
 74
     0
 42
0.00000001
 43
0.0000000001
 40
-0.0000000010235301
 40
-0.0000000010235301
 40
-0.0000000010235301
 40
-0.0000000010235301
 40
1.0
 40
1.0
 40
1.0
 40
1.0
 10
2.586859908565429
 20
-0.4135340865741455
 30
0.0
 10
2.586859921782206
 20
-0.1889505794006254
 30
0.0
 10
2.760279011588181
 20
0.0029312277911231
 30
0.0
 10
2.979770625227729
 20
0.0029312548667804
 30
0.0
  0
LINE
  5
3BD
330
23F
100
AcDbEntity
  8
xian
 62
    18
420
        0
370
     0
100
AcDbLine
 10
2.979770623419653
 20
0.0029312548667804
 30
0.0
 11
2.979770621964462
 21
-0.0088994121560972
 31
0.0
  0
SPLINE
  5
3BE
330
23F
100
AcDbEntity
  8
xian
 62
    18
420
        0
370
     0
100
AcDbSpline
210
0.0
220
0.0
230
1.0
 70
     8
 71
     3
 72
     8
 73
     4
 74
     0
 42
0.00000001
 43
0.0000000001
 40
-0.0000000021008224
 40
-0.0000000021008224
 40
-0.0000000021008224
 40
-0.0000000021008224
 40
1.0
 40
1.0
 40
1.0
 40
1.0
 10
2.598690575588307
 20
-0.4135340865741455
 30
0.0
 10
2.598690588594081
 20
-0.1947401812103635
 30
0.0
 10
2.767471758069632
 20
-0.0088994384987018
 30
0.0
 10
2.979770625584251
 20
-0.0088994121542783
 30
0.0
  0
LINE
  5
3BF
330
23F
100
AcDbEntity
  8
xian
 62
    18
420
        0
370
     0
100
AcDbLine
 10
2.586859908565429
 20
-0.4135340872653615
 30
0.0
 11
2.598690575588307
 21
-0.4135340879547585
 31
0.0
  0
LINE
  5
3C0
330
23F
100
AcDbEntity
  8
xian
 62
    18
420
        0
370
     0
100
AcDbLine
 10
0.0475526838338283
 20
0.1359350950406224
 30
0.0
 11
0.0475526838338283
 21
-0.770578045390721
 31
0.0
  0
LINE
  5
3C1
330
23F
100
AcDbEntity
  8
xian
 62
    18
420
        0
370
     0
100
AcDbLine
 10
0.0357220168109507
 20
0.147765762061681
 30
0.0
 11
0.0357220168109507
 21
-0.7587473783696624
 31
0.0
  0
LINE
  5
3C2
330
23F
100
AcDbEntity
  8
xian
 62
    18
420
        0
370
     0
100
AcDbLine
 10
-5.551750901821606
 20
-1.158729875081917
 30
0.0
 11
-5.501960401296628
 21
-1.260329409933547
 31
0.0
  0
LINE
  5
3C3
330
23F
100
AcDbEntity
  8
xian
 62
    18
420
        0
370
     0
100
AcDbLine
 10
-5.555090538503236
 20
-1.178799229033757
 30
0.0
 11
-5.51755142111574
 21
-1.255399319914431
 31
0.0
  0
LINE
  5
3C4
330
23F
100
AcDbEntity
  8
xian
 62
    18
420
        0
370
     0
100
AcDbLine
 10
-5.444935184198357
 20
-1.250621676814262
 30
0.0
 11
-5.498850431723212
 21
-1.138940092654593
 31
0.0
  0
LINE
  5
3C5
330
23F
100
AcDbEntity
  8
xian
 62
    18
420
        0
370
     0
100
AcDbLine
 10
-5.437509407246352
 20
-1.238791009791384
 30
0.0
 11
-5.487382412339457
 21
-1.135482642097485
 31
0.0
  0
LINE
  5
3C6
330
23F
100
AcDbEntity
  8
xian
 62
    18
420
        0
370
     0
100
AcDbLine
 10
-5.444935184198357
 20
-1.250621676814262
 30
0.0
 11
-5.437509407246352
 21
-1.238791009791384
 31
0.0
  0
LINE
  5
3C7
330
23F
100
AcDbEntity
  8
xian
 62
    18
420
        0
370
     0
100
AcDbLine
 10
-4.225363549260464
 20
-0.0431319171711948
 30
0.0
 11
-4.225363549260464
 21
-0.3351305953074188
 31
0.0
  0
LINE
  5
3C8
330
23F
100
AcDbEntity
  8
xian
 62
    18
420
        0
370
     0
100
AcDbLine
 10
-4.237194216279704
 20
-0.0549625841922534
 30
0.0
 11
-4.237194216279704
 21
-0.3232999282845412
 31
0.0
  0
LINE
  5
3C9
330
23F
100
AcDbEntity
  8
xian
 62
    18
420
        0
370
     0
100
AcDbLine
 10
-5.424910519225477
 20
-1.250621676814262
 30
0.0
 11
-5.444935184198357
 21
-1.250621676814262
 31
0.0
  0
LINE
  5
3CA
330
23F
100
AcDbEntity
  8
xian
 62
    18
420
        0
370
     0
100
AcDbLine
 10
-5.436741186244717
 20
-1.238791009791384
 30
0.0
 11
-5.437509407246352
 21
-1.238791009791384
 31
0.0
  0
SPLINE
  5
3CB
330
23F
100
AcDbEntity
  8
xian
 62
    18
420
        0
370
     0
100
AcDbSpline
210
0.0
220
0.0
230
1.0
 70
     8
 71
     3
 72
    11
 73
     7
 74
     0
 42
0.00000001
 43
0.0000000001
 40
-0.0000000017677731
 40
-0.0000000017677731
 40
-0.0000000017677731
 40
-0.0000000017677731
 40
1.0
 40
1.0
 40
1.0
 40
1.000124068999936
 40
1.000124068999936
 40
1.000124068999936
 40
1.000124068999936
 10
-2.940668885316654
 20
0.1785062095932517
 30
0.0
 10
-3.10090986816499
 20
0.1785062161488895
 30
0.0
 10
-3.242396254580626
 20
0.1169729570956406
 30
0.0
 10
-3.347860997947236
 20
-0.0017322509866062
 30
0.0
 10
-3.347874082851149
 20
-0.0017469786234869
 30
0.0
 10
-3.347887167755061
 20
-0.0017617062603676
 30
0.0
 10
-3.347900252662611
 20
-0.0017764338954294
 30
0.0
  0
LINE
  5
3CC
330
23F
100
AcDbEntity
  8
xian
 62
    18
420
        0
370
     0
100
AcDbLine
 10
1.834964974560762
 20
-0.9630020499425882
 30
0.0
 11
1.834964974560762
 21
0.1355867682595999
 31
0.0
  0
LINE
  5
3CD
330
23F
100
AcDbEntity
  8
xian
 62
    18
420
        0
370
     0
100
AcDbLine
 10
1.834964974560762
 20
0.1355867682595999
 30
0.0
 11
1.846795641583639
 21
0.1474174352806585
 31
0.0
  0
LINE
  5
3CE
330
23F
100
AcDbEntity
  8
xian
 62
    18
420
        0
370
     0
100
AcDbLine
 10
1.846795641583639
 20
-0.9748327169636468
 30
0.0
 11
1.846795641583639
 21
0.1474174352806585
 31
0.0
  0
LINE
  5
3CF
330
23F
100
AcDbEntity
  8
xian
 62
    18
420
        0
370
     0
100
AcDbLine
 10
1.834964974560762
 20
-0.9630020499425882
 30
0.0
 11
1.846795641583639
 21
-0.9748327169636468
 31
0.0
  0
LINE
  5
3D0
330
23F
100
AcDbEntity
  8
xian
 62
    18
420
        0
370
     0
100
AcDbLine
 10
15.5565021464929
 20
3.556102322991137
 30
0.0
 11
19.38953301295919
 21
-4.53162337951835
 31
0.0
  0
LINE
  5
3D1
330
23F
100
AcDbEntity
  8
xian
 62
    18
420
        0
370
     0
100
AcDbLine
 10
1.135274888172034
 20
0.1355867682595999
 30
0.0
 11
1.135274888172034
 21
-0.0575972219958203
 31
0.0
  0
LINE
  5
3D2
330
23F
100
AcDbEntity
  8
xian
 62
    18
420
        0
370
     0
100
AcDbLine
 10
1.135274888172034
 20
-0.0575972219958203
 30
0.0
 11
1.123444221149156
 21
-0.0694278890168789
 31
0.0
  0
LINE
  5
3D3
330
23F
100
AcDbEntity
  8
xian
 62
    18
420
        0
370
     0
100
AcDbLine
 10
1.123444221149156
 20
0.1474174352806585
 30
0.0
 11
1.123444221149156
 21
-0.0694278890168789
 31
0.0
  0
LINE
  5
3D4
330
23F
100
AcDbEntity
  8
xian
 62
    18
420
        0
370
     0
100
AcDbLine
 10
1.135274888172034
 20
0.1355867682595999
 30
0.0
 11
1.123444221149156
 21
0.1474174352806585
 31
0.0
  0
LINE
  5
3D5
330
23F
100
AcDbEntity
  8
xian
 62
    18
420
        0
370
     0
100
AcDbLine
 10
1.135274888172034
 20
-0.0575972219958203
 30
0.0
 11
1.60826123557058
 21
-0.0575972219958203
 31
0.0
  0
LINE
  5
3D6
330
23F
100
AcDbEntity
  8
xian
 62
    18
420
        0
370
     0
100
AcDbLine
 10
1.123444221149156
 20
-0.0694278890168789
 30
0.0
 11
1.596430568547702
 21
-0.0694278890168789
 31
0.0
  0
LINE
  5
3D7
330
23F
100
AcDbEntity
  8
xian
 62
    18
420
        0
370
     0
100
AcDbLine
 10
-1.358941825121974
 20
-0.65855892235777
 30
0.0
 11
-1.697322922675766
 21
0.1474174352806585
 31
0.0
  0
LINE
  5
3D8
330
23F
100
AcDbEntity
  8
xian
 62
    18
420
        0
370
     0
100
AcDbLine
 10
-4.035097471737344
 20
0.1359350950406224
 30
0.0
 11
-4.782304932338547
 21
0.1359350950406224
 31
0.0
  0
LINE
  5
3D9
330
23F
100
AcDbEntity
  8
xian
 62
    18
420
        0
370
     0
100
AcDbLine
 10
-4.023266804718105
 20
0.147765762061681
 30
0.0
 11
-4.794135599361425
 21
0.147765762061681
 31
0.0
  0
LINE
  5
3DA
330
23F
100
AcDbEntity
  8
xian
 62
    18
420
        0
370
     0
100
AcDbLine
 10
-4.035097471737344
 20
0.1359350950406224
 30
0.0
 11
-4.023266804718105
 21
0.147765762061681
 31
0.0
  0
SPLINE
  5
3DB
330
23F
100
AcDbEntity
  8
xian
 62
    18
420
        0
370
     0
100
AcDbSpline
210
0.0
220
0.0
230
1.0
 70
     8
 71
     3
 72
     8
 73
     4
 74
     0
 42
0.00000001
 43
0.0000000001
 40
0.0
 40
0.0
 40
0.0
 40
0.0
 40
1.0
 40
1.0
 40
1.0
 40
1.0
 10
3.560261579950065
 20
-0.4135340865741455
 30
0.0
 10
3.56026156946541
 20
-0.0869786677103548
 30
0.0
 10
3.303258954364764
 20
0.1905152028139128
 30
0.0
 10
2.97977062504583
 20
0.1905152220806485
 30
0.0
  0
SPLINE
  5
3DC
330
23F
100
AcDbEntity
  8
xian
 62
    18
420
        0
370
     0
100
AcDbSpline
210
0.0
220
0.0
230
1.0
 70
     8
 71
     3
 72
     8
 73
     4
 74
     0
 42
0.00000001
 43
0.0000000001
 40
0.0
 40
0.0
 40
0.0
 40
0.0
 40
1.0
 40
1.0
 40
1.0
 40
1.0
 10
3.572092246972943
 20
-0.4135340865741455
 30
0.0
 10
3.5720922363937
 20
-0.0809855058287212
 30
0.0
 10
3.310250731493624
 20
0.2023458694839064
 30
0.0
 10
2.979770625220453
 20
0.2023458891017071
 30
0.0
  0
LINE
  5
3DD
330
23F
100
AcDbEntity
  8
xian
 62
    18
420
        0
370
     0
100
AcDbLine
 10
3.560261579950065
 20
-0.4135340861921577
 30
0.0
 11
3.572092246972943
 21
-0.4135340865741455
 31
0.0
  0
SPLINE
  5
3DE
330
23F
100
AcDbEntity
  8
xian
 62
    18
420
        0
370
     0
100
AcDbSpline
210
0.0
220
0.0
230
1.0
 70
     8
 71
     3
 72
     8
 73
     4
 74
     0
 42
0.00000001
 43
0.0000000001
 40
0.1129756617640953
 40
0.1129756617640953
 40
0.1129756617640953
 40
0.1129756617640953
 40
0.9997917323564154
 40
0.9997917323564154
 40
0.9997917323564154
 40
0.9997917323564154
 10
-3.256064724818088
 20
-0.2625449172774097
 30
0.0
 10
-3.243744298878254
 20
-0.1959790085638815
 30
0.0
 10
-3.210956924897573
 20
-0.1420016430001851
 30
0.0
 10
-3.15600782616525
 20
-0.0950556149819022
 30
0.0
  0
SPLINE
  5
3DF
330
23F
100
AcDbEntity
  8
xian
 62
    18
420
        0
370
     0
100
AcDbSpline
210
0.0
220
0.0
230
1.0
 70
     8
 71
     3
 72
     8
 73
     4
 74
     0
 42
0.00000001
 43
0.0000000001
 40
0.0005015448528238
 40
0.0005015448528238
 40
0.0005015448528238
 40
0.0005015448528238
 40
0.0007846449355648
 40
0.0007846449355648
 40
0.0007846449355648
 40
0.0007846449355648
 10
-3.26996737290824
 20
-0.2743755842857354
 30
0.0
 10
-3.26542886511811
 20
-0.2704317237439682
 30
0.0
 10
-3.260799760065083
 20
-0.2664881448818051
 30
0.0
 10
-3.25606472481445
 20
-0.2625449172646768
 30
0.0
  0
LINE
  5
3E0
330
23F
100
AcDbEntity
  8
xian
 62
    18
420
        0
370
     0
100
AcDbLine
 10
-4.745767159013439
 20
-0.3351305953074188
 30
0.0
 11
-4.745767159013439
 21
-0.503066983555982
 31
0.0
  0
LINE
  5
3E1
330
23F
100
AcDbEntity
  8
xian
 62
    18
420
        0
370
     0
100
AcDbLine
 10
-4.745767159013439
 20
-0.503066983555982
 30
0.0
 11
-4.757597826036317
 21
-0.5148976505788597
 31
0.0
  0
LINE
  5
3E2
330
23F
100
AcDbEntity
  8
xian
 62
    18
420
        0
370
     0
100
AcDbLine
 10
-4.757597826036317
 20
-0.3232999282845412
 30
0.0
 11
-4.757597826036317
 21
-0.5148976505788597
 31
0.0
  0
LINE
  5
3E3
330
23F
100
AcDbEntity
  8
xian
 62
    18
420
        0
370
     0
100
AcDbLine
 10
0.2796883717921901
 20
-0.770578045390721
 30
0.0
 11
0.2796883717921901
 21
0.1359350950406224
 31
0.0
  0
LINE
  5
3E4
330
23F
100
AcDbEntity
  8
xian
 62
    18
420
        0
370
     0
100
AcDbLine
 10
0.2915190388150677
 20
-0.7587473783696624
 30
0.0
 11
0.2915190388150677
 21
0.147765762061681
 31
0.0
  0
LINE
  5
3E5
330
23F
100
AcDbEntity
  8
xian
 62
    18
420
        0
370
     0
100
AcDbLine
 10
4.444664547764887
 20
-0.3998136254285782
 30
0.0
 11
4.572813668855133
 21
-0.6704890812980011
 31
0.0
  0
LINE
  5
3E6
330
23F
100
AcDbEntity
  8
xian
 62
    18
420
        0
370
     0
100
AcDbLine
 10
4.43157419554268
 20
-0.3998120171909249
 30
0.0
 11
4.567424411855654
 21
-0.6867536592217221
 31
0.0
  0
LINE
  5
3E7
330
23F
100
AcDbEntity
  8
xian
 62
    18
420
        0
370
     0
100
AcDbLine
 10
4.444664547764887
 20
-0.3998136254285782
 30
0.0
 11
4.43157419554268
 21
-0.3998120171909249
 31
0.0
  0
SPLINE
  5
3E8
330
23F
100
AcDbEntity
  8
xian
 62
    18
420
        0
370
     0
100
AcDbSpline
210
0.0
220
0.0
230
1.0
 70
     8
 71
     3
 72
     8
 73
     4
 74
     0
 42
0.00000001
 43
0.0000000001
 40
-0.0000000016714874
 40
-0.0000000016714874
 40
-0.0000000016714874
 40
-0.0000000016714874
 40
1.0
 40
1.0
 40
1.0
 40
1.0
 10
2.979770624521961
 20
0.0029312548667804
 30
0.0
 10
3.199261893470293
 20
0.0029312277292775
 30
0.0
 10
3.3726787715525
 20
-0.1889563266977348
 30
0.0
 10
3.372678784794743
 20
-0.4135340865741455
 30
0.0
  0
LINE
  5
3E9
330
23F
100
AcDbEntity
  8
xian
 62
    18
420
        0
370
     0
100
AcDbLine
 10
3.372678784794743
 20
-0.4135340858847485
 30
0.0
 11
3.360848117771865
 21
-0.4135340865741455
 31
0.0
  0
SPLINE
  5
3EA
330
23F
100
AcDbEntity
  8
xian
 62
    18
420
        0
370
     0
100
AcDbSpline
210
0.0
220
0.0
230
1.0
 70
     8
 71
     3
 72
     8
 73
     4
 74
     0
 42
0.00000001
 43
0.0000000001
 40
-0.0000000034407581
 40
-0.0000000034407581
 40
-0.0000000034407581
 40
-0.0000000034407581
 40
1.0
 40
1.0
 40
1.0
 40
1.0
 10
2.979770624165439
 20
-0.0088994121542783
 30
0.0
 10
3.192069050640611
 20
-0.0088994385441765
 30
0.0
 10
3.360848104726073
 20
-0.1947457032929378
 30
0.0
 10
3.360848117771865
 20
-0.4135340865741455
 30
0.0
  0
SPLINE
  5
3EB
330
23F
100
AcDbEntity
  8
xian
 62
    18
420
        0
370
     0
100
AcDbSpline
210
0.0
220
0.0
230
1.0
 70
     8
 71
     3
 72
     8
 73
     4
 74
     0
 42
0.00000001
 43
0.0000000001
 40
0.0
 40
0.0
 40
0.0
 40
0.0
 40
1.0
 40
1.0
 40
1.0
 40
1.0
 10
3.372678784794743
 20
-0.4135340865741455
 30
0.0
 10
3.372678771523396
 20
-0.6381171717912367
 30
0.0
 10
3.199261452798282
 20
-0.8300006184381345
 30
0.0
 10
2.979770624521961
 20
-0.8300006455156108
 30
0.0
  0
LINE
  5
3EC
330
23F
100
AcDbEntity
  8
xian
 62
    18
420
        0
370
     0
100
AcDbLine
 10
2.979770626330036
 20
-0.8300006455156108
 30
0.0
 11
2.979770625584251
 21
-0.8181699784945521
 31
0.0
  0
SPLINE
  5
3ED
330
23F
100
AcDbEntity
  8
xian
 62
    18
420
        0
370
     0
100
AcDbSpline
210
0.0
220
0.0
230
1.0
 70
     8
 71
     3
 72
     8
 73
     4
 74
     0
 42
0.00000001
 43
0.0000000001
 40
0.0
 40
0.0
 40
0.0
 40
0.0
 40
1.0
 40
1.0
 40
1.0
 40
1.0
 10
3.360848117771865
 20
-0.4135340865741455
 30
0.0
 10
3.360848104671504
 20
-0.6323276862567582
 30
0.0
 10
3.192068580868408
 20
-0.8181699521501286
 30
0.0
 10
2.979770624165439
 20
-0.8181699784945521
 30
0.0
  0
LINE
  5
3EE
330
23F
100
AcDbEntity
  8
xian
 62
    18
420
        0
370
     0
100
AcDbLine
 10
-3.201706039334339
 20
-0.9454512419761158
 30
0.0
 11
-3.206846990143048
 21
-0.9561070789350196
 31
0.0
  0
SPLINE
  5
3EF
330
23F
100
AcDbEntity
  8
xian
 62
    18
420
        0
370
     0
100
AcDbSpline
210
0.0
220
0.0
230
1.0
 70
     8
 71
     3
 72
    20
 73
    16
 74
     0
 42
0.00000001
 43
0.0000000001
 40
-0.076141131414789
 40
-0.076141131414789
 40
-0.076141131414789
 40
-0.076141131414789
 40
-0.0420487946912421
 40
-0.0420487946912421
 40
-0.0420487946912421
 40
-0.01
 40
-0.01
 40
-0.01
 40
0.0
 40
0.0
 40
0.0
 40
1.0
 40
1.0
 40
1.0
 40
1.000707186186745
 40
1.000707186186745
 40
1.000707186186745
 40
1.000707186186745
 10
-3.473354699381843
 20
-0.6399559459387092
 30
0.0
 10
-3.472093983743206
 20
-0.6444471838731261
 30
0.0
 10
-3.47083326810457
 20
-0.6489384218075429
 30
0.0
 10
-3.469572552469571
 20
-0.6534296597401408
 30
0.0
 10
-3.468387405876228
 20
-0.6576516866316524
 30
0.0
 10
-3.467202259286523
 20
-0.6618737135249831
 30
0.0
 10
-3.46601711269318
 20
-0.6660957404164947
 30
0.0
 10
-3.465647318259243
 20
-0.6674131150430185
 30
0.0
 10
-3.465277523821669
 20
-0.6687304896677233
 30
0.0
 10
-3.464907729387732
 20
-0.6700478642942472
 30
0.0
 10
-3.427928285844927
 20
-0.801785326881145
 30
0.0
 10
-3.297880449802278
 20
-0.9111635357567138
 30
0.0
 10
-3.207039714078518
 20
-0.9560119304424006
 30
0.0
 10
-3.20697547276427
 20
-0.9560436466072133
 30
0.0
 10
-3.206911231450021
 20
-0.9560753627720259
 30
0.0
 10
-3.206846990135773
 20
-0.9561070789368386
 30
0.0
  0
CIRCLE
  5
3F0
330
23F
100
AcDbEntity
  8
xian
 62
    18
420
        0
370
     0
100
AcDbCircle
 10
-5.443022505690123
 20
-1.279397135891485
 30
0.0
 40
0.2122267066029053
  0
LINE
  5
3F1
330
23F
100
AcDbEntity
  8
xian
 62
    18
420
        0
370
     0
100
AcDbLine
 10
-5.455441832390306
 20
-1.302781070216951
 30
0.0
 11
-5.424910519225477
 21
-1.302781070216951
 31
0.0
  0
SPLINE
  5
3F2
330
23F
100
AcDbEntity
  8
xian
 62
    18
420
        0
370
     0
100
AcDbSpline
210
0.0
220
0.0
230
1.0
 70
     8
 71
     3
 72
     8
 73
     4
 74
     0
 42
0.00000001
 43
0.0000000001
 40
0.0000019213238812
 40
0.0000019213238812
 40
0.0000019213238812
 40
0.0000019213238812
 40
0.9999992566776086
 40
0.9999992566776086
 40
0.9999992566776086
 40
0.9999992566776086
 10
-5.528424456450693
 20
-1.27981934158015
 30
0.0
 10
-5.542201705437719
 20
-1.294656739741185
 30
0.0
 10
-5.546605030937598
 20
-1.314901488918621
 30
0.0
 10
-5.546604935226014
 20
-1.334852818978106
 30
0.0
  0
LINE
  5
3F3
330
23F
100
AcDbEntity
  8
xian
 62
    18
420
        0
370
     0
100
AcDbLine
 10
-1.472661707714678
 20
-0.9748327169636468
 30
0.0
 11
-1.245168260448508
 21
-0.9748327169636468
 31
0.0
  0
LINE
  5
3F4
330
23F
100
AcDbEntity
  8
xian
 62
    18
420
        0
370
     0
100
AcDbLine
 10
-1.464807238732419
 20
-0.9630020499425882
 30
0.0
 11
-1.472661707714678
 21
-0.9748327169636468
 31
0.0
  0
LINE
  5
3F5
330
23F
100
AcDbEntity
  8
xian
 62
    18
420
        0
370
     0
100
AcDbLine
 10
-1.945312122465793
 20
0.1474174352806585
 30
0.0
 11
-1.472661707714678
 21
-0.9748327169636468
 31
0.0
  0
LINE
  5
3F6
330
23F
100
AcDbEntity
  8
xian
 62
    18
420
        0
370
     0
100
AcDbLine
 10
-0.772890862038139
 20
0.146662707276846
 30
0.0
 11
-1.020514240441798
 21
0.1474582562259457
 31
0.0
  0
SPLINE
  5
3F7
330
23F
100
AcDbEntity
  8
xian
 62
    18
420
        0
370
     0
100
AcDbSpline
210
0.0
220
0.0
230
1.0
 70
     8
 71
     3
 72
     8
 73
     4
 74
     0
 42
0.00000001
 43
0.0000000001
 40
5.157690685110636
 40
5.157690685110636
 40
5.157690685110636
 40
5.157690685110636
 40
7.4086794979384
 40
7.4086794979384
 40
7.4086794979384
 40
7.4086794979384
 10
4.492845715863268
 20
-0.1495877333072713
 30
0.0
 10
4.497946845646993
 20
-0.1388200761812186
 30
0.0
 10
4.513540656061422
 20
-0.138820139114614
 30
0.0
 10
4.518641698937472
 20
-0.1495878374062158
 30
0.0
  0
SPLINE
  5
3F8
330
23F
100
AcDbEntity
  8
xian
 62
    18
420
        0
370
     0
100
AcDbSpline
210
0.0
220
0.0
230
1.0
 70
     8
 71
     3
 72
    11
 73
     7
 74
     0
 42
0.00000001
 43
0.0000000001
 40
5.157686331777526
 40
5.157686331777526
 40
5.157686331777526
 40
5.157686331777526
 40
5.157691116419809
 40
5.157691116419809
 40
5.157691116419809
 40
7.4086794979384
 40
7.4086794979384
 40
7.4086794979384
 40
7.4086794979384
 10
4.503537289109999
 20
-0.1546528042526916
 30
0.0
 10
4.503537291063594
 20
-0.1546528001254046
 30
0.0
 10
4.503537293020826
 20
-0.1546527959999366
 30
0.0
 10
4.503537294974421
 20
-0.1546527918726497
 30
0.0
 10
4.504457014117406
 20
-0.1527114991731651
 30
0.0
 10
4.507030375468502
 20
-0.1527115095632325
 30
0.0
 10
4.50795007894635
 20
-0.1546528096805559
 30
0.0
  0
LINE
  5
3F9
330
23F
100
AcDbEntity
  8
xian
 62
    18
420
        0
370
     0
100
AcDbLine
 10
4.492845712931057
 20
-0.1495877394991112
 30
0.0
 11
4.503537289109999
 21
-0.1546528042545106
 31
0.0
  0
LINE
  5
3FA
330
23F
100
AcDbEntity
  8
xian
 62
    18
420
        0
370
     0
100
AcDbLine
 10
4.726617753828804
 20
-0.5886032605321816
 30
0.0
 11
4.909291763658302
 21
-0.4914737665876601
 31
0.0
  0
LINE
  5
3FB
330
23F
100
AcDbEntity
  8
xian
 62
    18
420
        0
370
     0
100
AcDbLine
 10
4.909291763658302
 20
-0.4914737665876601
 30
0.0
 11
4.924816846937801
 21
-0.496617992528627
 31
0.0
  0
LINE
  5
3FC
330
23F
100
AcDbEntity
  8
xian
 62
    18
420
        0
370
     0
100
AcDbLine
 10
4.721231099945043
 20
-0.6048664543559426
 30
0.0
 11
4.924816846937801
 21
-0.496617992528627
 31
0.0
  0
LINE
  5
3FD
330
23F
100
AcDbEntity
  8
xian
 62
    18
420
        0
370
     0
100
AcDbLine
 10
4.753818676016862
 20
-0.6460215261613485
 30
0.0
 11
4.738291220393193
 21
-0.6408785616204114
 31
0.0
  0
LINE
  5
3FE
330
23F
100
AcDbEntity
  8
xian
 62
    18
420
        0
370
     0
100
AcDbLine
 10
4.941868597040638
 20
-0.532634550381772
 30
0.0
 11
4.738291220393193
 21
-0.6408785616204114
 31
0.0
  0
SPLINE
  5
3FF
330
23F
100
AcDbEntity
  8
xian
 62
    18
420
        0
370
     0
100
AcDbSpline
210
0.0
220
0.0
230
1.0
 70
     8
 71
     3
 72
     8
 73
     4
 74
     0
 42
0.00000001
 43
0.0000000001
 40
5.719942400156575
 40
5.719942400156575
 40
5.719942400156575
 40
5.719942400156575
 40
6.84642839512919
 40
6.84642839512919
 40
6.84642839512919
 40
6.84642839512919
 10
4.422176834548054
 20
0.1354065152409021
 30
0.0
 10
4.407667005295706
 20
0.1354065093946701
 30
0.0
 10
4.394112334353167
 20
0.1268306078818568
 30
0.0
 10
4.387898217380325
 20
0.1137187851545605
 30
0.0
  0
SPLINE
  5
400
330
23F
100
AcDbEntity
  8
xian
 62
    18
420
        0
370
     0
100
AcDbSpline
210
0.0
220
0.0
230
1.0
 70
     8
 71
     3
 72
     8
 73
     4
 74
     0
 42
0.00000001
 43
0.0000000001
 40
5.719942495578203
 40
5.719942495578203
 40
5.719942495578203
 40
5.719942495578203
 40
6.84642839512919
 40
6.84642839512919
 40
6.84642839512919
 40
6.84642839512919
 10
4.422176834548054
 20
0.1472371822619607
 30
0.0
 10
4.403143637940274
 20
0.1472371764830314
 30
0.0
 10
4.385358755858078
 20
0.135984863698468
 30
0.0
 10
4.377207420430977
 20
0.1187854944128048
 30
0.0
  0
LINE
  5
401
330
23F
100
AcDbEntity
  8
xian
 62
    18
420
        0
370
     0
100
AcDbLine
 10
1.834964974560762
 20
0.1355867682595999
 30
0.0
 11
1.135274888172034
 21
0.1355867682595999
 31
0.0
  0
LINE
  5
402
330
23F
100
AcDbEntity
  8
xian
 62
    18
420
        0
370
     0
100
AcDbLine
 10
1.60826123557058
 20
-0.9630020499425882
 30
0.0
 11
1.834964974560762
 21
-0.9630020499425882
 31
0.0
  0
LINE
  5
403
330
23F
100
AcDbEntity
  8
xian
 62
    18
420
        0
370
     0
100
AcDbLine
 10
-2.98263204679165
 20
-0.2625449172646768
 30
0.0
 11
-3.256064724818088
 21
-0.2625449172774097
 31
0.0
  0
LINE
  5
404
330
23F
100
AcDbEntity
  8
xian
 62
    18
420
        0
370
     0
100
AcDbLine
 10
-2.994462713810889
 20
-0.2743755842857354
 30
0.0
 11
-2.98263204679165
 21
-0.2625449172646768
 31
0.0
  0
LINE
  5
405
330
23F
100
AcDbEntity
  8
xian
 62
    18
420
        0
370
     0
100
AcDbLine
 10
3.875009595139317
 20
-0.9684802988413139
 30
0.0
 11
4.104901263500551
 21
-0.9684802988413139
 31
0.0
  0
LINE
  5
406
330
23F
100
AcDbEntity
  8
xian
 62
    18
420
        0
370
     0
100
AcDbLine
 10
4.104901263500551
 20
-0.9684802988413139
 30
0.0
 11
4.112387684358736
 21
-0.9803109658623725
 31
0.0
  0
LINE
  5
407
330
23F
100
AcDbEntity
  8
xian
 62
    18
420
        0
370
     0
100
AcDbLine
 10
3.856310593258285
 20
-0.9803109658623725
 30
0.0
 11
4.112387684358736
 21
-0.9803109658623725
 31
0.0
  0
CIRCLE
  5
408
330
23F
100
AcDbEntity
  8
xian
 62
    18
420
        0
370
     0
100
AcDbCircle
 10
-5.443022505690123
 20
-1.279397135891485
 30
0.0
 40
0.2240573736244187
  0
LINE
  5
409
330
23F
100
AcDbEntity
  8
xian
 62
    18
420
        0
370
     0
100
AcDbLine
 10
-4.782304932338547
 20
-0.77344017104042
 30
0.0
 11
-4.782304932338547
 21
-0.9630020499425882
 31
0.0
  0
LINE
  5
40A
330
23F
100
AcDbEntity
  8
xian
 62
    18
420
        0
370
     0
100
AcDbLine
 10
-4.782304932338547
 20
-0.9630020499425882
 30
0.0
 11
-4.794135599361425
 21
-0.9748327169636468
 31
0.0
  0
LINE
  5
40B
330
23F
100
AcDbEntity
  8
xian
 62
    18
420
        0
370
     0
100
AcDbLine
 10
-4.794135599361425
 20
-0.7616095040193614
 30
0.0
 11
-4.794135599361425
 21
-0.9748327169636468
 31
0.0
  0
LINE
  5
40C
330
23F
100
AcDbEntity
  8
xian
 62
    18
420
        0
370
     0
100
AcDbLine
 10
-4.782304932338547
 20
-0.77344017104042
 30
0.0
 11
-4.794135599361425
 21
-0.7616095040193614
 31
0.0
  0
LINE
  5
40D
330
23F
100
AcDbEntity
  8
xian
 62
    18
420
        0
370
     0
100
AcDbLine
 10
-4.225363549260464
 20
-0.77344017104042
 30
0.0
 11
-4.782304932338547
 21
-0.77344017104042
 31
0.0
  0
LINE
  5
40E
330
23F
100
AcDbEntity
  8
xian
 62
    18
420
        0
370
     0
100
AcDbLine
 10
-4.225363549260464
 20
-0.503066983555982
 30
0.0
 11
-4.225363549260464
 21
-0.77344017104042
 31
0.0
  0
LINE
  5
40F
330
23F
100
AcDbEntity
  8
xian
 62
    18
420
        0
370
     0
100
AcDbLine
 10
-4.745767159013439
 20
-0.503066983555982
 30
0.0
 11
-4.225363549260464
 21
-0.503066983555982
 31
0.0
  0
LINE
  5
410
330
23F
100
AcDbEntity
  8
xian
 62
    18
420
        0
370
     0
100
AcDbLine
 10
-4.035097471737344
 20
-0.9630020499425882
 30
0.0
 11
-4.035097471737344
 21
0.1359350950406224
 31
0.0
  0
LINE
  5
411
330
23F
100
AcDbEntity
  8
xian
 62
    18
420
        0
370
     0
100
AcDbLine
 10
-4.782304932338547
 20
-0.9630020499425882
 30
0.0
 11
-4.035097471737344
 21
-0.9630020499425882
 31
0.0
  0
SPLINE
  5
412
330
23F
100
AcDbEntity
  8
xian
 62
    18
420
        0
370
     0
100
AcDbSpline
210
0.0
220
0.0
230
1.0
 70
     8
 71
     3
 72
     8
 73
     4
 74
     0
 42
0.00000001
 43
0.0000000001
 40
0.000003167723899
 40
0.000003167723899
 40
0.000003167723899
 40
0.000003167723899
 40
0.999998622718636
 40
0.999998622718636
 40
0.999998622718636
 40
0.999998622718636
 10
-5.53709389224673
 20
-1.271769151198895
 30
0.0
 10
-5.553807562548854
 20
-1.289768979051586
 30
0.0
 10
-5.558435727413552
 20
-1.313317253270724
 30
0.0
 10
-5.558435602248891
 20
-1.334852818978106
 30
0.0
  0
LINE
  5
413
330
23F
100
AcDbEntity
  8
xian
 62
    18
420
        0
370
     0
100
AcDbLine
 10
4.713962263587063
 20
-0.9684802988413139
 30
0.0
 11
4.846002192319474
 21
-0.9684802988413139
 31
0.0
  0
LINE
  5
414
330
23F
100
AcDbEntity
  8
xian
 62
    18
420
        0
370
     0
100
AcDbLine
 10
4.846002192319474
 20
-0.9684802988413139
 30
0.0
 11
4.864692917434922
 21
-0.9803109658623725
 31
0.0
  0
LINE
  5
415
330
23F
100
AcDbEntity
  8
xian
 62
    18
420
        0
370
     0
100
AcDbLine
 10
4.706475775870103
 20
-0.9803109658623725
 30
0.0
 11
4.864692917434922
 21
-0.9803109658623725
 31
0.0
  0
LINE
  5
416
330
23F
100
AcDbEntity
  8
xian
 62
    18
420
        0
370
     0
100
AcDbLine
 10
4.713962263587063
 20
-0.9684802988413139
 30
0.0
 11
4.706475775870103
 21
-0.9803109658623725
 31
0.0
  0
LINE
  5
417
330
23F
100
AcDbEntity
  8
xian
 62
    18
420
        0
370
     0
100
AcDbLine
 10
1.846795641583639
 20
0.1474174352806585
 30
0.0
 11
1.123444221149156
 21
0.1474174352806585
 31
0.0
  0
LINE
  5
418
330
23F
100
AcDbEntity
  8
xian
 62
    18
420
        0
370
     0
100
AcDbLine
 10
-4.023266804718105
 20
-0.9748327169636468
 30
0.0
 11
-4.023266804718105
 21
0.147765762061681
 31
0.0
  0
LINE
  5
419
330
23F
100
AcDbEntity
  8
xian
 62
    18
420
        0
370
     0
100
AcDbLine
 10
-4.035097471737344
 20
-0.9630020499425882
 30
0.0
 11
-4.023266804718105
 21
-0.9748327169636468
 31
0.0
  0
SPLINE
  5
41A
330
23F
100
AcDbEntity
  8
xian
 62
    18
420
        0
370
     0
100
AcDbSpline
210
0.0
220
0.0
230
1.0
 70
     8
 71
     3
 72
     8
 73
     4
 74
     0
 42
0.00000001
 43
0.0000000001
 40
5.719742728560198
 40
5.719742728560198
 40
5.719742728560198
 40
5.719742728560198
 40
6.846628066948379
 40
6.846628066948379
 40
6.846628066948379
 40
6.846628066948379
 10
4.622774703653021
 20
0.1137050686047587
 30
0.0
 10
4.616563530401663
 20
0.1268242409169034
 30
0.0
 10
4.603004800304233
 20
0.1354065093946701
 30
0.0
 10
4.588489589135178
 20
0.1354065152409021
 30
0.0
  0
SPLINE
  5
41B
330
23F
100
AcDbEntity
  8
xian
 62
    18
420
        0
370
     0
100
AcDbSpline
210
0.0
220
0.0
230
1.0
 70
     8
 71
     3
 72
     8
 73
     4
 74
     0
 42
0.00000001
 43
0.0000000001
 40
5.719742823688993
 40
5.719742823688993
 40
5.719742823688993
 40
5.719742823688993
 40
6.846628066948379
 40
6.846628066948379
 40
6.846628066948379
 40
6.846628066948379
 10
4.633467526992944
 20
0.1187674999546289
 30
0.0
 10
4.625320053582299
 20
0.1359765087345295
 30
0.0
 10
4.607529844025748
 20
0.1472371764830314
 30
0.0
 10
4.588489589135178
 20
0.1472371822619607
 30
0.0
  0
LINE
  5
41C
330
23F
100
AcDbEntity
  8
xian
 62
    18
420
        0
370
     0
100
AcDbLine
 10
4.622774700655327
 20
0.1137050749348418
 30
0.0
 11
4.633467521001193
 21
0.1187675126129761
 31
0.0
  0
ARC
  5
41D
330
23F
100
AcDbEntity
  8
xian
 62
    18
420
        0
370
     0
100
AcDbCircle
 10
3.421280904748755
 20
-4.732757593910719
 30
0.0
 40
0.4006328141556763
100
AcDbArc
 50
25.46456121238371
 51
89.89320248362298
  0
LINE
  5
41E
330
23F
100
AcDbEntity
  8
xian
 62
    18
420
        0
370
     0
100
AcDbLine
 10
3.422027671181467
 20
-4.332125475730208
 30
0.0
 11
3.775848372616792
 21
-4.172344750169941
 31
0.0
  0
LINE
  5
41F
330
23F
100
AcDbEntity
  8
xian
 62
    18
420
        0
370
     0
100
AcDbLine
 10
3.775848372616792
 20
-4.172344750169941
 30
0.0
 11
3.782992799059911
 21
-4.560504416023832
 31
0.0
  0
SPLINE
  5
420
330
23F
100
AcDbEntity
  8
xian
 62
    18
420
        0
370
     0
100
AcDbSpline
210
0.0
220
0.0
230
1.0
 70
     8
 71
     3
 72
     8
 73
     4
 74
     0
 42
0.00000001
 43
0.0000000001
 40
0.0
 40
0.0
 40
0.0
 40
0.0
 40
1.0
 40
1.0
 40
1.0
 40
1.0
 10
2.979770625227729
 20
-0.8300006455156108
 30
0.0
 10
2.760278418033749
 20
-0.8300006183781079
 30
0.0
 10
2.58685992175674
 20
-0.6381122410548415
 30
0.0
 10
2.586859908565429
 20
-0.4135340865741455
 30
0.0
  0
SPLINE
  5
421
330
23F
100
AcDbEntity
  8
xian
 62
    18
420
        0
370
     0
100
AcDbSpline
210
0.0
220
0.0
230
1.0
 70
     8
 71
     3
 72
     8
 73
     4
 74
     0
 42
0.00000001
 43
0.0000000001
 40
0.0
 40
0.0
 40
0.0
 40
0.0
 40
1.0
 40
1.0
 40
1.0
 40
1.0
 10
2.97977062504583
 20
-1.017580959260158
 30
0.0
 10
3.303254722645988
 20
-1.017580939993422
 30
0.0
 10
3.560261569421754
 20
-0.7400937549591618
 30
0.0
 10
3.560261579950065
 20
-0.4135340865741455
 30
0.0
  0
SPLINE
  5
422
330
23F
100
AcDbEntity
  8
xian
 62
    18
420
        0
370
     0
100
AcDbSpline
210
0.0
220
0.0
230
1.0
 70
     8
 71
     3
 72
     8
 73
     4
 74
     0
 42
0.00000001
 43
0.0000000001
 40
0.0
 40
0.0
 40
0.0
 40
0.0
 40
1.000000000904867
 40
1.000000000904867
 40
1.000000000904867
 40
1.000000000904867
 10
2.399279669475845
 20
-0.4135340865741455
 30
0.0
 10
2.39927967988774
 20
-0.7400896557082888
 30
0.0
 10
2.656282578554282
 20
-1.017580939995241
 30
0.0
 10
2.979770624700222
 20
-1.017580959260158
 30
0.0
  0
LINE
  5
423
330
23F
100
AcDbEntity
  8
xian
 62
    18
420
        0
370
     0
100
AcDbLine
 10
-2.98263204679165
 20
-0.4580485276255786
 30
0.0
 11
-2.98263204679165
 21
-0.2625449172646768
 31
0.0
  0
SPLINE
  5
424
330
23F
100
AcDbEntity
  8
xian
 62
    18
420
        0
370
     0
100
AcDbSpline
210
0.0
220
0.0
230
1.0
 70
     8
 71
     3
 72
     8
 73
     4
 74
     0
 42
0.00000001
 43
0.0000000001
 40
0.0
 40
0.0
 40
0.0
 40
0.0
 40
1.0
 40
1.0
 40
1.0
 40
1.0
 10
2.979770625220453
 20
-1.029411626281216
 30
0.0
 10
3.310246352956937
 20
-1.029411606663416
 30
0.0
 10
3.572092236295475
 20
-0.7460870423037705
 30
0.0
 10
3.572092246972943
 20
-0.4135340865741455
 30
0.0
  0
LINE
  5
425
330
23F
100
AcDbEntity
  8
xian
 62
    18
420
        0
370
     0
100
AcDbLine
 10
2.979770625584251
 20
-1.017580959260158
 30
0.0
 11
2.979770626290019
 21
-1.029411626281216
 31
0.0
  0
LINE
  5
426
330
23F
100
AcDbEntity
  8
xian
 62
    18
420
        0
370
     0
100
AcDbLine
 10
-4.225363549260464
 20
-0.503066983555982
 30
0.0
 11
-4.237194216279704
 21
-0.5148976505788597
 31
0.0
  0
LINE
  5
427
330
23F
100
AcDbEntity
  8
xian
 62
    18
420
        0
370
     0
100
AcDbLine
 10
-4.757597826036317
 20
-0.5148976505788597
 30
0.0
 11
-4.237194216279704
 21
-0.5148976505788597
 31
0.0
  0
SPLINE
  5
428
330
23F
100
AcDbEntity
  8
xian
 62
    18
420
        0
370
     0
100
AcDbSpline
210
0.0
220
0.0
230
1.0
 70
     8
 71
     3
 72
     8
 73
     4
 74
     0
 42
0.00000001
 43
0.0000000001
 40
0.0
 40
0.0
 40
0.0
 40
0.0
 40
1.000000001786857
 40
1.000000001786857
 40
1.000000001786857
 40
1.000000001786857
 10
2.387449002452967
 20
-0.4135340865741455
 30
0.0
 10
2.38744901295945
 20
-0.7460828652619967
 30
0.0
 10
2.649290871591119
 20
-1.029411606665235
 30
0.0
 10
2.979770624529237
 20
-1.029411626281216
 30
0.0
  0
LINE
  5
429
330
23F
100
AcDbEntity
  8
xian
 62
    18
420
        0
370
     0
100
AcDbLine
 10
4.846002192319474
 20
-0.9684802988413139
 30
0.0
 11
4.705500086339498
 21
-0.6717129760199896
 31
0.0
  0
LINE
  5
42A
330
23F
100
AcDbEntity
  8
xian
 62
    18
420
        0
370
     0
100
AcDbLine
 10
4.705500086339498
 20
-0.6717129760199896
 30
0.0
 11
4.710889343335338
 21
-0.6554483980962687
 31
0.0
  0
LINE
  5
42B
330
23F
100
AcDbEntity
  8
xian
 62
    18
420
        0
370
     0
100
AcDbLine
 10
4.864692917434922
 20
-0.9803109658623725
 30
0.0
 11
4.710889343335338
 21
-0.6554483980962687
 31
0.0
  0
LINE
  5
42C
330
23F
100
AcDbEntity
  8
xian
 62
    18
420
        0
370
     0
100
AcDbLine
 10
4.67835288142237
 20
-0.6143728865645244
 30
0.0
 11
4.510739013424654
 21
-0.2603403364810219
 31
0.0
  0
LINE
  5
42D
330
23F
100
AcDbEntity
  8
xian
 62
    18
420
        0
370
     0
100
AcDbLine
 10
4.510739013424654
 20
-0.2603403364810219
 30
0.0
 11
4.510742409248678
 21
-0.2326997895652312
 31
0.0
  0
LINE
  5
42E
330
23F
100
AcDbEntity
  8
xian
 62
    18
420
        0
370
     0
100
AcDbLine
 10
4.693877964698231
 20
-0.6195171125073103
 30
0.0
 11
4.510742409248678
 21
-0.2326997895652312
 31
0.0
  0
LINE
  5
42F
330
23F
100
AcDbEntity
  8
xian
 62
    18
420
        0
370
     0
100
AcDbLine
 10
4.909291763658302
 20
-0.4914737665876601
 30
0.0
 11
4.622774700655327
 21
0.1137050749348418
 31
0.0
  0
LINE
  5
430
330
23F
100
AcDbEntity
  8
xian
 62
    18
420
        0
370
     0
100
AcDbLine
 10
4.924816846937801
 20
-0.496617992528627
 30
0.0
 11
4.633467521001193
 21
0.1187675126129761
 31
0.0
  0
LINE
  5
431
330
23F
100
AcDbEntity
  8
xian
 62
    18
420
        0
370
     0
100
AcDbLine
 10
4.104901263500551
 20
-0.9684802988413139
 30
0.0
 11
4.492845712931057
 21
-0.1495877394991112
 31
0.0
  0
LINE
  5
432
330
23F
100
AcDbEntity
  8
xian
 62
    18
420
        0
370
     0
100
AcDbLine
 10
4.112387684358736
 20
-0.9803109658623725
 30
0.0
 11
4.503537289109999
 21
-0.1546528042545106
 31
0.0
  0
LINE
  5
433
330
23F
100
AcDbEntity
  8
xian
 62
    18
420
        0
370
     0
100
AcDbLine
 10
-4.794135599361425
 20
-0.9748327169636468
 30
0.0
 11
-4.023266804718105
 21
-0.9748327169636468
 31
0.0
  0
LINE
  5
434
330
23F
100
AcDbEntity
  8
xian
 62
    18
420
        0
370
     0
100
AcDbLine
 10
4.705500086339498
 20
-0.6717129760199896
 30
0.0
 11
4.599958501420815
 21
-0.7278304321534961
 31
0.0
  0
LINE
  5
435
330
23F
100
AcDbEntity
  8
xian
 62
    18
420
        0
370
     0
100
AcDbLine
 10
4.599958501420815
 20
-0.7278304321534961
 30
0.0
 11
4.584431045797145
 21
-0.72268746761074
 31
0.0
  0
LINE
  5
436
330
23F
100
AcDbEntity
  8
xian
 62
    18
420
        0
370
     0
100
AcDbLine
 10
4.710889343335338
 20
-0.6554483980962687
 30
0.0
 11
4.584431045797145
 21
-0.72268746761074
 31
0.0
  0
LINE
  5
437
330
23F
100
AcDbEntity
  8
xian
 62
    18
420
        0
370
     0
100
AcDbLine
 10
4.738291220393193
 20
-0.6408785616204114
 30
0.0
 11
4.89909152174664
 21
-0.9803109658623725
 31
0.0
  0
LINE
  5
438
330
23F
100
AcDbEntity
  8
xian
 62
    18
420
        0
370
     0
100
AcDbLine
 10
-5.455441832390306
 20
-1.31461173723801
 30
0.0
 11
-5.436741186244717
 21
-1.31461173723801
 31
0.0
  0
LINE
  5
439
330
23F
100
AcDbEntity
  8
xian
 62
    18
420
        0
370
     0
100
AcDbLine
 10
4.510739013424654
 20
-0.2603403364810219
 30
0.0
 11
4.444664547764887
 21
-0.3998136254285782
 31
0.0
  0
LINE
  5
43A
330
23F
100
AcDbEntity
  8
xian
 62
    18
420
        0
370
     0
100
AcDbLine
 10
4.510742409248678
 20
-0.2326997895652312
 30
0.0
 11
4.43157419554268
 21
-0.3998120171909249
 31
0.0
  0
LINE
  5
43B
330
23F
100
AcDbEntity
  8
xian
 62
    18
420
        0
370
     0
100
AcDbLine
 10
-2.539746514311218
 20
-0.828406672580968
 30
0.0
 11
-2.531398877869605
 21
-0.8367901462697773
 31
0.0
  0
SPLINE
  5
43C
330
23F
100
AcDbEntity
  8
xian
 62
    18
420
        0
370
     0
100
AcDbSpline
210
0.0
220
0.0
230
1.0
 70
     8
 71
     3
 72
     8
 73
     4
 74
     0
 42
0.00000001
 43
0.0000000001
 40
-0.0000000011971356
 40
-0.0000000011971356
 40
-0.0000000011971356
 40
-0.0000000011971356
 40
0.9998960402976072
 40
0.9998960402976072
 40
0.9998960402976072
 40
0.9998960402976072
 10
-2.955754114075489
 20
-1.011159790010424
 30
0.0
 10
-2.792598222495826
 20
-1.011159794708873
 30
0.0
 10
-2.646105252276129
 20
-0.9514776343912672
 30
0.0
 10
-2.531398877869605
 20
-0.8367901462697773
 30
0.0
  0
LINE
  5
43D
330
23F
100
AcDbEntity
  8
xian
 62
    18
420
        0
370
     0
100
AcDbLine
 10
-2.955754114359251
 20
-0.9993291229893657
 30
0.0
 11
-2.9557541146321
 21
-1.011159790010424
 31
0.0
  0
SPLINE
  5
43E
330
23F
100
AcDbEntity
  8
xian
 62
    18
420
        0
370
     0
100
AcDbSpline
210
0.0
220
0.0
230
1.0
 70
     8
 71
     3
 72
     8
 73
     4
 74
     0
 42
0.00000001
 43
0.0000000001
 40
-0.0000000083306952
 40
-0.0000000083306952
 40
-0.0000000083306952
 40
-0.0000000083306952
 40
1.0
 40
1.0
 40
1.0
 40
1.0
 10
-2.531398906933418
 20
-0.8367901165820512
 30
0.0
 10
-2.416547300629417
 20
-0.7224294749994442
 30
0.0
 10
-2.356970172648971
 20
-0.5762814913614421
 30
0.0
 10
-2.356970177673019
 20
-0.4138129914699676
 30
0.0
  0
LINE
  5
43F
330
23F
100
AcDbEntity
  8
xian
 62
    18
420
        0
370
     0
100
AcDbLine
 10
1.596430568547702
 20
-0.9748327169636468
 30
0.0
 11
1.846795641583639
 21
-0.9748327169636468
 31
0.0
  0
LINE
  5
440
330
23F
100
AcDbEntity
  8
xian
 62
    18
420
        0
370
     0
100
AcDbLine
 10
-3.437031113368675
 20
-4.560504416023832
 30
0.0
 11
-3.478737700658484
 21
-4.648505647877755
 31
0.0
  0
LINE
  5
441
330
23F
100
AcDbEntity
  8
xian
 62
    18
420
        0
370
     0
100
AcDbLine
 10
4.599958501420815
 20
-0.7278304321534961
 30
0.0
 11
4.713962263587063
 21
-0.9684802988413139
 31
0.0
  0
LINE
  5
442
330
23F
100
AcDbEntity
  8
xian
 62
    18
420
        0
370
     0
100
AcDbLine
 10
-4.237194216279704
 20
-0.7616095040193614
 30
0.0
 11
-4.794135599361425
 21
-0.7616095040193614
 31
0.0
  0
LINE
  5
443
330
23F
100
AcDbEntity
  8
xian
 62
    18
420
        0
370
     0
100
AcDbLine
 10
-4.225363549260464
 20
-0.77344017104042
 30
0.0
 11
-4.237194216279704
 21
-0.7616095040193614
 31
0.0
  0
LINE
  5
444
330
23F
100
AcDbEntity
  8
xian
 62
    18
420
        0
370
     0
100
AcDbLine
 10
4.584431045797145
 20
-0.72268746761074
 30
0.0
 11
4.706475775870103
 21
-0.9803109658623725
 31
0.0
  0
SPLINE
  5
445
330
23F
100
AcDbEntity
  8
xian
 62
    18
420
        0
370
     0
100
AcDbSpline
210
0.0
220
0.0
230
1.0
 70
     8
 71
     3
 72
    11
 73
     7
 74
     0
 42
0.00000001
 43
0.0000000001
 40
-0.0008291264619417
 40
-0.0008291264619417
 40
-0.0008291264619417
 40
-0.0008291264619417
 40
0.0
 40
0.0
 40
0.0
 40
1.0
 40
1.0
 40
1.0
 40
1.0
 10
-3.206846990143048
 20
-0.9561070789350196
 30
0.0
 10
-3.206782162044646
 20
-0.9561376325618766
 30
0.0
 10
-3.206717333949882
 20
-0.9561681861905526
 30
0.0
 10
-3.206652505851479
 20
-0.9561987398174096
 30
0.0
 10
-3.128464075097099
 20
-0.9930491222421551
 30
0.0
 10
-3.043571205988655
 20
-1.011159791076352
 30
0.0
 10
-2.955754114086403
 20
-1.011159790010424
 30
0.0
  0
LINE
  5
446
330
23F
100
AcDbEntity
  8
xian
 62
    18
420
        0
370
     0
100
AcDbLine
 10
3.82469938634972
 20
-4.648505647877755
 30
0.0
 11
3.782992799059911
 21
-4.560504416023832
 31
0.0
  0
SPLINE
  5
447
330
23F
100
AcDbEntity
  8
xian
 62
    18
420
        0
370
     0
100
AcDbSpline
210
0.0
220
0.0
230
1.0
 70
     8
 71
     3
 72
     8
 73
     4
 74
     0
 42
0.00000001
 43
0.0000000001
 40
0.0
 40
0.0
 40
0.0
 40
0.0
 40
1.0
 40
1.0
 40
1.0
 40
1.0
 10
2.979770625584251
 20
-0.8181699784945521
 30
0.0
 10
2.767471231988793
 20
-0.8181699521046539
 30
0.0
 10
2.598690588583167
 20
-0.6323228153833043
 30
0.0
 10
2.598690575588307
 20
-0.4135340865741455
 30
0.0
  0
LINE
  5
448
330
23F
100
AcDbEntity
  8
xian
 62
    18
420
        0
370
     0
100
AcDbLine
 10
-4.237194216279704
 20
-0.5148976505788597
 30
0.0
 11
-4.237194216279704
 21
-0.7616095040193614
 31
0.0
  0
ELLIPSE
  5
449
330
23F
100
AcDbEntity
  8
xian
 62
    18
420
        0
370
     0
100
AcDbEllipse
 10
3.155289812525779
 20
-4.172344750169941
 30
0.0
 11
0.2672447717302475
 21
-0.1593557222826121
 31
0.0
210
0.0
220
0.0
230
1.0
 40
0.0536740898955932
 41
6.193414030352586
 42
6.245773907914999
  0
LINE
  5
44A
330
23F
100
AcDbEntity
  8
xian
 62
    18
420
        0
370
     0
100
AcDbLine
 10
3.420691652819414
 20
-4.332344750169795
 30
0.0
 11
-3.07472996712454
 21
-4.332344750169795
 31
0.0
  0
ELLIPSE
  5
44B
330
23F
100
AcDbEntity
  8
xian
 62
    18
420
        0
370
     0
100
AcDbEllipse
 10
-2.809328126834543
 20
-4.172344750169941
 30
0.0
 11
0.2672447717302475
 21
0.1593557222828395
 31
0.0
210
0.0
220
0.0
230
1.0
 40
0.0536740898955731
 41
3.179004052794303
 42
3.231363930384735
  0
LINE
  5
44C
330
23F
100
AcDbEntity
  8
xian
 62
    18
420
        0
370
     0
100
AcDbLine
 10
15.5565021464929
 20
3.556102322991137
 30
0.0
 11
15.75027867791436
 21
3.862376493256306
 31
0.0
  0
LINE
  5
44D
330
23F
100
AcDbEntity
  8
xian
 62
    18
420
        0
370
     0
100
AcDbLine
 10
19.78788078474394
 20
-4.656996158182664
 30
0.0
 11
15.75027867791436
 21
3.862376493256306
 31
0.0
  0
LINE
  5
44E
330
23F
100
AcDbEntity
  8
xian
 62
    18
420
        0
370
     0
100
AcDbLine
 10
-15.40431699222677
 20
3.862376493256306
 30
0.0
 11
-19.44191909905271
 21
-4.656996158182664
 31
0.0
  0
LINE
  5
44F
330
23F
100
AcDbEntity
  8
xian
 62
    18
420
        0
370
     0
100
AcDbLine
 10
-15.40431699222677
 20
3.862376493256306
 30
0.0
 11
-15.21054046080166
 21
3.556102322991137
 31
0.0
  0
LINE
  5
450
330
23F
100
AcDbEntity
  8
xian
 62
    18
420
        0
370
     0
100
AcDbLine
 10
15.75027867791436
 20
3.862376493256306
 30
0.0
 11
-15.40431699222677
 21
3.862376493256306
 31
0.0
  0
ELLIPSE
  5
451
330
23F
100
AcDbEntity
  8
xian
 62
    18
420
        0
370
     0
100
AcDbEllipse
 10
-0.6421377890480926
 20
0.223334749975038
 30
0.0
 11
4.802719931551337
 21
10.10595822738366
 31
0.0
210
0.0
220
0.0
230
1.0
 40
0.0473344560035858
 41
2.086348468612958
 42
3.159113583281132
  0
LINE
  5
452
330
23F
100
AcDbEntity
  8
xian
 62
    18
420
        0
370
     0
100
AcDbLine
 10
-5.569713770190674
 20
-10.16774164098751
 30
0.0
 11
-5.435739679095377
 21
-9.885055240130895
 31
0.0
  0
LINE
  5
453
330
23F
100
AcDbEntity
  8
xian
 62
    18
420
        0
370
     0
100
AcDbLine
 10
-5.701390804036009
 20
-9.953937771069831
 30
0.0
 11
-5.569713770190674
 21
-10.16774164098751
 31
0.0
  0
ELLIPSE
  5
454
330
23F
100
AcDbEntity
  8
xian
 62
    18
420
        0
370
     0
100
AcDbEllipse
 10
-4.757003162318824
 20
-7.974164859841039
 30
0.0
 11
0.9419532981039537
 21
1.982072829241474
 31
0.0
210
0.0
220
0.0
230
1.0
 40
0.0473344560035489
 41
2.352122891571165
 42
3.110917816906346
  0
LINE
  5
455
330
23F
100
AcDbEntity
  8
xian
 62
    18
420
        0
370
     0
100
AcDbLine
 10
-4.093711830814527
 20
-6.012668919918723
 30
0.0
 11
-5.48695783943981
 21
-9.338328131880189
 31
0.0
  0
ELLIPSE
  5
456
330
23F
100
AcDbEntity
  8
xian
 62
    18
420
        0
370
     0
100
AcDbEllipse
 10
-3.170293254712987
 20
-4.001271876561077
 30
0.0
 11
0.2660651145276915
 21
0.5598583659897259
 31
0.0
210
0.0
220
0.0
230
1.0
 40
0.0473344560030543
 41
3.111724042665783
 42
3.16408392018112
  0
LINE
  5
457
330
23F
100
AcDbEntity
  8
xian
 62
    18
420
        0
370
     0
100
AcDbLine
 10
-3.426135295977246
 20
-4.561271876560567
 30
0.0
 11
-3.435695095006622
 21
-4.561271876560567
 31
0.0
  0
LINE
  5
458
330
23F
100
AcDbEntity
  8
xian
 62
    18
420
        0
370
     0
100
AcDbLine
 10
5.832919525134684
 20
-9.338328131880189
 30
0.0
 11
4.439673516505763
 21
-6.012668919918723
 31
0.0
  0
ELLIPSE
  5
459
330
23F
100
AcDbEntity
  8
xian
 62
    18
420
        0
370
     0
100
AcDbEllipse
 10
5.10296484801006
 20
-7.974164859841039
 30
0.0
 11
-0.9419532981037264
 21
1.982072829241474
 31
0.0
210
0.0
220
0.0
230
1.0
 40
0.0473344560035287
 41
3.172267490289341
 42
3.931062415624728
  0
LINE
  5
45A
330
23F
100
AcDbEntity
  8
xian
 62
    18
420
        0
370
     0
100
AcDbLine
 10
5.91567545588191
 20
-10.16774164098751
 30
0.0
 11
6.047352489727245
 21
-9.953937771069831
 31
0.0
  0
LINE
  5
45B
330
23F
100
AcDbEntity
  8
xian
 62
    18
420
        0
370
     0
100
AcDbLine
 10
5.781701364786613
 20
-9.885055240130895
 30
0.0
 11
5.91567545588191
 21
-10.16774164098751
 31
0.0
  0
ELLIPSE
  5
45C
330
23F
100
AcDbEntity
  8
xian
 62
    18
420
        0
370
     0
100
AcDbEllipse
 10
0.9880994747393287
 20
0.223334749975038
 30
0.0
 11
-4.802719931551564
 21
10.10595822738378
 31
0.0
210
0.0
220
0.0
230
1.0
 40
0.0473344560035849
 41
3.124071723897284
 42
4.196836838567371
  0
LINE
  5
45D
330
23F
100
AcDbEntity
  8
xian
 62
    18
420
        0
370
     0
100
AcDbLine
 10
3.781656780697858
 20
-4.561271876560567
 30
0.0
 11
3.772096981668482
 21
-4.561271876560567
 31
0.0
  0
ELLIPSE
  5
45E
330
23F
100
AcDbEntity
  8
xian
 62
    18
420
        0
370
     0
100
AcDbEllipse
 10
3.516254940404223
 20
-4.001271876561077
 30
0.0
 11
-0.2660651145281463
 21
0.5598583659897258
 31
0.0
210
0.0
220
0.0
230
1.0
 40
0.0473344560037807
 41
3.119101386957105
 42
3.17146126453262
  0
ARC
  5
45F
330
23F
100
AcDbEntity
  8
xian
 62
    18
420
        0
370
     0
100
AcDbCircle
 10
-3.074576033581934
 20
-4.731630288993983
 30
0.0
 40
0.3992855684976746
100
AcDbArc
 50
90.02208880887339
 51
154.7443405693942
  0
ARC
  5
460
330
23F
100
AcDbEntity
  8
xian
 62
    18
420
        0
370
     0
100
AcDbCircle
 10
3.42053771927317
 20
-4.731630288995802
 30
0.0
 40
0.3992855684990792
100
AcDbArc
 50
25.25565943072224
 51
89.97791119086604
  0
ARC
  5
461
330
23F
100
AcDbEntity
  8
xian
 62
    18
420
        0
370
     0
100
AcDbCircle
 10
-3.06501623454892
 20
-4.731630288997621
 30
0.0
 40
0.3992855685011549
100
AcDbArc
 50
90.02208880934238
 51
154.7443405690503
  0
ARC
  5
462
330
23F
100
AcDbEntity
  8
xian
 62
    18
420
        0
370
     0
100
AcDbCircle
 10
3.410977920243794
 20
-4.731630288992164
 30
0.0
 40
0.3992855684963786
100
AcDbArc
 50
25.25565943043658
 51
89.97791119123082
  0
LINE
  5
463
330
23F
100
AcDbEntity
  8
xian
 62
    18
420
        0
370
     0
100
AcDbLine
 10
4.294055407513269
 20
-4.580076498436028
 30
0.0
 11
18.77098151131508
 21
-4.580076498436028
 31
0.0
  0
LINE
  5
464
330
23F
100
AcDbEntity
  8
xian
 62
    18
420
        0
370
     0
100
AcDbLine
 10
-18.42501982562385
 20
-4.580076498436028
 30
0.0
 11
-3.944735368023202
 21
-4.580076498436028
 31
0.0
  0
SPLINE
  5
465
330
23F
100
AcDbEntity
  8
xian
 62
    18
420
        0
370
     0
100
AcDbSpline
210
0.0
220
0.0
230
1.0
 70
     8
 71
     3
 72
    10
 73
     6
 74
     0
 42
0.00000001
 43
0.0000000001
 40
0.0
 40
0.0
 40
0.0
 40
0.0
 40
0.5
 40
0.5
 40
1.0
 40
1.0
 40
1.0
 40
1.0
 10
-20.21016235859201
 20
-5.715203945437679
 30
0.0
 10
-20.11854442978506
 20
-5.561882901027274
 30
0.0
 10
-20.01611794578344
 20
-5.391173585912838
 30
0.0
 10
-19.7940427418514
 20
-5.02250845837625
 30
0.0
 10
-19.67791014165118
 20
-4.83058609607724
 30
0.0
 10
-19.56046429093544
 20
-4.636926219187444
 30
0.0
  0
LINE
  5
466
330
23F
100
AcDbEntity
  8
xian
 62
    18
420
        0
370
     0
100
AcDbLine
 10
-19.56046429093544
 20
-4.636926219187444
 30
0.0
 11
-19.46180347604672
 21
-4.691320099289441
 31
0.0
  0
SPLINE
  5
467
330
23F
100
AcDbEntity
  8
xian
 62
    18
420
        0
370
     0
100
AcDbSpline
210
0.0
220
0.0
230
1.0
 70
     8
 71
     3
 72
     8
 73
     4
 74
     0
 42
0.00000001
 43
0.0000000001
 40
0.0
 40
0.0
 40
0.0
 40
0.0
 40
1.0
 40
1.0
 40
1.0
 40
1.0
 10
-20.21016235859201
 20
-5.715203945437679
 30
0.0
 10
-20.16419997764456
 20
-5.728832304144816
 30
0.0
 10
-20.11878424417659
 20
-5.758815570356091
 30
0.0
 10
-20.09125522283353
 20
-5.793705910144126
 30
0.0
  0
LINE
  5
468
330
23F
100
AcDbEntity
  8
xian
 62
    18
420
        0
370
     0
100
AcDbLine
 10
19.80776516173796
 20
-4.691320099289441
 30
0.0
 11
19.90642597662304
 21
-4.636926219187444
 31
0.0
  0
SPLINE
  5
469
330
23F
100
AcDbEntity
  8
xian
 62
    18
420
        0
370
     0
100
AcDbSpline
210
0.0
220
0.0
230
1.0
 70
     8
 71
     3
 72
    10
 73
     6
 74
     0
 42
0.00000001
 43
0.0000000001
 40
0.0
 40
0.0
 40
0.0
 40
0.0
 40
0.5
 40
0.5
 40
1.0
 40
1.0
 40
1.0
 40
1.0
 10
19.90642597662304
 20
-4.636926219187444
 30
0.0
 10
20.02393911238255
 20
-4.830697044340922
 30
0.0
 10
20.14018912658435
 20
-5.02281301910807
 30
0.0
 10
20.36235513420911
 20
-5.391633006445772
 30
0.0
 10
20.46443427015333
 20
-5.5617626691037
 30
0.0
 10
20.55612404428325
 20
-5.715203945437679
 30
0.0
  0
SPLINE
  5
46A
330
23F
100
AcDbEntity
  8
xian
 62
    18
420
        0
370
     0
100
AcDbSpline
210
0.0
220
0.0
230
1.0
 70
     8
 71
     3
 72
     8
 73
     4
 74
     0
 42
0.00000001
 43
0.0000000001
 40
0.0
 40
0.0
 40
0.0
 40
0.0
 40
1.0
 40
1.0
 40
1.0
 40
1.0
 10
20.43721690852112
 20
-5.793705910144126
 30
0.0
 10
20.46474592986419
 20
-5.758815570356091
 30
0.0
 10
20.51016166333579
 20
-5.728832304144816
 30
0.0
 10
20.55612404428325
 20
-5.715203945437679
 30
0.0
  0
SPLINE
  5
46B
330
23F
100
AcDbEntity
  8
xian
 62
    18
420
        0
370
     0
100
AcDbSpline
210
0.0
220
0.0
230
1.0
 70
     8
 71
     3
 72
    12
 73
     8
 74
     0
 42
0.00000001
 43
0.0000000001
 40
0.0
 40
0.0
 40
0.0
 40
0.0
 40
0.5000000000000005
 40
0.5000000000000005
 40
0.7500000000000002
 40
0.7500000000000002
 40
1.0
 40
1.0
 40
1.0
 40
1.0
 10
-2.571796652490547
 20
-4.54194426698632
 30
0.0
 10
-2.784059137546819
 20
-4.512638687832804
 30
0.0
 10
-2.990063865862566
 20
-4.49840984673392
 30
0.0
 10
-3.22253175541914
 20
-4.504613736118699
 30
0.0
 10
-3.286022587589059
 20
-4.51100101389602
 30
0.0
 10
-3.381559567613976
 20
-4.531315684935179
 30
0.0
 10
-3.41227468296779
 20
-4.544901463257701
 30
0.0
 10
-3.426135295977246
 20
-4.561271876560567
 30
0.0
  0
LINE
  5
46C
330
23F
100
AcDbEntity
  8
xian
 62
    18
420
        0
370
     0
100
AcDbLine
 10
-2.571796652490547
 20
-4.54194426698632
 30
0.0
 11
-2.571796652490547
 21
-4.332344750169795
 31
0.0
  0
SPLINE
  5
46D
330
23F
100
AcDbEntity
  8
xian
 62
    18
420
        0
370
     0
100
AcDbSpline
210
0.0
220
0.0
230
1.0
 70
     8
 71
     3
 72
    14
 73
    10
 74
     0
 42
0.00000001
 43
0.0000000001
 40
0.0
 40
0.0
 40
0.0
 40
0.0
 40
0.25
 40
0.25
 40
0.5
 40
0.5
 40
0.75
 40
0.75
 40
1.0
 40
1.0
 40
1.0
 40
1.0
 10
-5.435739679095377
 20
-9.885055240130895
 30
0.0
 10
-5.39667935175089
 20
-9.8026376378657
 30
0.0
 10
-5.347025798903587
 20
-9.727645614475477
 30
0.0
 10
-5.22705164389913
 20
-9.592148638208527
 30
0.0
 10
-5.15739231141265
 20
-9.532964212379738
 30
0.0
 10
-5.005160248660786
 20
-9.436674197335378
 30
0.0
 10
-4.921127223999747
 20
-9.398871104365753
 30
0.0
 10
-4.748413066027524
 20
-9.348806324993347
 30
0.0
 10
-4.656480378282822
 20
-9.33575499816834
 30
0.0
 10
-4.566568703926122
 20
-9.33575499816834
 30
0.0
  0
ELLIPSE
  5
46E
330
23F
100
AcDbEntity
  8
xian
 62
    18
420
        0
370
     0
100
AcDbEllipse
 10
0.2241785178623559
 20
-0.1872401466844167
 30
0.0
 11
4.804551142384299
 21
9.145327948815296
 31
0.0
210
0.0
220
0.0
230
1.0
 40
0.0502555523746694
 41
2.093294377171027
 42
3.167988567739796
  0
SPLINE
  5
46F
330
23F
100
AcDbEntity
  8
xian
 62
    18
420
        0
370
     0
100
AcDbSpline
210
0.0
220
0.0
230
1.0
 70
     8
 71
     3
 72
    12
 73
     8
 74
     0
 42
0.00000001
 43
0.0000000001
 40
0.0
 40
0.0
 40
0.0
 40
0.0
 40
0.5
 40
0.5
 40
0.75
 40
0.75
 40
1.0
 40
1.0
 40
1.0
 40
1.0
 10
3.772096981668482
 20
-4.561271876560567
 30
0.0
 10
3.744384044693333
 20
-4.528540839921333
 30
0.0
 10
3.644710347648697
 20
-4.506578300944966
 30
0.0
 10
3.412858306014868
 20
-4.500495301008413
 30
0.0
 10
3.322830379597917
 20
-4.502864028714611
 30
0.0
 10
3.127520046232575
 20
-4.516347798684364
 30
0.0
 10
3.023798909190418
 20
-4.527303995784677
 30
0.0
 10
2.917758338185421
 20
-4.54194426698632
 30
0.0
  0
LINE
  5
470
330
23F
100
AcDbEntity
  8
xian
 62
    18
420
        0
370
     0
100
AcDbLine
 10
2.917758338185421
 20
-4.54194426698632
 30
0.0
 11
2.917758338185421
 21
-4.332344750169795
 31
0.0
  0
SPLINE
  5
471
330
23F
100
AcDbEntity
  8
xian
 62
    18
420
        0
370
     0
100
AcDbSpline
210
0.0
220
0.0
230
1.0
 70
     8
 71
     3
 72
    14
 73
    10
 74
     0
 42
0.00000001
 43
0.0000000001
 40
0.0
 40
0.0
 40
0.0
 40
0.0
 40
0.25
 40
0.25
 40
0.5
 40
0.5
 40
0.75
 40
0.75
 40
1.0
 40
1.0
 40
1.0
 40
1.0
 10
5.781701364790251
 20
-9.885055240130895
 30
0.0
 10
5.742641037442126
 20
-9.8026376378657
 30
0.0
 10
5.692987484594823
 20
-9.727645614475477
 30
0.0
 10
5.573013329590366
 20
-9.592148638208527
 30
0.0
 10
5.503353997103886
 20
-9.532964212379738
 30
0.0
 10
5.351121934352022
 20
-9.436674197335378
 30
0.0
 10
5.267088909690983
 20
-9.398871104365753
 30
0.0
 10
5.09437475171876
 20
-9.348806324993347
 30
0.0
 10
5.002442063974058
 20
-9.33575499816834
 30
0.0
 10
4.912530389613721
 20
-9.33575499816834
 30
0.0
  0
ELLIPSE
  5
472
330
23F
100
AcDbEntity
  8
xian
 62
    18
420
        0
370
     0
100
AcDbEllipse
 10
0.1217831678288803
 20
-0.1872401466844167
 30
0.0
 11
-4.804551142384525
 21
9.145327948815406
 31
0.0
210
0.0
220
0.0
230
1.0
 40
0.0502555523746735
 41
3.115196739438232
 42
4.189890930008521
  0
SPLINE
  5
473
330
23F
100
AcDbEntity
  8
xian
 62
    18
420
        0
370
     0
100
AcDbSpline
210
0.0
220
0.0
230
1.0
 70
     8
 71
     3
 72
     8
 73
     4
 74
     0
 42
0.00000001
 43
0.0000000001
 40
0.0
 40
0.0
 40
0.0
 40
0.0
 40
0.0000409195773221
 40
0.0000409195773221
 40
0.0000409195773221
 40
0.0000409195773221
 10
-19.56046429093544
 20
-4.636926219187444
 30
0.0
 10
-19.55519595149667
 20
-4.627370389358475
 30
0.0
 10
-19.54985765750894
 20
-4.617852810462863
 30
0.0
 10
-19.54445193063725
 20
-4.608374023562646
 30
0.0
  0
SPLINE
  5
474
330
23F
100
AcDbEntity
  8
xian
 62
    18
420
        0
370
     0
100
AcDbSpline
210
0.0
220
0.0
230
0.0
 70
    24
 71
     3
 72
     8
 73
     4
 74
     0
 42
0.00000001
 43
0.0000000001
 40
0.0
 40
0.0
 40
0.0
 40
0.0
 40
1.0
 40
1.0
 40
1.0
 40
1.0
 10
-19.5441555664554
 20
-4.608543039263167
 30
0.0
 10
-19.50630351173163
 20
-4.626482333875173
 30
0.0
 10
-19.46868454362698
 20
-4.644311161311634
 30
0.0
 10
-19.44191909904907
 20
-4.656996158180845
 30
0.0
  0
LINE
  5
475
330
23F
100
AcDbEntity
  8
xian
 62
    18
420
        0
370
     0
100
AcDbLine
 10
-19.5441555664554
 20
-4.608543039264986
 30
0.0
 11
-15.47589766742817
 21
3.975513578245227
 31
0.0
  0
LINE
  5
476
330
23F
100
AcDbEntity
  8
xian
 62
    18
420
        0
370
     0
100
AcDbLine
 10
-15.47589766742817
 20
3.975513578245227
 30
0.0
 11
-15.40431699222313
 21
3.862376493256306
 31
0.0
  0
LINE
  5
477
330
23F
100
AcDbEntity
  8
xian
 62
    18
420
        0
370
     0
100
AcDbLine
 10
15.75027867791436
 20
3.862376493256306
 30
0.0
 11
15.82185935311577
 21
3.975513578245227
 31
0.0
  0
LINE
  5
478
330
23F
100
AcDbEntity
  8
xian
 62
    18
420
        0
370
     0
100
AcDbLine
 10
15.82185935311577
 20
3.975513578245227
 30
0.0
 11
19.89011725214664
 21
-4.608543039264986
 31
0.0
  0
SPLINE
  5
479
330
23F
100
AcDbEntity
  8
xian
 62
    18
420
        0
370
     0
100
AcDbSpline
210
0.0
220
0.0
230
0.0
 70
    24
 71
     3
 72
     8
 73
     4
 74
     0
 42
0.00000001
 43
0.0000000001
 40
0.0
 40
0.0
 40
0.0
 40
0.0
 40
1.0
 40
1.0
 40
1.0
 40
1.0
 10
19.78788078474031
 20
-4.656996158182664
 30
0.0
 10
19.81464622931821
 20
-4.644311161311634
 30
0.0
 10
19.85226519742287
 20
-4.626482333876992
 30
0.0
 10
19.89011725214664
 20
-4.608543039264986
 30
0.0
  0
SPLINE
  5
47A
330
23F
100
AcDbEntity
  8
xian
 62
    18
420
        0
370
     0
100
AcDbSpline
210
0.0
220
0.0
230
1.0
 70
     8
 71
     3
 72
     8
 73
     4
 74
     0
 42
0.00000001
 43
0.0000000001
 40
0.0
 40
0.0
 40
0.0
 40
0.0
 40
0.0000409195773222
 40
0.0000409195773222
 40
0.0000409195773222
 40
0.0000409195773222
 10
19.89041361632849
 20
-4.608374023560827
 30
0.0
 10
19.89581934320017
 20
-4.617852810462863
 30
0.0
 10
19.9011576371879
 20
-4.627370389358475
 30
0.0
 10
19.90642597662304
 20
-4.636926219187444
 30
0.0
  0
LINE
  5
47B
330
23F
100
AcDbEntity
  8
xian
 62
    18
420
        0
370
     0
100
AcDbLine
 10
-15.47589766742817
 20
3.975513578245227
 30
0.0
 11
15.82185935311577
 21
3.975513578245227
 31
0.0
  0
LINE
  5
47C
330
23F
100
AcDbEntity
  8
xian
 62
    18
420
        0
370
     0
100
AcDbLine
 10
-4.535379172096099
 20
-5.899003832777452
 30
0.0
 11
-18.99842872230215
 21
-5.899003832777452
 31
0.0
  0
LINE
  5
47D
330
23F
100
AcDbEntity
  8
xian
 62
    18
420
        0
370
     0
100
AcDbLine
 10
19.34439040799339
 20
-5.899003832777452
 30
0.0
 11
4.885287076645226
 21
-5.899003832777452
 31
0.0
  0
LINE
  5
47E
330
23F
100
AcDbEntity
  8
xian
 62
    18
420
        0
370
     0
100
AcDbLine
 10
-35.04682113709782
 20
-4.636926219187444
 30
0.0
 11
-19.56046429093544
 21
-4.636926219187444
 31
0.0
  0
LINE
  5
47F
330
23F
100
AcDbEntity
  8
xian
 62
    18
420
        0
370
     0
100
AcDbLine
 10
-35.04682113709782
 20
4.26244592581861
 30
0.0
 11
-35.04682113709782
 21
-4.636926219187444
 31
0.0
  0
LINE
  5
480
330
23F
100
AcDbEntity
  8
xian
 62
    18
420
        0
370
     0
100
AcDbLine
 10
35.39278282272722
 20
4.26244592581861
 30
0.0
 11
-35.04682113709782
 21
4.26244592581861
 31
0.0
  0
LINE
  5
481
330
23F
100
AcDbEntity
  8
xian
 62
    18
420
        0
370
     0
100
AcDbLine
 10
35.39278282272722
 20
4.26244592581861
 30
0.0
 11
35.39278282272722
 21
-4.636926219187444
 31
0.0
  0
LINE
  5
482
330
23F
100
AcDbEntity
  8
xian
 62
    18
420
        0
370
     0
100
AcDbLine
 10
35.39278282272722
 20
-4.636926219187444
 30
0.0
 11
19.90642597662304
 21
-4.636926219187444
 31
0.0
  0
SPLINE
  5
483
330
23F
100
AcDbEntity
  8
xian
 62
    18
420
        0
370
     0
100
AcDbSpline
210
0.0
220
0.0
230
1.0
 70
     8
 71
     3
 72
     8
 73
     4
 74
     0
 42
0.00000001
 43
0.0000000001
 40
0.0
 40
0.0
 40
0.0
 40
0.0
 40
0.0000052326171145
 40
0.0000052326171145
 40
0.0000052326171145
 40
0.0000052326171145
 10
-35.04682113709782
 20
-5.737849035456747
 30
0.0
 10
-35.04682113709782
 20
-5.736836506035615
 30
0.0
 10
-35.04683487082071
 20
-5.73582267038364
 30
0.0
 10
-35.04686234911128
 20
-5.734807829418059
 30
0.0
  0
SPLINE
  5
484
330
23F
100
AcDbEntity
  8
xian
 62
    18
420
        0
370
     0
100
AcDbSpline
210
0.0
220
0.0
230
1.0
 70
     8
 71
     3
 72
    10
 73
     6
 74
     0
 42
0.00000001
 43
0.0000000001
 40
0.0
 40
0.0
 40
0.0
 40
0.0
 40
0.5
 40
0.5
 40
1.0
 40
1.0
 40
1.0
 40
1.0
 10
-35.04692379997937
 20
-4.644348172905665
 30
0.0
 10
-35.05252366995842
 20
-4.846766768581801
 30
0.0
 10
-35.05468623907723
 20
-5.042040595975777
 30
0.0
 10
-35.05390953287565
 20
-5.418156792056834
 30
0.0
 10
-35.05084992903062
 20
-5.58753667991732
 30
0.0
 10
-35.04686234911128
 20
-5.734807829418059
 30
0.0
  0
ELLIPSE
  5
485
330
23F
100
AcDbEntity
  8
xian
 62
    18
420
        0
370
     0
100
AcDbEllipse
 10
-44.58893483062342
 20
-4.636926219187444
 30
0.0
 11
9.542113693525834
 21
0.0
 31
0.0
210
0.0
220
0.0
230
1.0
 40
0.1676777338217628
 41
6.278546569469753
 42
6.283185307179586
  0
ELLIPSE
  5
486
330
23F
100
AcDbEntity
  8
xian
 62
    18
420
        0
370
     0
100
AcDbEllipse
 10
-21.59559588526895
 20
-4.636926219187444
 30
0.0
 11
-1.146683069877099
 21
1.384141058305658
 31
0.0
210
0.0
220
0.0
230
1.0
 40
0.6999246605462454
 41
3.428083453993858
 42
3.4474672569637
  0
LINE
  5
487
330
23F
100
AcDbEntity
  8
xian
 62
    18
420
        0
370
     0
100
AcDbLine
 10
-20.22188047236773
 20
-5.737849035456747
 30
0.0
 11
-35.04682113709782
 21
-5.737849035456747
 31
0.0
  0
ELLIPSE
  5
488
330
23F
100
AcDbEntity
  8
xian
 62
    18
420
        0
370
     0
100
AcDbEllipse
 10
44.93489651625282
 20
-4.636926219187444
 30
0.0
 11
9.542113693525607
 21
0.0
 31
0.0
210
0.0
220
0.0
230
1.0
 40
0.1676777338217668
 41
3.141592653589792
 42
3.14623139129979
  0
SPLINE
  5
489
330
23F
100
AcDbEntity
  8
xian
 62
    18
420
        0
370
     0
100
AcDbSpline
210
0.0
220
0.0
230
1.0
 70
     8
 71
     3
 72
    10
 73
     6
 74
     0
 42
0.00000001
 43
0.0000000001
 40
0.0
 40
0.0
 40
0.0
 40
0.0
 40
0.5
 40
0.5
 40
1.0
 40
1.0
 40
1.0
 40
1.0
 10
35.39288548560512
 20
-4.644348172905665
 30
0.0
 10
35.39848535558781
 20
-4.846766768581801
 30
0.0
 10
35.40064792470662
 20
-5.042040595975777
 30
0.0
 10
35.39987121850504
 20
-5.418156792056834
 30
0.0
 10
35.39681161465637
 20
-5.58753667991732
 30
0.0
 10
35.39282403473703
 20
-5.734807829418059
 30
0.0
  0
SPLINE
  5
48A
330
23F
100
AcDbEntity
  8
xian
 62
    18
420
        0
370
     0
100
AcDbSpline
210
0.0
220
0.0
230
1.0
 70
     8
 71
     3
 72
     8
 73
     4
 74
     0
 42
0.00000001
 43
0.0000000001
 40
0.0
 40
0.0
 40
0.0
 40
0.0
 40
0.0000052326171144
 40
0.0000052326171144
 40
0.0000052326171144
 40
0.0000052326171144
 10
35.39278282272722
 20
-5.737849035456747
 30
0.0
 10
35.39278282272722
 20
-5.736836506035615
 30
0.0
 10
35.39279655644646
 20
-5.73582267038364
 30
0.0
 10
35.39282403473703
 20
-5.734807829418059
 30
0.0
  0
LINE
  5
48B
330
23F
100
AcDbEntity
  8
xian
 62
    18
420
        0
370
     0
100
AcDbLine
 10
20.56784215805897
 20
-5.737849035456747
 30
0.0
 11
35.39278282272722
 21
-5.737849035456747
 31
0.0
  0
ELLIPSE
  5
48C
330
23F
100
AcDbEntity
  8
xian
 62
    18
420
        0
370
     0
100
AcDbEllipse
 10
21.94155757096019
 20
-4.636926219187444
 30
0.0
 11
1.146683069877781
 21
1.384141058305431
 31
0.0
210
0.0
220
0.0
230
1.0
 40
0.6999246605461678
 41
2.835718050217187
 42
2.855101853186448
  0
SPLINE
  5
48D
330
23F
100
AcDbEntity
  8
xian
 62
    18
420
        0
370
     0
100
AcDbSpline
210
0.0
220
0.0
230
1.0
 70
     8
 71
     3
 72
     8
 73
     4
 74
     0
 42
0.00000001
 43
0.0000000001
 40
0.0
 40
0.0
 40
0.0
 40
0.0
 40
1.0
 40
1.0
 40
1.0
 40
1.0
 10
-35.04686234910764
 20
-5.734807829419878
 30
0.0
 10
-37.88342309268114
 20
-5.746620246150996
 30
0.0
 10
-40.71763944651388
 20
-5.755498853943208
 30
0.0
 10
-43.54797256484812
 20
-5.751808215934943
 30
0.0
  0
SPLINE
  5
48E
330
23F
100
AcDbEntity
  8
xian
 62
    18
420
        0
370
     0
100
AcDbSpline
210
0.0
220
0.0
230
1.0
 70
     8
 71
     3
 72
    14
 73
    10
 74
     0
 42
0.00000001
 43
0.0000000001
 40
0.0
 40
0.0
 40
0.0
 40
0.0
 40
0.25
 40
0.25
 40
0.5
 40
0.5
 40
0.75
 40
0.75
 40
1.0
 40
1.0
 40
1.0
 40
1.0
 10
-43.49778857474371
 20
-4.476308892382803
 30
0.0
 10
-43.49651265719581
 20
-4.601591068603738
 30
0.0
 10
-43.49759094878095
 20
-4.724306852660447
 30
0.0
 10
-43.50230886654094
 20
-4.964862146813175
 30
0.0
 10
-43.50598069307011
 20
-5.083123725500627
 30
0.0
 10
-43.51467191905316
 20
-5.302573363516785
 30
0.0
 10
-43.51977584550763
 20
-5.406369441991046
 30
0.0
 10
-43.53196110734347
 20
-5.594767960814351
 30
0.0
 10
-43.53897590021074
 20
-5.678528043679762
 30
0.0
 10
-43.54797256484448
 20
-5.751808215934943
 30
0.0
  0
SPLINE
  5
48F
330
23F
100
AcDbEntity
  8
xian
 62
    18
420
        0
370
     0
100
AcDbSpline
210
0.0
220
0.0
230
1.0
 70
     8
 71
     3
 72
     8
 73
     4
 74
     0
 42
0.00000001
 43
0.0000000001
 40
0.0
 40
0.0
 40
0.0
 40
0.0
 40
1.0
 40
1.0
 40
1.0
 40
1.0
 10
-43.49778857474371
 20
-4.476308892382803
 30
0.0
 10
-40.68108897522757
 20
-4.544410698244973
 30
0.0
 10
-37.864072971425
 20
-4.598648853218037
 30
0.0
 10
-35.04692379997937
 20
-4.644348172905665
 30
0.0
  0
ELLIPSE
  5
490
330
23F
100
AcDbEntity
  8
xian
 62
    18
420
        0
370
     0
100
AcDbEllipse
 10
-44.58893483062342
 20
4.26244592581861
 30
0.0
 11
9.542113693525834
 21
0.0
 31
0.0
210
0.0
220
0.0
230
1.0
 40
0.1676777338217628
 41
0.0
 42
0.0046387377116909
  0
SPLINE
  5
491
330
23F
100
AcDbEntity
  8
xian
 62
    18
420
        0
370
     0
100
AcDbSpline
210
0.0
220
0.0
230
1.0
 70
     8
 71
     3
 72
    10
 73
     6
 74
     0
 42
0.00000001
 43
0.0000000001
 40
0.0
 40
0.0
 40
0.0
 40
0.0
 40
0.5
 40
0.5
 40
1.0
 40
1.0
 40
1.0
 40
1.0
 10
-35.04686234912583
 20
5.360327536052864
 30
0.0
 10
-35.05085676191516
 20
5.212804031576524
 30
0.0
 10
-35.05389865705797
 20
5.044846020769909
 30
0.0
 10
-35.05469335684097
 20
4.668191071054025
 30
0.0
 10
-35.05253331771087
 20
4.472635212510795
 30
0.0
 10
-35.04692379997937
 20
4.26986787954047
 30
0.0
  0
SPLINE
  5
492
330
23F
100
AcDbEntity
  8
xian
 62
    18
420
        0
370
     0
100
AcDbSpline
210
0.0
220
0.0
230
1.0
 70
     8
 71
     3
 72
     8
 73
     4
 74
     0
 42
0.00000001
 43
0.0000000001
 40
0.0
 40
0.0
 40
0.0
 40
0.0
 40
0.0000052326171096
 40
0.0000052326171096
 40
0.0000052326171096
 40
0.0000052326171096
 10
-35.04686234912583
 20
5.360327536052864
 30
0.0
 10
-35.04683487083525
 20
5.361342377016626
 30
0.0
 10
-35.04682113711601
 20
5.362356212668601
 30
0.0
 10
-35.04682113711601
 20
5.363368742087914
 30
0.0
  0
LINE
  5
493
330
23F
100
AcDbEntity
  8
xian
 62
    18
420
        0
370
     0
100
AcDbLine
 10
-35.04682113709782
 20
5.363368742087914
 30
0.0
 11
35.39278282272722
 21
5.363368742087914
 31
0.0
  0
SPLINE
  5
494
330
23F
100
AcDbEntity
  8
xian
 62
    18
420
        0
370
     0
100
AcDbSpline
210
0.0
220
0.0
230
1.0
 70
     8
 71
     3
 72
     8
 73
     4
 74
     0
 42
0.00000001
 43
0.0000000001
 40
0.0
 40
0.0
 40
0.0
 40
0.0
 40
0.0000052326171096
 40
0.0000052326171096
 40
0.0000052326171096
 40
0.0000052326171096
 10
35.39282403475159
 20
5.360327536052864
 30
0.0
 10
35.39279655646101
 20
5.361342377016626
 30
0.0
 10
35.39278282274177
 20
5.362356212668601
 30
0.0
 10
35.39278282274177
 20
5.363368742087914
 30
0.0
  0
SPLINE
  5
495
330
23F
100
AcDbEntity
  8
xian
 62
    18
420
        0
370
     0
100
AcDbSpline
210
0.0
220
0.0
230
1.0
 70
     8
 71
     3
 72
    10
 73
     6
 74
     0
 42
0.00000001
 43
0.0000000001
 40
0.0
 40
0.0
 40
0.0
 40
0.0
 40
0.5
 40
0.5
 40
1.0
 40
1.0
 40
1.0
 40
1.0
 10
35.39282403475159
 20
5.360327536052864
 30
0.0
 10
35.39681844754455
 20
5.212804031576524
 30
0.0
 10
35.39986034268736
 20
5.044846020769909
 30
0.0
 10
35.40065504247036
 20
4.668191071054025
 30
0.0
 10
35.39849500333662
 20
4.472635212510795
 30
0.0
 10
35.39288548560512
 20
4.26986787954047
 30
0.0
  0
ELLIPSE
  5
496
330
23F
100
AcDbEntity
  8
xian
 62
    18
420
        0
370
     0
100
AcDbEllipse
 10
44.93489651625282
 20
4.26244592581861
 30
0.0
 11
9.542113693525607
 21
0.0
 31
0.0
210
0.0
220
0.0
230
1.0
 40
0.1676777338217668
 41
3.136953915878101
 42
3.141592653589792
  0
LINE
  5
497
330
23F
100
AcDbEntity
  8
xian
 62
    18
420
        0
370
     0
100
AcDbLine
 10
44.27360738349238
 20
4.091325530474932
 30
0.0
 11
43.21477214587798
 21
3.736077042516626
 31
0.0
  0
LINE
  5
498
330
23F
100
AcDbEntity
  8
xian
 62
    18
420
        0
370
     0
100
AcDbLine
 10
43.21477214587798
 20
3.736077042516626
 30
0.0
 11
43.21477214587798
 21
-3.981241895309722
 31
0.0
  0
ELLIPSE
  5
499
330
23F
100
AcDbEntity
  8
xian
 62
    18
420
        0
370
     0
100
AcDbEllipse
 10
47.17081628394885
 20
-3.981241895309722
 30
0.0
 11
3.956044138071774
 21
0.0
 31
0.0
210
0.0
220
0.0
230
1.0
 40
0.1516666596880969
 41
3.141592653589792
 42
3.566149876880138
  0
LINE
  5
49A
330
23F
100
AcDbEntity
  8
xian
 62
    18
420
        0
370
     0
100
AcDbLine
 10
43.56598495889852
 20
-4.228392308072216
 30
0.0
 11
43.84512718325209
 21
-4.322046967083224
 31
0.0
  0
SPLINE
  5
49B
330
23F
100
AcDbEntity
  8
xian
 62
    18
420
        0
370
     0
100
AcDbSpline
210
0.0
220
0.0
230
1.0
 70
     8
 71
     3
 72
     8
 73
     4
 74
     0
 42
0.00000001
 43
0.0000000001
 40
0.0000599262090206
 40
0.0000599262090206
 40
0.0000599262090206
 40
0.0000599262090206
 40
0.0002527615128544
 40
0.0002527615128544
 40
0.0002527615128544
 40
0.0002527615128544
 10
43.84512718325209
 20
-4.322046967083224
 30
0.0
 10
43.84466806741989
 20
-4.373467607550992
 30
0.0
 10
43.84411652930362
 20
-4.424887485798535
 30
0.0
 10
43.8437502603731
 20
-4.476308892382803
 30
0.0
  0
SPLINE
  5
49C
330
23F
100
AcDbEntity
  8
xian
 62
    18
420
        0
370
     0
100
AcDbSpline
210
0.0
220
0.0
230
1.0
 70
     8
 71
     3
 72
     8
 73
     4
 74
     0
 42
0.00000001
 43
0.0000000001
 40
0.0
 40
0.0
 40
0.0
 40
0.0
 40
1.0
 40
1.0
 40
1.0
 40
1.0
 10
43.8437502603731
 20
-4.476308892382803
 30
0.0
 10
41.02705066085696
 20
-4.544410698244973
 30
0.0
 10
38.21003465705075
 20
-4.598648853218037
 30
0.0
 10
35.39288548560512
 20
-4.644348172905665
 30
0.0
  0
SPLINE
  5
49D
330
23F
100
AcDbEntity
  8
xian
 62
    18
420
        0
370
     0
100
AcDbSpline
210
0.0
220
0.0
230
1.0
 70
     8
 71
     3
 72
     8
 73
     4
 74
     0
 42
0.00000001
 43
0.0000000001
 40
0.0
 40
0.0
 40
0.0
 40
0.0
 40
1.0
 40
1.0
 40
1.0
 40
1.0
 10
44.27360738349238
 20
4.091325530474932
 30
0.0
 10
41.31364840711398
 20
4.164412387424818
 30
0.0
 10
38.3533410568773
 20
4.221843867555435
 30
0.0
 10
35.39288548560512
 20
4.26986787954047
 30
0.0
  0
SPLINE
  5
49E
330
23F
100
AcDbEntity
  8
xian
 62
    18
420
        0
370
     0
100
AcDbSpline
210
0.0
220
0.0
230
1.0
 70
     8
 71
     3
 72
     8
 73
     4
 74
     0
 42
0.00000001
 43
0.0000000001
 40
0.0000599262090206
 40
0.0000599262090206
 40
0.0000599262090206
 40
0.0000599262090206
 40
0.0002527615128544
 40
0.0002527615128544
 40
0.0002527615128544
 40
0.0002527615128544
 10
-43.49916549762633
 20
-4.322046967083224
 30
0.0
 10
-43.49870638179413
 20
-4.373467607550992
 30
0.0
 10
-43.49815484367787
 20
-4.424887485798535
 30
0.0
 10
-43.49778857474371
 20
-4.476308892382803
 30
0.0
  0
LINE
  5
49F
330
23F
100
AcDbEntity
  8
xian
 62
    18
420
        0
370
     0
100
AcDbLine
 10
-43.22002327327277
 20
-4.228392308072216
 30
0.0
 11
-43.49916549762633
 21
-4.322046967083224
 31
0.0
  0
ELLIPSE
  5
4A0
330
23F
100
AcDbEntity
  8
xian
 62
    18
420
        0
370
     0
100
AcDbEllipse
 10
-46.82485459832309
 20
-3.981241895309722
 30
0.0
 11
3.956044138071547
 21
0.0
 31
0.0
210
0.0
220
0.0
230
1.0
 40
0.1516666596881057
 41
5.858628083889416
 42
6.283185307179586
  0
LINE
  5
4A1
330
23F
100
AcDbEntity
  8
xian
 62
    18
420
        0
370
     0
100
AcDbLine
 10
-42.86881046024859
 20
3.736077042516626
 30
0.0
 11
-42.86881046024859
 21
-3.981241895309722
 31
0.0
  0
LINE
  5
4A2
330
23F
100
AcDbEntity
  8
xian
 62
    18
420
        0
370
     0
100
AcDbLine
 10
-43.92764569786663
 20
4.091325530474932
 30
0.0
 11
-42.86881046024859
 21
3.736077042516626
 31
0.0
  0
SPLINE
  5
4A3
330
23F
100
AcDbEntity
  8
xian
 62
    18
420
        0
370
     0
100
AcDbSpline
210
0.0
220
0.0
230
1.0
 70
     8
 71
     3
 72
     8
 73
     4
 74
     0
 42
0.00000001
 43
0.0000000001
 40
0.0
 40
0.0
 40
0.0
 40
0.0
 40
1.0
 40
1.0
 40
1.0
 40
1.0
 10
-43.927645697863
 20
4.091325530474932
 30
0.0
 10
-40.96768672148823
 20
4.164412387426636
 30
0.0
 10
-38.00737937125155
 20
4.221843867555435
 30
0.0
 10
-35.04692379997937
 20
4.26986787954047
 30
0.0
  0
SPLINE
  5
4A4
330
23F
100
AcDbEntity
  8
xian
 62
    18
420
        0
370
     0
100
AcDbSpline
210
0.0
220
0.0
230
1.0
 70
     8
 71
     3
 72
    10
 73
     6
 74
     0
 42
0.00000001
 43
0.0000000001
 40
0.0
 40
0.0
 40
0.0
 40
0.0
 40
0.5
 40
0.5
 40
1.0
 40
1.0
 40
1.0
 40
1.0
 10
45.16231353730768
 20
5.374730013052612
 30
0.0
 10
45.15751623120673
 20
5.256990991618295
 30
0.0
 10
45.15331825274484
 20
5.109930071763301
 30
0.0
 10
45.1463417487314
 20
4.764040191344975
 30
0.0
 10
45.14370894608441
 20
4.571932493450731
 30
0.0
 10
45.14205056964351
 20
4.367556668214092
 30
0.0
  0
SPLINE
  5
4A5
330
23F
100
AcDbEntity
  8
xian
 62
    18
420
        0
370
     0
100
AcDbSpline
210
0.0
220
0.0
230
1.0
 70
     8
 71
     3
 72
     8
 73
     4
 74
     0
 42
0.00000001
 43
0.0000000001
 40
0.0
 40
0.0
 40
0.0
 40
0.0
 40
1.0
 40
1.0
 40
1.0
 40
1.0
 10
45.14205056964351
 20
4.367556668214092
 30
0.0
 10
44.84987587507862
 20
4.289179448107461
 30
0.0
 10
44.55894795878271
 20
4.201597726978434
 30
0.0
 10
44.27360738349238
 20
4.091325530474932
 30
0.0
  0
SPLINE
  5
4A6
330
23F
100
AcDbEntity
  8
xian
 62
    18
420
        0
370
     0
100
AcDbSpline
210
0.0
220
0.0
230
1.0
 70
     8
 71
     3
 72
     8
 73
     4
 74
     0
 42
0.00000001
 43
0.0000000001
 40
0.0
 40
0.0
 40
0.0
 40
0.0
 40
1.0
 40
1.0
 40
1.0
 40
1.0
 10
35.39282403475159
 20
5.360327536052864
 30
0.0
 10
38.65320123996866
 20
5.373904870626574
 30
0.0
 10
41.91046396038586
 20
5.383943102513512
 30
0.0
 10
45.16231353731131
 20
5.374730013052612
 30
0.0
  0
SPLINE
  5
4A7
330
23F
100
AcDbEntity
  8
xian
 62
    18
420
        0
370
     0
100
AcDbSpline
210
0.0
220
0.0
230
1.0
 70
     8
 71
     3
 72
     8
 73
     4
 74
     0
 42
0.00000001
 43
0.0000000001
 40
0.0
 40
0.0
 40
0.0
 40
0.0
 40
1.0
 40
1.0
 40
1.0
 40
1.0
 10
-44.79608888401776
 20
4.367556668214092
 30
0.0
 10
-44.50391418944923
 20
4.289179448107461
 30
0.0
 10
-44.21298627315695
 20
4.201597726978434
 30
0.0
 10
-43.92764569786663
 20
4.091325530474932
 30
0.0
  0
SPLINE
  5
4A8
330
23F
100
AcDbEntity
  8
xian
 62
    18
420
        0
370
     0
100
AcDbSpline
210
0.0
220
0.0
230
1.0
 70
     8
 71
     3
 72
    10
 73
     6
 74
     0
 42
0.00000001
 43
0.0000000001
 40
0.0
 40
0.0
 40
0.0
 40
0.0
 40
0.5
 40
0.5
 40
1.0
 40
1.0
 40
1.0
 40
1.0
 10
-44.81635185168193
 20
5.374730013052612
 30
0.0
 10
-44.81155454558098
 20
5.256990991618295
 30
0.0
 10
-44.80735656711908
 20
5.109930071763301
 30
0.0
 10
-44.80038006310564
 20
4.764040191344975
 30
0.0
 10
-44.79774726045866
 20
4.571932493450731
 30
0.0
 10
-44.79608888401776
 20
4.367556668214092
 30
0.0
  0
SPLINE
  5
4A9
330
23F
100
AcDbEntity
  8
xian
 62
    18
420
        0
370
     0
100
AcDbSpline
210
0.0
220
0.0
230
1.0
 70
     8
 71
     3
 72
     8
 73
     4
 74
     0
 42
0.00000001
 43
0.0000000001
 40
0.0
 40
0.0
 40
0.0
 40
0.0
 40
1.0
 40
1.0
 40
1.0
 40
1.0
 10
-35.04686234912583
 20
5.360327536052864
 30
0.0
 10
-38.30723955434292
 20
5.373904870626574
 30
0.0
 10
-41.56450227475647
 20
5.383943102513512
 30
0.0
 10
-44.81635185168193
 20
5.374730013052612
 30
0.0
  0
SPLINE
  5
4AA
330
23F
100
AcDbEntity
  8
xian
 62
    18
420
        0
370
     0
100
AcDbSpline
210
0.0
220
0.0
230
1.0
 70
     8
 71
     3
 72
    14
 73
    10
 74
     0
 42
0.00000001
 43
0.0000000001
 40
0.0
 40
0.0
 40
0.0
 40
0.0
 40
0.25
 40
0.25
 40
0.5
 40
0.5
 40
0.75
 40
0.75
 40
1.0
 40
1.0
 40
1.0
 40
1.0
 10
43.8437502603731
 20
-4.476308892382803
 30
0.0
 10
43.84247434282156
 20
-4.601591068603738
 30
0.0
 10
43.8435526344067
 20
-4.724306852660447
 30
0.0
 10
43.84827055216669
 20
-4.964862146813175
 30
0.0
 10
43.85194237869586
 20
-5.083123725500627
 30
0.0
 10
43.86063360467892
 20
-5.302573363516785
 30
0.0
 10
43.86573753113703
 20
-5.406369441991046
 30
0.0
 10
43.87792279296923
 20
-5.594767960814351
 30
0.0
 10
43.88493758584013
 20
-5.678528043679762
 30
0.0
 10
43.89393425047387
 20
-5.751808215934943
 30
0.0
  0
SPLINE
  5
4AB
330
23F
100
AcDbEntity
  8
xian
 62
    18
420
        0
370
     0
100
AcDbSpline
210
0.0
220
0.0
230
1.0
 70
     8
 71
     3
 72
     8
 73
     4
 74
     0
 42
0.00000001
 43
0.0000000001
 40
0.0
 40
0.0
 40
0.0
 40
0.0
 40
1.0
 40
1.0
 40
1.0
 40
1.0
 10
35.39282403473703
 20
-5.734807829419878
 30
0.0
 10
38.22938477830689
 20
-5.746620246150996
 30
0.0
 10
41.06360113213963
 20
-5.755498853943208
 30
0.0
 10
43.89393425047387
 20
-5.751808215934943
 30
0.0
  0
SPLINE
  5
4AC
330
23F
100
AcDbEntity
  8
xian
 62
    18
420
        0
370
     0
100
AcDbSpline
210
0.0
220
0.0
230
1.0
 70
     8
 71
     3
 72
     8
 73
     4
 74
     0
 42
0.00000001
 43
0.0000000001
 40
0.0
 40
0.0
 40
0.0
 40
0.0
 40
0.000091641445698
 40
0.000091641445698
 40
0.000091641445698
 40
0.000091641445698
 10
-19.75511133677787
 20
-6.054332052101017
 30
0.0
 10
-19.76448223969487
 20
-6.070709432511648
 30
0.0
 10
-19.77342591241608
 20
-6.087219412374906
 30
0.0
 10
-19.7819067424432
 20
-6.103850261084517
 30
0.0
  0
SPLINE
  5
4AD
330
23F
100
AcDbEntity
  8
xian
 62
    18
420
        0
370
     0
100
AcDbSpline
210
0.0
220
0.0
230
1.0
 70
     8
 71
     3
 72
     8
 73
     4
 74
     0
 42
0.00000001
 43
0.0000000001
 40
0.0
 40
0.0
 40
0.0
 40
0.0
 40
1.0
 40
1.0
 40
1.0
 40
1.0
 10
-19.90264960535637
 20
-6.026704098678237
 30
0.0
 10
-19.87487890113402
 20
-6.061772734596161
 30
0.0
 10
-19.82867863557908
 20
-6.091291441571229
 30
0.0
 10
-19.7819067424432
 20
-6.103850261084517
 30
0.0
  0
SPLINE
  5
4AE
330
23F
100
AcDbEntity
  8
xian
 62
    18
420
        0
370
     0
100
AcDbSpline
210
0.0
220
0.0
230
1.0
 70
     8
 71
     3
 72
     8
 73
     4
 74
     0
 42
0.00000001
 43
0.0000000001
 40
0.0
 40
0.0
 40
0.0
 40
0.0
 40
0.0000916414456978
 40
0.0000916414456978
 40
0.0000916414456978
 40
0.0000916414456978
 10
20.12786842813444
 20
-6.103850261084517
 30
0.0
 10
20.11938759810732
 20
-6.087219412374906
 30
0.0
 10
20.11044392538247
 20
-6.070709432511648
 30
0.0
 10
20.10107302246911
 20
-6.054332052101017
 30
0.0
  0
SPLINE
  5
4AF
330
23F
100
AcDbEntity
  8
xian
 62
    18
420
        0
370
     0
100
AcDbSpline
210
0.0
220
0.0
230
1.0
 70
     8
 71
     3
 72
     8
 73
     4
 74
     0
 42
0.00000001
 43
0.0000000001
 40
0.0
 40
0.0
 40
0.0
 40
0.0
 40
1.0
 40
1.0
 40
1.0
 40
1.0
 10
20.12786842813444
 20
-6.103850261084517
 30
0.0
 10
20.17464032127032
 20
-6.091291441571229
 30
0.0
 10
20.22084058682526
 20
-6.061772734594342
 30
0.0
 10
20.24861129104761
 20
-6.026704098678237
 30
0.0
  0
ARC
  5
4B0
330
23F
100
AcDbEntity
  8
xian
 62
    18
420
        0
370
     0
100
AcDbCircle
 10
5.829346938643766
 20
-7.053532868589172
 30
0.0
 40
0.3600000000000136
100
AcDbArc
 50
205.357763695831
 51
270.0
  0
LINE
  5
4B1
330
23F
100
AcDbEntity
  8
xian
 62
    18
420
        0
370
     0
100
AcDbLine
 10
5.829346938643766
 20
-7.413532868589754
 30
0.0
 11
19.5559918615902
 21
-7.413532868589754
 31
0.0
  0
ARC
  5
4B2
330
23F
100
AcDbEntity
  8
xian
 62
    18
420
        0
370
     0
100
AcDbCircle
 10
19.5559918615902
 20
-7.053532868589172
 30
0.0
 40
0.3600000000000739
100
AcDbArc
 50
270.0
 51
25.3577636958949
  0
LINE
  5
4B3
330
23F
100
AcDbEntity
  8
xian
 62
    18
420
        0
370
     0
100
AcDbLine
 10
19.88130630882301
 20
-6.899355988285606
 30
0.0
 11
19.84339176021171
 21
-6.819355988287497
 31
0.0
  0
ARC
  5
4B4
330
23F
100
AcDbEntity
  8
xian
 62
    18
420
        0
370
     0
100
AcDbCircle
 10
19.51807731297526
 20
-6.973532868589245
 30
0.0
 40
0.3600000000000136
100
AcDbArc
 50
25.35776369600581
 51
90.0
  0
LINE
  5
4B5
330
23F
100
AcDbEntity
  8
xian
 62
    18
420
        0
370
     0
100
AcDbLine
 10
19.51807731297526
 20
-6.613532868590482
 30
0.0
 11
5.791432390032468
 21
-6.613532868590482
 31
0.0
  0
ARC
  5
4B6
330
23F
100
AcDbEntity
  8
xian
 62
    18
420
        0
370
     0
100
AcDbCircle
 10
5.791432390032468
 20
-6.973532868589245
 30
0.0
 40
0.3600000000000136
100
AcDbArc
 50
90.0
 51
205.357763695831
  0
LINE
  5
4B7
330
23F
100
AcDbEntity
  8
xian
 62
    18
420
        0
370
     0
100
AcDbLine
 10
5.504032491407315
 20
-7.207709748892739
 30
0.0
 11
5.466117942796017
 21
-7.127709748892812
 31
0.0
  0
ARC
  5
4B8
330
23F
100
AcDbEntity
  8
xian
 62
    18
420
        0
370
     0
100
AcDbCircle
 10
6.398065167838694
 20
-8.2535328685899
 30
0.0
 40
0.3600000000000136
100
AcDbArc
 50
205.357763695831
 51
270.0
  0
LINE
  5
4B9
330
23F
100
AcDbEntity
  8
xian
 62
    18
420
        0
370
     0
100
AcDbLine
 10
20.12471009078513
 20
-8.613532868590482
 30
0.0
 11
6.398065167838694
 21
-8.613532868590482
 31
0.0
  0
ARC
  5
4BA
330
23F
100
AcDbEntity
  8
xian
 62
    18
420
        0
370
     0
100
AcDbCircle
 10
20.12471009078513
 20
-8.2535328685899
 30
0.0
 40
0.3600000000000739
100
AcDbArc
 50
270.0
 51
25.3577636958949
  0
LINE
  5
4BB
330
23F
100
AcDbEntity
  8
xian
 62
    18
420
        0
370
     0
100
AcDbLine
 10
20.45002453802158
 20
-8.099355988286333
 30
0.0
 11
20.41210998941028
 21
-8.019355988286406
 31
0.0
  0
ARC
  5
4BC
330
23F
100
AcDbEntity
  8
xian
 62
    18
420
        0
370
     0
100
AcDbCircle
 10
20.08679554217383
 20
-8.173532868589973
 30
0.0
 40
0.3600000000000251
100
AcDbArc
 50
25.35776369588932
 51
90.0
  0
LINE
  5
4BD
330
23F
100
AcDbEntity
  8
xian
 62
    18
420
        0
370
     0
100
AcDbLine
 10
6.360150619227397
 20
-7.813532868589391
 30
0.0
 11
20.08679554217383
 21
-7.813532868589391
 31
0.0
  0
ARC
  5
4BE
330
23F
100
AcDbEntity
  8
xian
 62
    18
420
        0
370
     0
100
AcDbCircle
 10
6.360150619227397
 20
-8.173532868589973
 30
0.0
 40
0.3599999999998999
100
AcDbArc
 50
90.0
 51
205.3577636958893
  0
LINE
  5
4BF
330
23F
100
AcDbEntity
  8
xian
 62
    18
420
        0
370
     0
100
AcDbLine
 10
6.072750720605881
 20
-8.407709748893466
 30
0.0
 11
6.034836171990946
 21
-8.32770974889172
 31
0.0
  0
LINE
  5
4C0
330
23F
100
AcDbEntity
  8
xian
 62
    18
420
        0
370
     0
100
AcDbLine
 10
18.98727363239163
 20
-6.213532868589027
 30
0.0
 11
5.260628709448837
 21
-6.213532868589027
 31
0.0
  0
LINE
  5
4C1
330
23F
100
AcDbEntity
  8
xian
 62
    18
420
        0
370
     0
100
AcDbLine
 10
21.68049944752352
 20
-9.379991264064301
 30
0.0
 11
20.12783572391277
 21
-6.103858422389748
 31
0.0
  0
LINE
  5
4C2
330
23F
100
AcDbEntity
  8
xian
 62
    18
420
        0
370
     0
100
AcDbLine
 10
21.05679152585367
 20
-9.379991264064301
 30
0.0
 11
21.68049944752352
 21
-9.379991264064301
 31
0.0
  0
LINE
  5
4C3
330
23F
100
AcDbEntity
  8
xian
 62
    18
420
        0
370
     0
100
AcDbLine
 10
5.977305576284607
 20
-9.379991264064301
 30
0.0
 11
21.05679152585367
 21
-9.379991264064301
 31
0.0
  0
LINE
  5
4C4
330
23F
100
AcDbEntity
  8
xian
 62
    18
420
        0
370
     0
100
AcDbLine
 10
4.584059567659323
 20
-6.054332052101017
 30
0.0
 11
5.977305576284607
 21
-9.379991264064301
 31
0.0
  0
ARC
  5
4C5
330
23F
100
AcDbEntity
  8
xian
 62
    18
420
        0
370
     0
100
AcDbCircle
 10
5.260628709448837
 20
-5.853532868590264
 30
0.0
 40
0.3600000000014947
100
AcDbArc
 50
213.9020985924091
 51
270.0
  0
ARC
  5
4C6
330
23F
100
AcDbEntity
  8
xian
 62
    18
420
        0
370
     0
100
AcDbCircle
 10
18.98727363239163
 20
-5.853532868590264
 30
0.0
 40
0.3600000000000136
100
AcDbArc
 50
270.0
 51
326.0979014074536
  0
ARC
  5
4C7
330
23F
100
AcDbEntity
  8
xian
 62
    18
420
        0
370
     0
100
AcDbCircle
 10
-19.21003017589896
 20
-7.053532868589172
 30
0.0
 40
0.3600000000013066
100
AcDbArc
 50
154.6422363042216
 51
270.0
  0
LINE
  5
4C8
330
23F
100
AcDbEntity
  8
xian
 62
    18
420
        0
370
     0
100
AcDbLine
 10
-19.21003017589896
 20
-7.413532868589754
 30
0.0
 11
-5.478811978032126
 21
-7.413532868589754
 31
0.0
  0
ARC
  5
4C9
330
23F
100
AcDbEntity
  8
xian
 62
    18
420
        0
370
     0
100
AcDbCircle
 10
-5.478811978032126
 20
-7.053532868589172
 30
0.0
 40
0.3600000000000136
100
AcDbArc
 50
270.0
 51
334.6651609721982
  0
LINE
  5
4CA
330
23F
100
AcDbEntity
  8
xian
 62
    18
420
        0
370
     0
100
AcDbLine
 10
-5.153435868983024
 20
-7.207579574685951
 30
0.0
 11
-5.115560511375178
 21
-7.127579574686023
 31
0.0
  0
ARC
  5
4CB
330
23F
100
AcDbEntity
  8
xian
 62
    18
420
        0
370
     0
100
AcDbCircle
 10
-5.440936620424281
 20
-6.973532868589245
 30
0.0
 40
0.3600000000000136
100
AcDbArc
 50
334.6651609722093
 51
90.0
  0
LINE
  5
4CC
330
23F
100
AcDbEntity
  8
xian
 62
    18
420
        0
370
     0
100
AcDbLine
 10
-5.440936620424281
 20
-6.613532868590482
 30
0.0
 11
-19.17211562728403
 21
-6.613532868590482
 31
0.0
  0
ARC
  5
4CD
330
23F
100
AcDbEntity
  8
xian
 62
    18
420
        0
370
     0
100
AcDbCircle
 10
-19.17211562728403
 20
-6.973532868589245
 30
0.0
 40
0.3600000000000136
100
AcDbArc
 50
90.0
 51
154.6422363039942
  0
LINE
  5
4CE
330
23F
100
AcDbEntity
  8
xian
 62
    18
420
        0
370
     0
100
AcDbLine
 10
-19.53534462313541
 20
-6.899355988285606
 30
0.0
 11
-19.49743007452048
 21
-6.819355988287497
 31
0.0
  0
ARC
  5
4CF
330
23F
100
AcDbEntity
  8
xian
 62
    18
420
        0
370
     0
100
AcDbCircle
 10
-6.046942342171632
 20
-8.2535328685899
 30
0.0
 40
0.3600000000000136
100
AcDbArc
 50
270.0
 51
334.6651609722038
  0
LINE
  5
4D0
330
23F
100
AcDbEntity
  8
xian
 62
    18
420
        0
370
     0
100
AcDbLine
 10
-5.72156623312253
 20
-8.407579574686678
 30
0.0
 11
-5.683690875511047
 21
-8.327579574686751
 31
0.0
  0
ARC
  5
4D1
330
23F
100
AcDbEntity
  8
xian
 62
    18
420
        0
370
     0
100
AcDbCircle
 10
-6.009066984560149
 20
-8.173532868589973
 30
0.0
 40
0.3599999999998999
100
AcDbArc
 50
334.6651609722093
 51
90.0
  0
LINE
  5
4D2
330
23F
100
AcDbEntity
  8
xian
 62
    18
420
        0
370
     0
100
AcDbLine
 10
-19.74083385648259
 20
-7.813532868589391
 30
0.0
 11
-6.009066984560149
 21
-7.813532868589391
 31
0.0
  0
ARC
  5
4D3
330
23F
100
AcDbEntity
  8
xian
 62
    18
420
        0
370
     0
100
AcDbCircle
 10
-19.74083385648259
 20
-8.173532868589973
 30
0.0
 40
0.3600000000012579
100
AcDbArc
 50
90.0
 51
154.6422363042216
  0
LINE
  5
4D4
330
23F
100
AcDbEntity
  8
xian
 62
    18
420
        0
370
     0
100
AcDbLine
 10
-20.10406285233035
 20
-8.099355988286333
 30
0.0
 11
-20.06614830371905
 21
-8.019355988286406
 31
0.0
  0
ARC
  5
4D5
330
23F
100
AcDbEntity
  8
xian
 62
    18
420
        0
370
     0
100
AcDbCircle
 10
-19.77874840509389
 20
-8.2535328685899
 30
0.0
 40
0.3600000000000739
100
AcDbArc
 50
154.6422363041051
 51
270.0
  0
LINE
  5
4D6
330
23F
100
AcDbEntity
  8
xian
 62
    18
420
        0
370
     0
100
AcDbLine
 10
-6.046942342171632
 20
-8.613532868590482
 30
0.0
 11
-19.77874840509389
 21
-8.613532868590482
 31
0.0
  0
LINE
  5
4D7
330
23F
100
AcDbEntity
  8
xian
 62
    18
420
        0
370
     0
100
AcDbLine
 10
-21.33453776182864
 20
-9.379991264064301
 30
0.0
 11
-20.71082984016243
 21
-9.379991264064301
 31
0.0
  0
LINE
  5
4D8
330
23F
100
AcDbEntity
  8
xian
 62
    18
420
        0
370
     0
100
AcDbLine
 10
-19.78187403822153
 20
-6.103858422389748
 30
0.0
 11
-21.33453776182864
 21
-9.379991264064301
 31
0.0
  0
LINE
  5
4D9
330
23F
100
AcDbEntity
  8
xian
 62
    18
420
        0
370
     0
100
AcDbLine
 10
-4.910681613896258
 20
-6.213532868589027
 30
0.0
 11
-18.64131194670403
 21
-6.213532868589027
 31
0.0
  0
LINE
  5
4DA
330
23F
100
AcDbEntity
  8
xian
 62
    18
420
        0
370
     0
100
AcDbLine
 10
-5.63134389059337
 20
-9.379991264064301
 30
0.0
 11
-4.238097881964449
 21
-6.054332052101017
 31
0.0
  0
LINE
  5
4DB
330
23F
100
AcDbEntity
  8
xian
 62
    18
420
        0
370
     0
100
AcDbLine
 10
-20.71082984016243
 20
-9.379991264064301
 30
0.0
 11
-5.63134389059337
 21
-9.379991264064301
 31
0.0
  0
ARC
  5
4DC
330
23F
100
AcDbEntity
  8
xian
 62
    18
420
        0
370
     0
100
AcDbCircle
 10
-4.910681613896258
 20
-5.853532868590264
 30
0.0
 40
0.3600000000001737
100
AcDbArc
 50
270.0
 51
326.0979014075114
  0
ARC
  5
4DD
330
23F
100
AcDbEntity
  8
xian
 62
    18
420
        0
370
     0
100
AcDbCircle
 10
-18.64131194670403
 20
-5.853532868590264
 30
0.0
 40
0.3600000000000136
100
AcDbArc
 50
213.902098592597
 51
270.0
  0
ARC
  5
4DE
330
23F
100
AcDbEntity
  8
xian
 62
    18
420
        0
370
     0
100
AcDbCircle
 10
-5.588205782187969
 20
-9.258468162381177
 30
0.0
 40
0.128952551890842
100
AcDbArc
 50
250.4562232735088
 51
321.735160970542
  0
ARC
  5
4DF
330
23F
100
AcDbEntity
  8
xian
 62
    18
420
        0
370
     0
100
AcDbCircle
 10
5.934167467882843
 20
-9.258468162381177
 30
0.0
 40
0.1289525518910009
100
AcDbArc
 50
218.264839029458
 51
289.5437767263755
  0
LINE
  5
4E0
330
23F
100
AcDbEntity
  8
xian
 62
    18
420
        0
370
     0
100
AcDbLine
 10
20.24859975761069
 20
-6.026718346769484
 30
0.0
 11
21.80223385836075
 21
-9.304898691954804
 31
0.0
  0
ARC
  5
4E1
330
23F
100
AcDbEntity
  8
xian
 62
    18
420
        0
370
     0
100
AcDbCircle
 10
21.62580035836004
 20
-9.155097622753601
 30
0.0
 40
0.2314500815675126
100
AcDbArc
 50
283.6701598797684
 51
319.6670393606219
  0
LINE
  5
4E2
330
23F
100
AcDbEntity
  8
xian
 62
    18
420
        0
370
     0
100
AcDbLine
 10
-21.45627217266952
 20
-9.304898691954804
 30
0.0
 11
-19.90263807191945
 21
-6.026718346769484
 31
0.0
  0
ARC
  5
4E3
330
23F
100
AcDbEntity
  8
xian
 62
    18
420
        0
370
     0
100
AcDbCircle
 10
-21.2798386726688
 20
-9.15509762275542
 30
0.0
 40
0.2314500815646978
100
AcDbArc
 50
220.3329606391577
 51
256.3298401204465
  0
ELLIPSE
  5
4E4
330
23F
100
AcDbEntity
  8
xian
 62
    18
420
        0
370
     0
100
AcDbEllipse
 10
-23.0037112721227
 20
-7.940735419915654
 30
0.0
 11
-1.152395002826324
 21
1.821421927204028
 31
0.0
210
0.0
220
0.0
230
1.0
 40
0.6794178696025817
 41
3.458064088215418
 42
3.547573167925613
  0
LINE
  5
4E5
330
23F
100
AcDbEntity
  8
xian
 62
    18
420
        0
370
     0
100
AcDbLine
 10
-21.70630570177377
 20
-9.202096849096051
 30
0.0
 11
-21.52351133131447
 21
-9.427915983020284
 31
0.0
  0
LINE
  5
4E6
330
23F
100
AcDbEntity
  8
xian
 62
    18
420
        0
370
     0
100
AcDbLine
 10
-20.10014606153049
 20
-5.812941607566244
 30
0.0
 11
-21.70634922120076
 21
-9.202043086394041
 31
0.0
  0
ELLIPSE
  5
4E7
330
23F
100
AcDbEntity
  8
xian
 62
    18
420
        0
370
     0
100
AcDbEllipse
 10
-21.47386147443171
 20
-4.601926509669283
 30
0.0
 11
-1.023021053101046
 21
1.616939481288568
 31
0.0
210
0.0
220
0.0
230
1.0
 40
0.6794178696026841
 41
3.547573167926556
 42
3.562524677785893
  0
ELLIPSE
  5
4E8
330
23F
100
AcDbEntity
  8
xian
 62
    18
420
        0
370
     0
100
AcDbEllipse
 10
23.34967295781394
 20
-7.940735419915654
 30
0.0
 11
1.152395002827234
 21
1.821421927203801
 31
0.0
210
0.0
220
0.0
230
1.0
 40
0.679417869602541
 41
2.735612139254329
 42
2.825121218964209
  0
ELLIPSE
  5
4E9
330
23F
100
AcDbEntity
  8
xian
 62
    18
420
        0
370
     0
100
AcDbEllipse
 10
21.81982316011931
 20
-4.601926509669283
 30
0.0
 11
1.023021053101729
 21
1.616939481288454
 31
0.0
210
0.0
220
0.0
230
1.0
 40
0.6794178696026841
 41
2.720660629394157
 42
2.735612139254162
  0
LINE
  5
4EA
330
23F
100
AcDbEntity
  8
xian
 62
    18
420
        0
370
     0
100
AcDbLine
 10
22.05231090689199
 20
-9.202043086394041
 30
0.0
 11
20.44610774721809
 21
-5.812941607564425
 31
0.0
  0
LINE
  5
4EB
330
23F
100
AcDbEntity
  8
xian
 62
    18
420
        0
370
     0
100
AcDbLine
 10
21.8694730170057
 20
-9.427915983020284
 30
0.0
 11
22.05226738746501
 21
-9.202096849096051
 31
0.0
  0
ARC
  5
4EC
330
23F
100
AcDbEntity
  8
xian
 62
    18
420
        0
370
     0
100
AcDbCircle
 10
20.62254124722244
 20
-5.962742676769266
 30
0.0
 40
0.2314500815689427
100
AcDbArc
 50
103.6701598798696
 51
139.6670393605484
  0
ARC
  5
4ED
330
23F
100
AcDbEntity
  8
xian
 62
    18
420
        0
370
     0
100
AcDbCircle
 10
-20.27657956153121
 20
-5.962742676771085
 30
0.0
 40
0.2314500815695069
100
AcDbArc
 50
40.33296063971165
 51
76.32984012061069
  0
LINE
  5
4EE
330
23F
100
AcDbEntity
  8
xian
 62
    18
420
        0
370
     0
100
AcDbLine
 10
2.917758338185421
 20
-4.54194426698632
 30
0.0
 11
-2.571796652490547
 21
-4.54194426698632
 31
0.0
  0
LINE
  5
4EF
330
23F
100
AcDbEntity
  8
xian
 62
    18
420
        0
370
     0
100
AcDbLine
 10
-21.82808363204163
 20
-9.126950514286363
 30
0.0
 11
-20.22188047236773
 21
-5.737849035456747
 31
0.0
  0
SPLINE
  5
4F0
330
23F
100
AcDbEntity
  8
xian
 62
    18
420
        0
370
     0
100
AcDbSpline
210
0.0
220
0.0
230
1.0
 70
     8
 71
     3
 72
     8
 73
     4
 74
     0
 42
0.00000001
 43
0.0000000001
 40
0.0
 40
0.0
 40
0.0
 40
0.0
 40
1.0
 40
1.0
 40
1.0
 40
1.0
 10
-21.82808363204163
 20
-9.126950514286363
 30
0.0
 10
-21.78092965162136
 20
-9.138717742756853
 30
0.0
 10
-21.73435165876504
 20
-9.167449645785382
 30
0.0
 10
-21.70634922120076
 20
-9.202043086394041
 30
0.0
  0
LINE
  5
4F1
330
23F
100
AcDbEntity
  8
xian
 62
    18
420
        0
370
     0
100
AcDbLine
 10
20.56784215805897
 20
-5.737849035456747
 30
0.0
 11
22.17404531773286
 21
-9.126950514286363
 31
0.0
  0
SPLINE
  5
4F2
330
23F
100
AcDbEntity
  8
xian
 62
    18
420
        0
370
     0
100
AcDbSpline
210
0.0
220
0.0
230
1.0
 70
     8
 71
     3
 72
     8
 73
     4
 74
     0
 42
0.00000001
 43
0.0000000001
 40
0.0
 40
0.0
 40
0.0
 40
0.0
 40
1.0
 40
1.0
 40
1.0
 40
1.0
 10
22.05231090689199
 20
-9.202043086394041
 30
0.0
 10
22.08031334445627
 20
-9.167449645785382
 30
0.0
 10
22.1268913373126
 20
-9.138717742756853
 30
0.0
 10
22.17404531773286
 20
-9.126950514286363
 30
0.0
  0
LINE
  5
4F3
330
23F
100
AcDbEntity
  8
xian
 62
    18
420
        0
370
     0
100
AcDbLine
 10
-35.04682113709782
 20
-9.146010451728216
 30
0.0
 11
-35.04682113709782
 21
-5.737849035456747
 31
0.0
  0
SPLINE
  5
4F4
330
23F
100
AcDbEntity
  8
xian
 62
    18
420
        0
370
     0
100
AcDbSpline
210
0.0
220
0.0
230
1.0
 70
     8
 71
     3
 72
     8
 73
     4
 74
     0
 42
0.00000001
 43
0.0000000001
 40
0.0
 40
0.0
 40
0.0
 40
0.0
 40
0.00001593055315
 40
0.00001593055315
 40
0.00001593055315
 40
0.00001593055315
 10
-35.04705769992938
 20
-9.155221723374779
 30
0.0
 10
-35.04690015361916
 20
-9.152164587490915
 30
0.0
 10
-35.04682113709782
 20
-9.149093068594083
 30
0.0
 10
-35.04682113709782
 20
-9.146010451728216
 30
0.0
  0
SPLINE
  5
4F5
330
23F
100
AcDbEntity
  8
xian
 62
    18
420
        0
370
     0
100
AcDbSpline
210
0.0
220
0.0
230
1.0
 70
     8
 71
     3
 72
     8
 73
     4
 74
     0
 42
0.00000001
 43
0.0000000001
 40
0.0
 40
0.0
 40
0.0
 40
0.0
 40
1.0
 40
1.0
 40
1.0
 40
1.0
 10
-39.87279541444946
 20
-8.424354563803717
 30
0.0
 10
-38.26347640889503
 20
-8.667390943866848
 30
0.0
 10
-36.65499775283456
 20
-8.910738117698201
 30
0.0
 10
-35.04705769992938
 20
-9.155221723374779
 30
0.0
  0
LINE
  5
4F6
330
23F
100
AcDbEntity
  8
xian
 62
    18
420
        0
370
     0
100
AcDbLine
 10
-39.87415524698804
 20
-8.423240424266623
 30
0.0
 11
-39.87279541444946
 21
-8.424354563803717
 31
0.0
  0
SPLINE
  5
4F7
330
23F
100
AcDbEntity
  8
xian
 62
    18
420
        0
370
     0
100
AcDbSpline
210
0.0
220
0.0
230
1.0
 70
     8
 71
     3
 72
    14
 73
    10
 74
     0
 42
0.00000001
 43
0.0000000001
 40
0.0
 40
0.0
 40
0.0
 40
0.0
 40
0.0002968481855656
 40
0.0002968481855656
 40
0.0002968481855656
 40
0.0009964044511115
 40
0.0009964044511115
 40
0.0009964044511115
 40
0.0011201275160356
 40
0.0011201275160356
 40
0.0011201275160356
 40
0.0011201275160356
 10
-40.32039429196879
 20
-7.848175817569426
 30
0.0
 10
-40.28126296412733
 20
-7.898591127395775
 30
0.0
 10
-40.24205293461341
 20
-7.949110260722591
 30
0.0
 10
-40.20276558643741
 20
-7.999731378558863
 30
0.0
 10
-40.11018209727694
 20
-8.119023719020333
 30
0.0
 10
-40.0171664525194
 20
-8.238885980750637
 30
0.0
 10
-39.9237366984205
 20
-8.359294312080237
 30
0.0
 10
-39.90721243853909
 20
-8.380590082120761
 30
0.0
 10
-39.89066989433991
 20
-8.401901739251115
 30
0.0
 10
-39.87415524698804
 20
-8.423240424266623
 30
0.0
  0
SPLINE
  5
4F8
330
23F
100
AcDbEntity
  8
xian
 62
    18
420
        0
370
     0
100
AcDbSpline
210
0.0
220
0.0
230
1.0
 70
     8
 71
     3
 72
    14
 73
    10
 74
     0
 42
0.00000001
 43
0.0000000001
 40
-0.0001675061468397
 40
-0.0001675061468397
 40
-0.0001675061468397
 40
-0.0001675061468397
 40
0.0000000000000002
 40
0.0000000000000002
 40
0.0000000000000002
 40
0.000199645514972
 40
0.000199645514972
 40
0.000199645514972
 40
0.0004808344522392
 40
0.0004808344522392
 40
0.0004808344522392
 40
0.0004808344522392
 10
-40.5756620191321
 20
-7.519341749477462
 30
0.0
 10
-40.55375724238252
 20
-7.54752602309054
 30
0.0
 10
-40.53186198926482
 20
-7.575752815353553
 30
0.0
 10
-40.50992606222348
 20
-7.60400969397051
 30
0.0
 10
-40.48378130824562
 20
-7.637688194919974
 30
0.0
 10
-40.45760018491342
 20
-7.671414698950684
 30
0.0
 10
-40.43138311373399
 20
-7.705188642097709
 30
0.0
 10
-40.39445797806616
 20
-7.752757168123935
 30
0.0
 10
-40.35746131185874
 20
-7.800420083354765
 30
0.0
 10
-40.32039429196879
 20
-7.848175817569426
 30
0.0
  0
SPLINE
  5
4F9
330
23F
100
AcDbEntity
  8
xian
 62
    18
420
        0
370
     0
100
AcDbSpline
210
0.0
220
0.0
230
1.0
 70
     8
 71
     3
 72
    20
 73
    16
 74
     0
 42
0.00000001
 43
0.0000000001
 40
0.0
 40
0.0
 40
0.0
 40
0.0
 40
0.000470857054202
 40
0.000470857054202
 40
0.000470857054202
 40
0.0017943094467276
 40
0.0017943094467276
 40
0.0017943094467276
 40
0.0024559260599259
 40
0.0024559260599259
 40
0.0024559260599259
 40
0.0038219290748987
 40
0.0038219290748987
 40
0.0038219290748987
 40
0.0038779040315435
 40
0.0038779040315435
 40
0.0038779040315435
 40
0.0038779040315435
 10
-43.62487210104222
 20
-6.979580439043274
 30
0.0
 10
-43.5013514674581
 20
-7.001426016799086
 30
0.0
 10
-43.37784331424768
 20
-7.023274799692444
 30
0.0
 10
-43.25434836086128
 20
-7.045124656175175
 30
0.0
 10
-42.90724180359098
 20
-7.106537922487405
 30
0.0
 10
-42.56023250531575
 20
-7.167958369152984
 30
0.0
 10
-42.21333284943898
 20
-7.229363740998451
 30
0.0
 10
-42.03990987059
 20
-7.260061674312964
 30
0.0
 10
-41.86651250579666
 20
-7.290756706875981
 30
0.0
 10
-41.69314190647196
 20
-7.321449271757956
 30
0.0
 10
-41.33519593122833
 20
-7.384818032736802
 30
0.0
 10
-40.97735846466162
 20
-7.448175156148863
 30
0.0
 10
-40.61963709621045
 20
-7.511550710054507
 30
0.0
 10
-40.6049785481598
 20
-7.514147685476928
 30
0.0
 10
-40.59032018898938
 20
-7.516744697531976
 30
0.0
 10
-40.57566201912846
 20
-7.519341749470186
 30
0.0
  0
SPLINE
  5
4FA
330
23F
100
AcDbEntity
  8
xian
 62
    18
420
        0
370
     0
100
AcDbSpline
210
0.0
220
0.0
230
1.0
 70
     8
 71
     3
 72
    17
 73
    13
 74
     0
 42
0.00000001
 43
0.0000000001
 40
0.0
 40
0.0
 40
0.0
 40
0.0
 40
0.0005815515478092
 40
0.0005815515478092
 40
0.0005815515478092
 40
0.0013637513555729
 40
0.0013637513555729
 40
0.0013637513555729
 40
0.0021459507132747
 40
0.0021459507132747
 40
0.0021459507132747
 40
0.0025843243373942
 40
0.0025843243373942
 40
0.0025843243373942
 40
0.0025843243373942
 10
-43.5488292844609
 20
-5.760470762923432
 30
0.0
 10
-43.55450861077111
 20
-5.85192298718357
 30
0.0
 10
-43.56019334574807
 20
-5.943373949707165
 30
0.0
 10
-43.56588358791191
 20
-6.034823493768271
 30
0.0
 10
-43.57353709058656
 20
-6.15782517093794
 30
0.0
 10
-43.58120055701215
 20
-6.280824282355752
 30
0.0
 10
-43.58887420849419
 20
-6.403820442927099
 30
0.0
 10
-43.59654785555972
 20
-6.526816532723387
 30
0.0
 10
-43.60423168765623
 20
-6.649809671918774
 30
0.0
 10
-43.61192590549103
 20
-6.772799472330007
 30
0.0
 10
-43.61623803145334
 20
-6.841727532748336
 30
0.0
 10
-43.62055341911104
 20
-6.910654544522913
 30
0.0
 10
-43.62487210104222
 20
-6.979580439043274
 30
0.0
  0
SPLINE
  5
4FB
330
23F
100
AcDbEntity
  8
xian
 62
    18
420
        0
370
     0
100
AcDbSpline
210
0.0
220
0.0
230
1.0
 70
     8
 71
     3
 72
     8
 73
     4
 74
     0
 42
0.00000001
 43
0.0000000001
 40
0.0
 40
0.0
 40
0.0
 40
0.0
 40
0.0000184454743482
 40
0.0000184454743482
 40
0.0000184454743482
 40
0.0000184454743482
 10
-43.54797256484448
 20
-5.751808215934943
 30
0.0
 10
-43.54822445296008
 20
-5.754700124381997
 30
0.0
 10
-43.54849804152467
 20
-5.757589290180476
 30
0.0
 10
-43.54879325184515
 20
-5.760475531653355
 30
0.0
  0
SPLINE
  5
4FC
330
23F
100
AcDbEntity
  8
xian
 62
    18
420
        0
370
     0
100
AcDbSpline
210
0.0
220
0.0
230
1.0
 70
     8
 71
     3
 72
     8
 73
     4
 74
     0
 42
0.00000001
 43
0.0000000001
 40
0.0
 40
0.0
 40
0.0
 40
0.0
 40
0.0000184454743482
 40
0.0000184454743482
 40
0.0000184454743482
 40
0.0000184454743482
 10
43.89393425047387
 20
-5.751808215934943
 30
0.0
 10
43.89418613858583
 20
-5.754700124381997
 30
0.0
 10
43.89445972715043
 20
-5.757589290180476
 30
0.0
 10
43.89475493747454
 20
-5.760475531653355
 30
0.0
  0
SPLINE
  5
4FD
330
23F
100
AcDbEntity
  8
xian
 62
    18
420
        0
370
     0
100
AcDbSpline
210
0.0
220
0.0
230
1.0
 70
     8
 71
     3
 72
    17
 73
    13
 74
     0
 42
0.00000001
 43
0.0000000001
 40
0.0
 40
0.0
 40
0.0
 40
0.0
 40
0.0005815515478092
 40
0.0005815515478092
 40
0.0005815515478092
 40
0.001363751355573
 40
0.001363751355573
 40
0.001363751355573
 40
0.0021459507132748
 40
0.0021459507132748
 40
0.0021459507132748
 40
0.0025843243373943
 40
0.0025843243373943
 40
0.0025843243373943
 40
0.0025843243373943
 10
43.89479097008666
 20
-5.760470762923432
 30
0.0
 10
43.90047029639686
 20
-5.85192298718357
 30
0.0
 10
43.90615503137382
 20
-5.943373949707165
 30
0.0
 10
43.9118452735413
 20
-6.034823493768271
 30
0.0
 10
43.91949877621232
 20
-6.15782517093794
 30
0.0
 10
43.9271622426379
 20
-6.280824282355752
 30
0.0
 10
43.93483589411994
 20
-6.403820442927099
 30
0.0
 10
43.94250954118911
 20
-6.526816532723387
 30
0.0
 10
43.95019337328199
 20
-6.649809671918774
 30
0.0
 10
43.95788759111678
 20
-6.772799472330007
 30
0.0
 10
43.96219971708274
 20
-6.841727532748336
 30
0.0
 10
43.96651510474043
 20
-6.910654544522913
 30
0.0
 10
43.97083378667161
 20
-6.979580439043274
 30
0.0
  0
SPLINE
  5
4FE
330
23F
100
AcDbEntity
  8
xian
 62
    18
420
        0
370
     0
100
AcDbSpline
210
0.0
220
0.0
230
1.0
 70
     8
 71
     3
 72
    20
 73
    16
 74
     0
 42
0.00000001
 43
0.0000000001
 40
0.0
 40
0.0
 40
0.0
 40
0.0
 40
0.000470857054202
 40
0.000470857054202
 40
0.000470857054202
 40
0.0017943094467295
 40
0.0017943094467295
 40
0.0017943094467295
 40
0.0024559260599276
 40
0.0024559260599276
 40
0.0024559260599276
 40
0.0038219290748987
 40
0.0038219290748987
 40
0.0038219290748987
 40
0.0038779040315434
 40
0.0038779040315434
 40
0.0038779040315434
 40
0.0038779040315434
 10
43.97083378667161
 20
-6.979580439043274
 30
0.0
 10
43.8473131530875
 20
-7.001426016799086
 30
0.0
 10
43.72380499987707
 20
-7.023274799692444
 30
0.0
 10
43.60031004649068
 20
-7.045124656175175
 30
0.0
 10
43.25320348922036
 20
-7.106537922487405
 30
0.0
 10
42.9061941909415
 20
-7.167958369152984
 30
0.0
 10
42.55929453506474
 20
-7.229363740998451
 30
0.0
 10
42.38587155621575
 20
-7.260061674312964
 30
0.0
 10
42.21247419142241
 20
-7.290756706875981
 30
0.0
 10
42.03910359209771
 20
-7.321449271757956
 30
0.0
 10
41.68115761685771
 20
-7.384818032736802
 30
0.0
 10
41.32332015028737
 20
-7.448175156148863
 30
0.0
 10
40.9655987818362
 20
-7.511550710054507
 30
0.0
 10
40.95094023378556
 20
-7.514147685476928
 30
0.0
 10
40.93628187461513
 20
-7.516744697531976
 30
0.0
 10
40.92162370475785
 20
-7.519341749470186
 30
0.0
  0
SPLINE
  5
4FF
330
23F
100
AcDbEntity
  8
xian
 62
    18
420
        0
370
     0
100
AcDbSpline
210
0.0
220
0.0
230
1.0
 70
     8
 71
     3
 72
    14
 73
    10
 74
     0
 42
0.00000001
 43
0.0000000001
 40
-0.0001675061468397
 40
-0.0001675061468397
 40
-0.0001675061468397
 40
-0.0001675061468397
 40
0.0000000000000003
 40
0.0000000000000003
 40
0.0000000000000003
 40
0.000199645514972
 40
0.000199645514972
 40
0.000199645514972
 40
0.0004808344522387
 40
0.0004808344522387
 40
0.0004808344522387
 40
0.0004808344522387
 10
40.92162370475785
 20
-7.519341749477462
 30
0.0
 10
40.89971892800827
 20
-7.54752602309054
 30
0.0
 10
40.87782367489057
 20
-7.575752815353553
 30
0.0
 10
40.85588774784923
 20
-7.60400969397051
 30
0.0
 10
40.82974299387138
 20
-7.637688194919974
 30
0.0
 10
40.80356187053917
 20
-7.671414698950684
 30
0.0
 10
40.77734479935975
 20
-7.705188642097709
 30
0.0
 10
40.74041966369191
 20
-7.752757168123935
 30
0.0
 10
40.70342299748449
 20
-7.800420083354765
 30
0.0
 10
40.66635597759819
 20
-7.848175817569426
 30
0.0
  0
SPLINE
  5
500
330
23F
100
AcDbEntity
  8
xian
 62
    18
420
        0
370
     0
100
AcDbSpline
210
0.0
220
0.0
230
1.0
 70
     8
 71
     3
 72
    14
 73
    10
 74
     0
 42
0.00000001
 43
0.0000000001
 40
0.0
 40
0.0
 40
0.0
 40
0.0
 40
0.0002968481855666
 40
0.0002968481855666
 40
0.0002968481855666
 40
0.0009964044511115
 40
0.0009964044511115
 40
0.0009964044511115
 40
0.0011201275160356
 40
0.0011201275160356
 40
0.0011201275160356
 40
0.0011201275160356
 10
40.66635597759819
 20
-7.848175817569426
 30
0.0
 10
40.62722464975308
 20
-7.898591127395775
 30
0.0
 10
40.58801462023916
 20
-7.949110260722591
 30
0.0
 10
40.54872727206316
 20
-7.999731378558863
 30
0.0
 10
40.45614378290269
 20
-8.119023719020333
 30
0.0
 10
40.36312813814515
 20
-8.238885980750637
 30
0.0
 10
40.26969838404625
 20
-8.359294312080237
 30
0.0
 10
40.25317412416848
 20
-8.380590082120761
 30
0.0
 10
40.2366315799693
 20
-8.401901739251115
 30
0.0
 10
40.22011693261743
 20
-8.423240424266623
 30
0.0
  0
LINE
  5
501
330
23F
100
AcDbEntity
  8
xian
 62
    18
420
        0
370
     0
100
AcDbLine
 10
40.22011693261743
 20
-8.423240424266623
 30
0.0
 11
40.2187571000752
 21
-8.424354563803717
 31
0.0
  0
SPLINE
  5
502
330
23F
100
AcDbEntity
  8
xian
 62
    18
420
        0
370
     0
100
AcDbSpline
210
0.0
220
0.0
230
1.0
 70
     8
 71
     3
 72
     8
 73
     4
 74
     0
 42
0.00000001
 43
0.0000000001
 40
0.0
 40
0.0
 40
0.0
 40
0.0
 40
1.0
 40
1.0
 40
1.0
 40
1.0
 10
40.2187571000752
 20
-8.424354563803717
 30
0.0
 10
38.60943809452442
 20
-8.667390943866848
 30
0.0
 10
37.00095943846032
 20
-8.910738117698201
 30
0.0
 10
35.39301938555514
 20
-9.155221723374779
 30
0.0
  0
SPLINE
  5
503
330
23F
100
AcDbEntity
  8
xian
 62
    18
420
        0
370
     0
100
AcDbSpline
210
0.0
220
0.0
230
1.0
 70
     8
 71
     3
 72
     8
 73
     4
 74
     0
 42
0.00000001
 43
0.0000000001
 40
0.0
 40
0.0
 40
0.0
 40
0.0
 40
0.00001593055315
 40
0.00001593055315
 40
0.00001593055315
 40
0.00001593055315
 10
35.39301938555514
 20
-9.155221723374779
 30
0.0
 10
35.39286183924492
 20
-9.152164587490915
 30
0.0
 10
35.39278282272722
 20
-9.149093068594083
 30
0.0
 10
35.39278282272722
 20
-9.146010451728216
 30
0.0
  0
LINE
  5
504
330
23F
100
AcDbEntity
  8
xian
 62
    18
420
        0
370
     0
100
AcDbLine
 10
35.39278282272722
 20
-9.146010451728216
 30
0.0
 11
35.39278282272722
 21
-5.737849035456747
 31
0.0
  0
SPLINE
  5
505
330
23F
100
AcDbEntity
  8
xian
 62
    18
420
        0
370
     0
100
AcDbSpline
210
0.0
220
0.0
230
1.0
 70
     8
 71
     3
 72
     8
 73
     4
 74
     0
 42
0.00000001
 43
0.0000000001
 40
0.0
 40
0.0
 40
0.0
 40
0.0
 40
0.0000478270570933
 40
0.0000478270570933
 40
0.0000478270570933
 40
0.0000478270570933
 10
-40.96614744738758
 20
7.862619433304644
 30
0.0
 10
-40.97153617789877
 20
7.869166334059627
 30
0.0
 10
-40.97681404545141
 20
7.875763145040764
 30
0.0
 10
-40.98197744953426
 20
7.882409040557831
 30
0.0
  0
SPLINE
  5
506
330
23F
100
AcDbEntity
  8
xian
 62
    18
420
        0
370
     0
100
AcDbSpline
210
0.0
220
0.0
230
1.0
 70
     8
 71
     3
 72
     8
 73
     4
 74
     0
 42
0.00000001
 43
0.0000000001
 40
0.0
 40
0.0
 40
0.0
 40
0.0
 40
1.0
 40
1.0
 40
1.0
 40
1.0
 10
-39.0996753447987
 20
5.436912077844681
 30
0.0
 10
-39.74472018457232
 20
6.274528538759113
 30
0.0
 10
-40.36700452122454
 20
7.083208933689093
 30
0.0
 10
-40.9661148610728
 20
7.862634865507061
 30
0.0
  0
SPLINE
  5
507
330
23F
100
AcDbEntity
  8
xian
 62
    18
420
        0
370
     0
100
AcDbSpline
210
0.0
220
0.0
230
1.0
 70
     8
 71
     3
 72
    17
 73
    13
 74
     0
 42
0.00000001
 43
0.0000000001
 40
0.0000000000000002
 40
0.0000000000000002
 40
0.0000000000000002
 40
0.0000000000000002
 40
0.0026581557358997
 40
0.0026581557358997
 40
0.0026581557358997
 40
0.0034323879491572
 40
0.0034323879491572
 40
0.0034323879491572
 40
0.0051244572002767
 40
0.0051244572002767
 40
0.0051244572002767
 40
0.0051580696801076
 40
0.0051580696801076
 40
0.0051580696801076
 40
0.0051580696801076
 10
-35.04682113709782
 20
5.425331206110058
 30
0.0
 10
-35.74348854916457
 20
5.427148747454339
 30
0.0
 10
-36.43995365480146
 20
5.429056214130469
 30
0.0
 10
-37.13615542921684
 20
5.43105905244738
 30
0.0
 10
-37.33893611961025
 20
5.431642413408553
 30
0.0
 10
-37.54169454499129
 20
5.432233454605011
 30
0.0
 10
-37.7444290468236
 20
5.432831249207083
 30
0.0
 10
-38.18750095379869
 20
5.434137716491022
 30
0.0
 10
-38.63045931207739
 20
5.435477283621366
 30
0.0
 10
-39.07328561299869
 20
5.436831366590922
 30
0.0
 10
-39.08208224229088
 20
5.436858265096816
 30
0.0
 10
-39.09087881961091
 20
5.436885168908702
 30
0.0
 10
-39.09967534480234
 20
5.436912077830129
 30
0.0
  0
LINE
  5
508
330
23F
100
AcDbEntity
  8
xian
 62
    18
420
        0
370
     0
100
AcDbLine
 10
-35.04682113709782
 20
5.425331206108239
 30
0.0
 11
-35.04682113709782
 21
5.363368742087914
 31
0.0
  0
SPLINE
  5
509
330
23F
100
AcDbEntity
  8
xian
 62
    18
420
        0
370
     0
100
AcDbSpline
210
0.0
220
0.0
230
1.0
 70
     8
 71
     3
 72
    11
 73
     7
 74
     0
 42
0.00000001
 43
0.0000000001
 40
0.0
 40
0.0
 40
0.0
 40
0.0
 40
0.0018766443524523
 40
0.0018766443524523
 40
0.0018766443524523
 40
0.0042299685333781
 40
0.0042299685333781
 40
0.0042299685333781
 40
0.0042299685333781
 10
-44.97891526952367
 20
7.277997071103527
 30
0.0
 10
-44.95495954284774
 20
6.996707002679613
 30
0.0
 10
-44.93096402255537
 20
6.715344003498103
 30
0.0
 10
-44.90693139367135
 20
6.433902249618768
 30
0.0
 10
-44.87679432171785
 20
6.080972471258064
 30
0.0
 10
-44.8465988367177
 20
5.727918800455881
 30
0.0
 10
-44.81635185168193
 20
5.374730013052612
 30
0.0
  0
SPLINE
  5
50A
330
23F
100
AcDbEntity
  8
xian
 62
    18
420
        0
370
     0
100
AcDbSpline
210
0.0
220
0.0
230
1.0
 70
     8
 71
     3
 72
     8
 73
     4
 74
     0
 42
0.00000001
 43
0.0000000001
 40
0.0
 40
0.0
 40
0.0
 40
0.0
 40
1.0
 40
1.0
 40
1.0
 40
1.0
 10
-40.98197744953063
 20
7.882409040557831
 30
0.0
 10
-42.31347403191534
 20
7.681407637479424
 30
0.0
 10
-43.64560173546919
 20
7.480426491152684
 30
0.0
 10
-44.97891526952367
 20
7.277997071103527
 30
0.0
  0
SPLINE
  5
50B
330
23F
100
AcDbEntity
  8
xian
 62
    18
420
        0
370
     0
100
AcDbSpline
210
0.0
220
0.0
230
1.0
 70
     8
 71
     3
 72
    11
 73
     7
 74
     0
 42
0.00000001
 43
0.0000000001
 40
0.0
 40
0.0
 40
0.0
 40
0.0
 40
0.0018766443524523
 40
0.0018766443524523
 40
0.0018766443524523
 40
0.004229968533378
 40
0.004229968533378
 40
0.004229968533378
 40
0.004229968533378
 10
45.32487695514942
 20
7.277997071103527
 30
0.0
 10
45.30092122847349
 20
6.996707002679613
 30
0.0
 10
45.27692570818476
 20
6.715344003498103
 30
0.0
 10
45.2528930792971
 20
6.433902249618768
 30
0.0
 10
45.22275600734724
 20
6.080972471258064
 30
0.0
 10
45.19256052234346
 20
5.727918800455881
 30
0.0
 10
45.16231353730768
 20
5.374730013052612
 30
0.0
  0
LINE
  5
50C
330
23F
100
AcDbEntity
  8
xian
 62
    18
420
        0
370
     0
100
AcDbLine
 10
35.39278282272722
 20
5.425331206108239
 30
0.0
 11
35.39278282272722
 21
5.363368742087914
 31
0.0
  0
SPLINE
  5
50D
330
23F
100
AcDbEntity
  8
xian
 62
    18
420
        0
370
     0
100
AcDbSpline
210
0.0
220
0.0
230
1.0
 70
     8
 71
     3
 72
    17
 73
    13
 74
     0
 42
0.00000001
 43
0.0000000001
 40
0.0000000000000003
 40
0.0000000000000003
 40
0.0000000000000003
 40
0.0000000000000003
 40
0.0026581557358976
 40
0.0026581557358976
 40
0.0026581557358976
 40
0.0034323879491551
 40
0.0034323879491551
 40
0.0034323879491551
 40
0.0051244572002746
 40
0.0051244572002746
 40
0.0051244572002746
 40
0.0051580696801055
 40
0.0051580696801055
 40
0.0051580696801055
 40
0.0051580696801055
 10
35.39278282272722
 20
5.425331206110058
 30
0.0
 10
36.08945023479032
 20
5.427148747454339
 30
0.0
 10
36.78591534042721
 20
5.429056214130469
 30
0.0
 10
37.48211711484259
 20
5.43105905244738
 30
0.0
 10
37.68489780523964
 20
5.431642413408553
 30
0.0
 10
37.88765623061704
 20
5.432233454605011
 30
0.0
 10
38.09039073244935
 20
5.432831249207083
 30
0.0
 10
38.53346263942444
 20
5.434137716491022
 30
0.0
 10
38.97642099770314
 20
5.435477283621366
 30
0.0
 10
39.41924729862444
 20
5.436831366590922
 30
0.0
 10
39.42804392792027
 20
5.436858265096816
 30
0.0
 10
39.43684050523666
 20
5.436885168908702
 30
0.0
 10
39.44563703042809
 20
5.436912077830129
 30
0.0
  0
SPLINE
  5
50E
330
23F
100
AcDbEntity
  8
xian
 62
    18
420
        0
370
     0
100
AcDbSpline
210
0.0
220
0.0
230
1.0
 70
     8
 71
     3
 72
     8
 73
     4
 74
     0
 42
0.00000001
 43
0.0000000001
 40
0.0
 40
0.0
 40
0.0
 40
0.0
 40
1.0
 40
1.0
 40
1.0
 40
1.0
 10
39.44563703042445
 20
5.436912077844681
 30
0.0
 10
40.0906818702017
 20
6.274528538757294
 30
0.0
 10
40.71296620685393
 20
7.083208933689093
 30
0.0
 10
41.3120765467022
 20
7.862634865507061
 30
0.0
  0
SPLINE
  5
50F
330
23F
100
AcDbEntity
  8
xian
 62
    18
420
        0
370
     0
100
AcDbSpline
210
0.0
220
0.0
230
1.0
 70
     8
 71
     3
 72
     8
 73
     4
 74
     0
 42
0.00000001
 43
0.0000000001
 40
0.0
 40
0.0
 40
0.0
 40
0.0
 40
0.0000478270570932
 40
0.0000478270570932
 40
0.0000478270570932
 40
0.0000478270570932
 10
41.31210913301333
 20
7.862619433304644
 30
0.0
 10
41.31749786352815
 20
7.869166334059627
 30
0.0
 10
41.32277573107717
 20
7.875763145040764
 30
0.0
 10
41.32793913516002
 20
7.882409040557831
 30
0.0
  0
SPLINE
  5
510
330
23F
100
AcDbEntity
  8
xian
 62
    18
420
        0
370
     0
100
AcDbSpline
210
0.0
220
0.0
230
1.0
 70
     8
 71
     3
 72
     8
 73
     4
 74
     0
 42
0.00000001
 43
0.0000000001
 40
0.0
 40
0.0
 40
0.0
 40
0.0
 40
1.0
 40
1.0
 40
1.0
 40
1.0
 10
41.32793913516002
 20
7.882409040557831
 30
0.0
 10
42.65943571754109
 20
7.681407637479424
 30
0.0
 10
43.99156342109495
 20
7.480426491152684
 30
0.0
 10
45.32487695514942
 20
7.277997071103527
 30
0.0
  0
SPLINE
  5
511
330
23F
100
AcDbEntity
  8
xian
 62
    18
420
        0
370
     0
100
AcDbSpline
210
0.0
220
0.0
230
1.0
 70
     8
 71
     3
 72
     8
 73
     4
 74
     0
 42
0.00000001
 43
0.0000000001
 40
0.0
 40
0.0
 40
0.0
 40
0.0
 40
0.0000355203249441
 40
0.0000355203249441
 40
0.0000355203249441
 40
0.0000355203249441
 10
-21.83892385449212
 20
-9.146010451728216
 30
0.0
 10
-21.83545301050685
 20
-9.139615211423006
 30
0.0
 10
-21.83191388610499
 20
-9.133239269980549
 30
0.0
 10
-21.82830823651307
 20
-9.126883422648461
 30
0.0
  0
LINE
  5
512
330
23F
100
AcDbEntity
  8
xian
 62
    18
420
        0
370
     0
100
AcDbLine
 10
-35.04682113709782
 20
-9.146010451728216
 30
0.0
 11
-21.83892385449212
 21
-9.146010451728216
 31
0.0
  0
LINE
  5
513
330
23F
100
AcDbEntity
  8
xian
 62
    18
420
        0
370
     0
100
AcDbLine
 10
35.39278282272722
 20
-9.146010451728216
 30
0.0
 11
22.18488554018336
 21
-9.146010451728216
 31
0.0
  0
SPLINE
  5
514
330
23F
100
AcDbEntity
  8
xian
 62
    18
420
        0
370
     0
100
AcDbSpline
210
0.0
220
0.0
230
1.0
 70
     8
 71
     3
 72
     8
 73
     4
 74
     0
 42
0.00000001
 43
0.0000000001
 40
0.0
 40
0.0
 40
0.0
 40
0.0
 40
0.0000355203249435
 40
0.0000355203249435
 40
0.0000355203249435
 40
0.0000355203249435
 10
22.17426992220794
 20
-9.126883422648461
 30
0.0
 10
22.17787557179622
 20
-9.133239269980549
 30
0.0
 10
22.18141469619809
 20
-9.139615211423006
 30
0.0
 10
22.18488554018336
 20
-9.146010451728216
 30
0.0
  0
SPLINE
  5
515
330
23F
100
AcDbEntity
  8
xian
 62
    18
420
        0
370
     0
100
AcDbSpline
210
0.0
220
0.0
230
1.0
 70
     8
 71
     3
 72
     8
 73
     4
 74
     0
 42
0.00000001
 43
0.0000000001
 40
0.0
 40
0.0
 40
0.0
 40
0.0
 40
0.0000005749635362
 40
0.0000005749635362
 40
0.0000005749635362
 40
0.0000005749635362
 10
-35.04682113709782
 20
5.425664978378335
 30
0.0
 10
-35.04681789599704
 20
5.425553745815705
 30
0.0
 10
-35.04682113711601
 20
5.425442463532817
 30
0.0
 10
-35.04682113711601
 20
5.425331206108239
 30
0.0
  0
LINE
  5
516
330
23F
100
AcDbEntity
  8
xian
 62
    18
420
        0
370
     0
100
AcDbLine
 10
35.39278282272722
 20
5.425664978378335
 30
0.0
 11
-35.04682113709782
 21
5.425664978378335
 31
0.0
  0
SPLINE
  5
517
330
23F
100
AcDbEntity
  8
xian
 62
    18
420
        0
370
     0
100
AcDbSpline
210
0.0
220
0.0
230
1.0
 70
     8
 71
     3
 72
     8
 73
     4
 74
     0
 42
0.00000001
 43
0.0000000001
 40
0.0
 40
0.0
 40
0.0
 40
0.0
 40
0.0000005749635362
 40
0.0000005749635362
 40
0.0000005749635362
 40
0.0000005749635362
 10
35.39278282272722
 20
5.425664978378335
 30
0.0
 10
35.39277958162643
 20
5.425553745815705
 30
0.0
 10
35.39278282274177
 20
5.425442463532817
 30
0.0
 10
35.39278282274177
 20
5.425331206108239
 30
0.0
  0
SPLINE
  5
518
330
23F
100
AcDbEntity
  8
xian
 62
    18
420
        0
370
     0
100
AcDbSpline
210
0.0
220
0.0
230
1.0
 70
     8
 71
     3
 72
     8
 73
     4
 74
     0
 42
0.00000001
 43
0.0000000001
 40
0.0
 40
0.0
 40
0.0
 40
0.0
 40
1.0
 40
1.0
 40
1.0
 40
1.0
 10
-35.04682599987132
 20
5.425664978378335
 30
0.0
 10
-35.04814533330569
 20
5.471006368663438
 30
0.0
 10
-35.04801330090117
 20
5.541052330958336
 30
0.0
 10
-35.0534075013536
 20
5.598354185945936
 30
0.0
  0
LINE
  5
519
330
23F
100
AcDbEntity
  8
xian
 62
    18
420
        0
370
     0
100
AcDbLine
 10
-35.05341528405984
 20
5.598354212255799
 30
0.0
 11
-35.05345706104049
 21
5.598963161046413
 31
0.0
  0
LINE
  5
51A
330
23F
100
AcDbEntity
  8
xian
 62
    18
420
        0
370
     0
100
AcDbLine
 10
-35.05345706104049
 20
5.598963161046413
 30
0.0
 11
35.39941874666988
 21
5.598963161046413
 31
0.0
  0
LINE
  5
51B
330
23F
100
AcDbEntity
  8
xian
 62
    18
420
        0
370
     0
100
AcDbLine
 10
35.39937696968559
 20
5.598354212255799
 30
0.0
 11
35.39941874666988
 21
5.598963161046413
 31
0.0
  0
SPLINE
  5
51C
330
23F
100
AcDbEntity
  8
xian
 62
    18
420
        0
370
     0
100
AcDbSpline
210
0.0
220
0.0
230
1.0
 70
     8
 71
     3
 72
     8
 73
     4
 74
     0
 42
0.00000001
 43
0.0000000001
 40
0.0
 40
0.0
 40
0.0
 40
0.0
 40
1.0
 40
1.0
 40
1.0
 40
1.0
 10
35.39278768549707
 20
5.425664978378335
 30
0.0
 10
35.39410701893144
 20
5.471006368663438
 30
0.0
 10
35.39397498652693
 20
5.541052330958336
 30
0.0
 10
35.399369186983
 20
5.598354185945936
 30
0.0
  0
SPLINE
  5
51D
330
23F
100
AcDbEntity
  8
xian
 62
    18
420
        0
370
     0
100
AcDbSpline
210
0.0
220
0.0
230
1.0
 70
     8
 71
     3
 72
     8
 73
     4
 74
     0
 42
0.00000001
 43
0.0000000001
 40
0.0
 40
0.0
 40
0.0
 40
0.0
 40
1.0
 40
1.0
 40
1.0
 40
1.0
 10
-39.02125997494727
 20
5.576272590798907
 30
0.0
 10
-39.03614385033575
 20
5.52226467060791
 30
0.0
 10
-39.06673079336611
 20
5.47041055820955
 30
0.0
 10
-39.09967534477323
 20
5.436912077830129
 30
0.0
  0
SPLINE
  5
51E
330
23F
100
AcDbEntity
  8
xian
 62
    18
420
        0
370
     0
100
AcDbSpline
210
0.0
220
0.0
230
1.0
 70
     8
 71
     3
 72
     8
 73
     4
 74
     0
 42
0.00000001
 43
0.0000000001
 40
0.0
 40
0.0
 40
0.0
 40
0.0
 40
1.0
 40
1.0
 40
1.0
 40
1.0
 10
-39.02125997494727
 20
5.576272590798907
 30
0.0
 10
-39.01784639551692
 20
5.588659171620747
 30
0.0
 10
-39.0134354577101
 20
5.600134083479133
 30
0.0
 10
-39.00824422269284
 20
5.610896108199085
 30
0.0
  0
SPLINE
  5
51F
330
23F
100
AcDbEntity
  8
xian
 62
    18
420
        0
370
     0
100
AcDbSpline
210
0.0
220
0.0
230
1.0
 70
     8
 71
     3
 72
    11
 73
     7
 74
     0
 42
0.00000001
 43
0.0000000001
 40
0.0
 40
0.0
 40
0.0
 40
0.0
 40
0.0008002548796152
 40
0.0008002548796152
 40
0.0008002548796152
 40
0.0014479168747947
 40
0.0014479168747947
 40
0.0014479168747947
 40
0.0014479168747947
 10
-37.87190452540449
 20
5.608336597575544
 30
0.0
 10
-38.08130615766345
 20
5.608808851588037
 30
0.0
 10
-38.29068008072204
 20
5.609281999541053
 30
0.0
 10
-38.50002429971642
 20
5.609753964910851
 30
0.0
 10
-38.6694507011714
 20
5.610135935785365
 30
0.0
 10
-38.83885770819029
 20
5.610517121043812
 30
0.0
 10
-39.00824422269284
 20
5.610896108199085
 30
0.0
  0
SPLINE
  5
520
330
23F
100
AcDbEntity
  8
xian
 62
    18
420
        0
370
     0
100
AcDbSpline
210
0.0
220
0.0
230
1.0
 70
     8
 71
     3
 72
    14
 73
    10
 74
     0
 42
0.00000001
 43
0.0000000001
 40
0.0015194671449414
 40
0.0015194671449414
 40
0.0015194671449414
 40
0.0015194671449414
 40
0.0016918849702
 40
0.0016918849702
 40
0.0016918849702
 40
0.0024660383140311
 40
0.0024660383140311
 40
0.0024660383140311
 40
0.0051075442280363
 40
0.0051075442280363
 40
0.0051075442280363
 40
0.0051075442280363
 10
-37.87190452540085
 20
5.608336597575544
 30
0.0
 10
-37.8267832771387
 20
5.608170011986658
 30
0.0
 10
-37.78166073056923
 20
5.608003678999011
 30
0.0
 10
-37.73653690546121
 20
5.607837614565141
 30
0.0
 10
-37.53393163478245
 20
5.60709198785662
 30
0.0
 10
-37.33130054381104
 20
5.60635181694306
 30
0.0
 10
-37.12864537768178
 20
5.60561821934425
 30
0.0
 10
-36.43716233873852
 20
5.603115098860143
 30
0.0
 10
-35.74539794074804
 20
5.600693361702724
 30
0.0
 10
-35.05341528405984
 20
5.598354212255799
 30
0.0
  0
SPLINE
  5
521
330
23F
100
AcDbEntity
  8
xian
 62
    18
420
        0
370
     0
100
AcDbSpline
210
0.0
220
0.0
230
1.0
 70
     8
 71
     3
 72
    11
 73
     7
 74
     0
 42
0.00000001
 43
0.0000000001
 40
0.0
 40
0.0
 40
0.0
 40
0.0
 40
0.0008002548796151
 40
0.0008002548796151
 40
0.0008002548796151
 40
0.0014479168747946
 40
0.0014479168747946
 40
0.0014479168747946
 40
0.0014479168747946
 10
38.21786621103024
 20
5.608336597575544
 30
0.0
 10
38.4272678432892
 20
5.608808851588037
 30
0.0
 10
38.63664176635143
 20
5.609281999541053
 30
0.0
 10
38.84598598534217
 20
5.609753964910851
 30
0.0
 10
39.01541238679715
 20
5.610135935785365
 30
0.0
 10
39.18481939381604
 20
5.610517121043812
 30
0.0
 10
39.35420590831859
 20
5.610896108199085
 30
0.0
  0
SPLINE
  5
522
330
23F
100
AcDbEntity
  8
xian
 62
    18
420
        0
370
     0
100
AcDbSpline
210
0.0
220
0.0
230
1.0
 70
     8
 71
     3
 72
     8
 73
     4
 74
     0
 42
0.00000001
 43
0.0000000001
 40
0.0
 40
0.0
 40
0.0
 40
0.0
 40
1.0
 40
1.0
 40
1.0
 40
1.0
 10
39.36722166057666
 20
5.576272590798907
 30
0.0
 10
39.36380808114268
 20
5.588659171620747
 30
0.0
 10
39.35939714333585
 20
5.600134083479133
 30
0.0
 10
39.35420590831859
 20
5.610896108197266
 30
0.0
  0
SPLINE
  5
523
330
23F
100
AcDbEntity
  8
xian
 62
    18
420
        0
370
     0
100
AcDbSpline
210
0.0
220
0.0
230
1.0
 70
     8
 71
     3
 72
     8
 73
     4
 74
     0
 42
0.00000001
 43
0.0000000001
 40
0.0
 40
0.0
 40
0.0
 40
0.0
 40
1.0
 40
1.0
 40
1.0
 40
1.0
 10
39.36722166057666
 20
5.576272590798907
 30
0.0
 10
39.38210553596514
 20
5.52226467060791
 30
0.0
 10
39.41269247899186
 20
5.470410558213188
 30
0.0
 10
39.44563703040262
 20
5.436912077830129
 30
0.0
  0
SPLINE
  5
524
330
23F
100
AcDbEntity
  8
xian
 62
    18
420
        0
370
     0
100
AcDbSpline
210
0.0
220
0.0
230
1.0
 70
     8
 71
     3
 72
    14
 73
    10
 74
     0
 42
0.00000001
 43
0.0000000001
 40
0.0015194671449414
 40
0.0015194671449414
 40
0.0015194671449414
 40
0.0015194671449414
 40
0.0016918849702002
 40
0.0016918849702002
 40
0.0016918849702002
 40
0.0024660383140333
 40
0.0024660383140333
 40
0.0024660383140333
 40
0.0051075442280364
 40
0.0051075442280364
 40
0.0051075442280364
 40
0.0051075442280364
 10
38.21786621103024
 20
5.608336597575544
 30
0.0
 10
38.17274496276809
 20
5.608170011986658
 30
0.0
 10
38.12762241619498
 20
5.608003678999011
 30
0.0
 10
38.0824985910906
 20
5.607837614565141
 30
0.0
 10
37.8798933204082
 20
5.60709198785662
 30
0.0
 10
37.67726222944043
 20
5.60635181694306
 30
0.0
 10
37.47460706330753
 20
5.60561821934425
 30
0.0
 10
36.78312402436791
 20
5.603115098860143
 30
0.0
 10
36.09135962637379
 20
5.600693361702724
 30
0.0
 10
35.39937696968559
 20
5.598354212255799
 30
0.0
  0
LINE
  5
525
330
23F
100
AcDbEntity
  8
xian
 62
    18
420
        0
370
     0
100
AcDbLine
 10
-35.0538917836318
 20
5.605299311324415
 30
0.0
 11
-35.05395015110185
 21
5.605999958212123
 31
0.0
  0
SPLINE
  5
526
330
23F
100
AcDbEntity
  8
xian
 62
    18
420
        0
370
     0
100
AcDbSpline
210
0.0
220
0.0
230
1.0
 70
     8
 71
     3
 72
     8
 73
     4
 74
     0
 42
0.00000001
 43
0.0000000001
 40
0.0
 40
0.0
 40
0.0
 40
0.0
 40
1.0
 40
1.0
 40
1.0
 40
1.0
 10
-35.05395015110185
 20
5.605999958212123
 30
0.0
 10
-35.05956071311516
 20
5.66327073287357
 30
0.0
 10
-35.0596416704982
 20
5.733275991064147
 30
0.0
 10
-35.06071979312469
 20
5.778597493992492
 30
0.0
  0
LINE
  5
527
330
23F
100
AcDbEntity
  8
xian
 62
    18
420
        0
370
     0
100
AcDbLine
 10
-35.06072252091758
 20
5.778597493992492
 30
0.0
 11
35.40668420654333
 21
5.778597493992492
 31
0.0
  0
SPLINE
  5
528
330
23F
100
AcDbEntity
  8
xian
 62
    18
420
        0
370
     0
100
AcDbSpline
210
0.0
220
0.0
230
1.0
 70
     8
 71
     3
 72
     8
 73
     4
 74
     0
 42
0.00000001
 43
0.0000000001
 40
0.0
 40
0.0
 40
0.0
 40
0.0
 40
1.0
 40
1.0
 40
1.0
 40
1.0
 10
35.39991183673123
 20
5.605999958212123
 30
0.0
 10
35.40552239874092
 20
5.66327073287357
 30
0.0
 10
35.40560335612395
 20
5.733275991064147
 30
0.0
 10
35.40668147875044
 20
5.778597493992492
 30
0.0
  0
LINE
  5
529
330
23F
100
AcDbEntity
  8
xian
 62
    18
420
        0
370
     0
100
AcDbLine
 10
35.39985346926119
 20
5.605299311324415
 30
0.0
 11
35.39991183673123
 21
5.605999958212123
 31
0.0
  0
LINE
  5
52A
330
23F
100
AcDbEntity
  8
xian
 62
    18
420
        0
370
     0
100
AcDbLine
 10
35.39985346926119
 20
5.605299311324415
 30
0.0
 11
-35.0538917836318
 21
5.605299311324415
 31
0.0
  0
SPLINE
  5
52B
330
23F
100
AcDbEntity
  8
xian
 62
    18
420
        0
370
     0
100
AcDbSpline
210
0.0
220
0.0
230
1.0
 70
     8
 71
     3
 72
    14
 73
    10
 74
     0
 42
0.00000001
 43
0.0000000001
 40
0.001342210098584
 40
0.001342210098584
 40
0.001342210098584
 40
0.001342210098584
 40
0.0024310969407841
 40
0.0024310969407841
 40
0.0024310969407841
 40
0.0032056645395655
 40
0.0032056645395655
 40
0.0032056645395655
 40
0.00491458885223
 40
0.00491458885223
 40
0.00491458885223
 40
0.00491458885223
 10
-37.86484934440591
 20
5.783248314648517
 30
0.0
 10
-37.58010847330365
 20
5.782812056981128
 30
0.0
 10
-37.2953120528698
 20
5.782369027512686
 30
0.0
 10
-37.01046511112577
 20
5.781923317379551
 30
0.0
 10
-36.80784230164568
 20
5.781606266267772
 30
0.0
 10
-36.60519382057533
 20
5.781287812958908
 30
0.0
 10
-36.40252138880965
 20
5.780968802971983
 30
0.0
 10
-35.95536657263142
 20
5.780264973394878
 30
0.0
 10
-35.50809473200639
 20
5.77955915264647
 30
0.0
 10
-35.06072312832908
 20
5.77885213708032
 30
0.0
  0
LINE
  5
52C
330
23F
100
AcDbEntity
  8
xian
 62
    18
420
        0
370
     0
100
AcDbLine
 10
-35.06072312832908
 20
5.77885213708032
 30
0.0
 11
-35.06072252091758
 21
5.778597493992492
 31
0.0
  0
SPLINE
  5
52D
330
23F
100
AcDbEntity
  8
xian
 62
    18
420
        0
370
     0
100
AcDbSpline
210
0.0
220
0.0
230
1.0
 70
     8
 71
     3
 72
    17
 73
    13
 74
     0
 42
0.00000001
 43
0.0000000001
 40
0.0000000131004295
 40
0.0000000131004295
 40
0.0000000131004295
 40
0.0000000131004295
 40
0.0003865062198198
 40
0.0003865062198198
 40
0.0003865062198198
 40
0.0017246378138563
 40
0.0017246378138563
 40
0.0017246378138563
 40
0.0024992456210417
 40
0.0024992456210417
 40
0.0024992456210417
 40
0.0035881943025902
 40
0.0035881943025902
 40
0.0035881943025902
 40
0.0035881943025902
 10
-35.05395015110185
 20
5.605999958212123
 30
0.0
 10
-35.15517587944192
 20
5.606083267794019
 30
0.0
 10
-35.25639688835941
 20
5.606166621240845
 30
0.0
 10
-35.35761299512956
 20
5.60625007625822
 30
0.0
 10
-35.70804722530443
 20
5.606539017377144
 30
0.0
 10
-36.05842292020384
 20
5.606829484404443
 30
0.0
 10
-36.40873212017027
 20
5.607121329687288
 30
0.0
 10
-36.61151659784514
 20
5.607290270992962
 30
0.0
 10
-36.81427886854067
 20
5.607459600529182
 30
0.0
 10
-37.0170172954065
 20
5.607628645973818
 30
0.0
 10
-37.30202823295326
 20
5.60786629110953
 30
0.0
 10
-37.58699223771032
 20
5.608103462627695
 30
0.0
 10
-37.87190452540449
 20
5.608336597575544
 30
0.0
  0
ARC
  5
52E
330
23F
100
AcDbEntity
  8
xian
 62
    18
420
        0
370
     0
100
AcDbCircle
 10
-37.17568341361107
 20
5.667852200029301
 30
0.0
 40
0.6987602904014142
100
AcDbArc
 50
170.4943964197489
 51
184.8859807068959
  0
SPLINE
  5
52F
330
23F
100
AcDbEntity
  8
xian
 62
    18
420
        0
370
     0
100
AcDbSpline
210
0.0
220
0.0
230
1.0
 70
     8
 71
     3
 72
    17
 73
    13
 74
     0
 42
0.00000001
 43
0.0000000001
 40
0.0000000131004294
 40
0.0000000131004294
 40
0.0000000131004294
 40
0.0000000131004294
 40
0.00038650621982
 40
0.00038650621982
 40
0.00038650621982
 40
0.0017246378138584
 40
0.0017246378138584
 40
0.0017246378138584
 40
0.0024992456210418
 40
0.0024992456210418
 40
0.0024992456210418
 40
0.0035881943025903
 40
0.0035881943025903
 40
0.0035881943025903
 40
0.0035881943025903
 10
35.39991183673123
 20
5.605999958212123
 30
0.0
 10
35.50113756506767
 20
5.606083267794019
 30
0.0
 10
35.60235857398516
 20
5.606166621240845
 30
0.0
 10
35.70357468075895
 20
5.60625007625822
 30
0.0
 10
36.05400891093382
 20
5.606539017377144
 30
0.0
 10
36.40438460582959
 20
5.606829484404443
 30
0.0
 10
36.75469380579966
 20
5.607121329687288
 30
0.0
 10
36.95747828347089
 20
5.607290270992962
 30
0.0
 10
37.16024055417006
 20
5.607459600529182
 30
0.0
 10
37.36297898103226
 20
5.607628645973818
 30
0.0
 10
37.64798991857901
 20
5.60786629110953
 30
0.0
 10
37.93295392333607
 20
5.608103462627695
 30
0.0
 10
38.21786621103024
 20
5.608336597575544
 30
0.0
  0
LINE
  5
530
330
23F
100
AcDbEntity
  8
xian
 62
    18
420
        0
370
     0
100
AcDbLine
 10
35.40668481395846
 20
5.77885213708032
 30
0.0
 11
35.40668420654333
 21
5.778597493992492
 31
0.0
  0
SPLINE
  5
531
330
23F
100
AcDbEntity
  8
xian
 62
    18
420
        0
370
     0
100
AcDbSpline
210
0.0
220
0.0
230
1.0
 70
     8
 71
     3
 72
    14
 73
    10
 74
     0
 42
0.00000001
 43
0.0000000001
 40
0.001342210098586
 40
0.001342210098586
 40
0.001342210098586
 40
0.001342210098586
 40
0.0024310969407859
 40
0.0024310969407859
 40
0.0024310969407859
 40
0.0032056645395673
 40
0.0032056645395673
 40
0.0032056645395673
 40
0.0049145888522298
 40
0.0049145888522298
 40
0.0049145888522298
 40
0.0049145888522298
 10
38.2108110300353
 20
5.783248314648517
 30
0.0
 10
37.92607015893305
 20
5.782812056981128
 30
0.0
 10
37.6412737384992
 20
5.782369027512686
 30
0.0
 10
37.35642679675516
 20
5.781923317379551
 30
0.0
 10
37.15380398727507
 20
5.781606266267772
 30
0.0
 10
36.95115550620108
 20
5.781287812958908
 30
0.0
 10
36.74848307443904
 20
5.780968802971983
 30
0.0
 10
36.30132825825717
 20
5.780264973394878
 30
0.0
 10
35.85405641763578
 20
5.77955915264647
 30
0.0
 10
35.40668481395846
 20
5.77885213708032
 30
0.0
  0
ARC
  5
532
330
23F
100
AcDbEntity
  8
xian
 62
    18
420
        0
370
     0
100
AcDbCircle
 10
37.52164509925865
 20
5.667852200029301
 30
0.0
 40
0.6987602903805588
100
AcDbArc
 50
355.1140192929472
 51
9.505603580568015
  0
LINE
  5
533
330
23F
100
AcDbEntity
  8
xian
 62
    18
420
        0
370
     0
100
AcDbLine
 10
35.39985346926119
 20
5.605299311324415
 30
0.0
 11
35.39941874666988
 21
5.598963161046413
 31
0.0
  0
LINE
  5
534
330
23F
100
AcDbEntity
  8
xian
 62
    18
420
        0
370
     0
100
AcDbLine
 10
-35.0538917836318
 20
5.605299311324415
 30
0.0
 11
-35.05345706104049
 21
5.598963161046413
 31
0.0
  0
LINE
  5
535
330
23F
100
AcDbEntity
  8
xian
 62
    18
420
        0
370
     0
100
AcDbLine
 10
-35.06076117662883
 20
5.794804903354815
 30
0.0
 11
-35.06072312832908
 21
5.77885213708032
 31
0.0
  0
LWPOLYLINE
  5
536
330
23F
100
AcDbEntity
  8
xian
 62
    18
420
        0
370
     0
100
AcDbPolyline
 90
        4
 70
   128
 43
0.0
 10
-35.06800801150234
 20
8.9091455103935
 10
-35.06660669116241
 20
8.29439525421003
 10
-35.06408786890529
 20
7.205030011176859
 10
-35.06076117662883
 20
5.794804903352996
  0
LINE
  5
537
330
23F
100
AcDbEntity
  8
xian
 62
    18
420
        0
370
     0
100
AcDbLine
 10
-8.053710643340991
 20
8.9091455103935
 30
0.0
 11
-35.06800801150234
 21
8.9091455103935
 31
0.0
  0
SPLINE
  5
538
330
23F
100
AcDbEntity
  8
xian
 62
    18
420
        0
370
     0
100
AcDbSpline
210
0.0
220
0.0
230
1.0
 70
     8
 71
     3
 72
    14
 73
    10
 74
     0
 42
0.00000001
 43
0.0000000001
 40
0.0
 40
0.0
 40
0.0
 40
0.0
 40
0.0000048497031744
 40
0.0000048497031744
 40
0.0000048497031744
 40
0.0000150914641308
 40
0.0000150914641308
 40
0.0000150914641308
 40
0.0000222636974971
 40
0.0000222636974971
 40
0.0000222636974971
 40
0.0000222636974971
 10
-8.048215005514748
 20
8.896851892131962
 30
0.0
 10
-8.048609923557478
 20
8.897745501621102
 30
0.0
 10
-8.0490048462932
 20
8.898639110018848
 30
0.0
 10
-8.049399773725554
 20
8.899532717323381
 30
0.0
 10
-8.050233791688469
 20
8.901419860334499
 30
0.0
 10
-8.051074359151925
 20
8.903305485788223
 30
0.0
 10
-8.051921443214041
 20
8.905189561910447
 30
0.0
 10
-8.052514651197952
 20
8.906508969337664
 30
0.0
 10
-8.053111055957515
 20
8.907827622209879
 30
0.0
 10
-8.053710643340991
 20
8.9091455103935
 30
0.0
  0
LINE
  5
539
330
23F
100
AcDbEntity
  8
xian
 62
    18
420
        0
370
     0
100
AcDbLine
 10
-6.685733538019803
 20
6.219879434771428
 30
0.0
 11
-8.048134745299421
 21
8.896870568802114
 31
0.0
  0
LINE
  5
53A
330
23F
100
AcDbEntity
  8
xian
 62
    18
420
        0
370
     0
100
AcDbLine
 10
7.031695223645556
 20
6.219879434771428
 30
0.0
 11
-6.685733538019803
 21
6.219879434771428
 31
0.0
  0
LINE
  5
53B
330
23F
100
AcDbEntity
  8
xian
 62
    18
420
        0
370
     0
100
AcDbLine
 10
7.031695223645556
 20
6.219879434771428
 30
0.0
 11
8.394096430925173
 21
8.896870568802114
 31
0.0
  0
SPLINE
  5
53C
330
23F
100
AcDbEntity
  8
xian
 62
    18
420
        0
370
     0
100
AcDbSpline
210
0.0
220
0.0
230
1.0
 70
     8
 71
     3
 72
    14
 73
    10
 74
     0
 42
0.00000001
 43
0.0000000001
 40
0.0
 40
0.0
 40
0.0
 40
0.0
 40
0.0000048497031738
 40
0.0000048497031738
 40
0.0000048497031738
 40
0.0000150914641302
 40
0.0000150914641302
 40
0.0000150914641302
 40
0.0000222636974971
 40
0.0000222636974971
 40
0.0000222636974971
 40
0.0000222636974971
 10
8.394176691140501
 20
8.896851892131962
 30
0.0
 10
8.394571609186868
 20
8.897745501621102
 30
0.0
 10
8.394966531918953
 20
8.898639110018848
 30
0.0
 10
8.395361459351306
 20
8.899532717323381
 30
0.0
 10
8.396195477314222
 20
8.901419860336318
 30
0.0
 10
8.397036044781316
 20
8.903305485788223
 30
0.0
 10
8.397883128839794
 20
8.905189561910447
 30
0.0
 10
8.398476336823705
 20
8.906508969337664
 30
0.0
 10
8.399072741586905
 20
8.907827622209879
 30
0.0
 10
8.399672328966744
 20
8.9091455103935
 30
0.0
  0
LINE
  5
53D
330
23F
100
AcDbEntity
  8
xian
 62
    18
420
        0
370
     0
100
AcDbLine
 10
8.399672328966744
 20
8.9091455103935
 30
0.0
 11
35.41396969713173
 21
8.9091455103935
 31
0.0
  0
LWPOLYLINE
  5
53E
330
23F
100
AcDbEntity
  8
xian
 62
    18
420
        0
370
     0
100
AcDbPolyline
 90
        4
 70
   128
 43
0.0
 10
35.41396969713173
 20
8.9091455103935
 10
35.41256837678816
 20
8.29439525421003
 10
35.41004955453468
 20
7.205030011176859
 10
35.40672286225458
 20
5.794804903352996
  0
LINE
  5
53F
330
23F
100
AcDbEntity
  8
xian
 62
    18
420
        0
370
     0
100
AcDbLine
 10
35.40672286225458
 20
5.794804903354815
 30
0.0
 11
35.40668481395846
 21
5.77885213708032
 31
0.0
  0
SPLINE
  5
540
330
23F
100
AcDbEntity
  8
xian
 62
    18
420
        0
370
     0
100
AcDbSpline
210
0.0
220
0.0
230
1.0
 70
     8
 71
     3
 72
    11
 73
     7
 74
     0
 42
0.00000001
 43
0.0000000001
 40
0.0000000000000017
 40
0.0000000000000017
 40
0.0000000000000017
 40
0.0000000000000017
 40
0.0005419873795855
 40
0.0005419873795855
 40
0.0005419873795855
 40
0.0013421944241257
 40
0.0013421944241257
 40
0.0013421944241257
 40
0.0013421944241257
 10
39.26349216027961
 20
5.784806267494786
 30
0.0
 10
39.12183501742698
 20
5.784605671207827
 30
0.0
 10
38.98016274005863
 20
5.784400664602799
 30
0.0
 10
38.83847599072692
 20
5.784192165892818
 30
0.0
 10
38.62928529100031
 20
5.783884331949593
 30
0.0
 10
38.42006295051329
 20
5.783568914055649
 30
0.0
 10
38.2108110300353
 20
5.783248314648517
 30
0.0
  0
SPLINE
  5
541
330
23F
100
AcDbEntity
  8
xian
 62
    18
420
        0
370
     0
100
AcDbSpline
210
0.0
220
0.0
230
1.0
 70
     8
 71
     3
 72
     8
 73
     4
 74
     0
 42
0.00000001
 43
0.0000000001
 40
0.0
 40
0.0
 40
0.0
 40
0.0
 40
0.0000160047205763
 40
0.0000160047205763
 40
0.0000160047205763
 40
0.0000160047205763
 10
35.41396969713173
 20
8.9091455103935
 30
0.0
 10
35.41397671969321
 20
8.912242474720187
 30
0.0
 10
35.41405462078478
 20
8.915329346178623
 30
0.0
 10
35.41420299030438
 20
8.918403491616118
 30
0.0
  0
SPLINE
  5
542
330
23F
100
AcDbEntity
  8
xian
 62
    18
420
        0
370
     0
100
AcDbSpline
210
0.0
220
0.0
230
1.0
 70
     8
 71
     3
 72
    14
 73
    10
 74
     0
 42
0.00000001
 43
0.0000000001
 40
0.0
 40
0.0
 40
0.0
 40
0.0
 40
0.0037531369475602
 40
0.0037531369475602
 40
0.0037531369475602
 40
0.0041565744444621
 40
0.0041565744444621
 40
0.0041565744444621
 40
0.0071811684931616
 40
0.0071811684931616
 40
0.0071811684931616
 40
0.0071811684931616
 10
35.41420299030438
 20
8.918403491616118
 30
0.0
 10
36.39277707174483
 20
8.771970079604216
 30
0.0
 10
37.37154206896525
 20
8.626018878718241
 30
0.0
 10
38.35054788766433
 20
8.480394230804449
 30
0.0
 10
38.45578463658899
 20
8.46474052965641
 30
0.0
 10
38.56102420721732
 20
8.449090496245844
 30
0.0
 10
38.66626668536196
 20
8.433443856378289
 30
0.0
 10
39.45527483000046
 20
8.316140211398305
 30
0.0
 10
40.24444521021291
 20
8.199033059499925
 30
0.0
 10
41.03382641539361
 20
8.081968719088763
 30
0.0
  0
SPLINE
  5
543
330
23F
100
AcDbEntity
  8
xian
 62
    18
420
        0
370
     0
100
AcDbSpline
210
0.0
220
0.0
230
1.0
 70
     8
 71
     3
 72
     8
 73
     4
 74
     0
 42
0.00000001
 43
0.0000000001
 40
0.0
 40
0.0
 40
0.0
 40
0.0
 40
1.0
 40
1.0
 40
1.0
 40
1.0
 10
41.03382641539361
 20
8.081968719088763
 30
0.0
 10
40.46379564220046
 20
7.341903789641946
 30
0.0
 10
39.87356881045275
 20
6.576086832064902
 30
0.0
 10
39.26349216027598
 20
5.784806267503881
 30
0.0
  0
SPLINE
  5
544
330
23F
100
AcDbEntity
  8
xian
 62
    18
420
        0
370
     0
100
AcDbSpline
210
0.0
220
0.0
230
1.0
 70
     8
 71
     3
 72
    14
 73
    10
 74
     0
 42
0.00000001
 43
0.0000000001
 40
0.0
 40
0.0
 40
0.0
 40
0.0
 40
0.003753136947562
 40
0.003753136947562
 40
0.003753136947562
 40
0.0041565744444623
 40
0.0041565744444623
 40
0.0041565744444623
 40
0.0071811684931637
 40
0.0071811684931637
 40
0.0071811684931637
 40
0.0071811684931637
 10
-35.06824130467862
 20
8.918403491616118
 30
0.0
 10
-36.04681538611544
 20
8.771970079604216
 30
0.0
 10
-37.0255803833395
 20
8.626018878718241
 30
0.0
 10
-38.00458620203858
 20
8.480394230804449
 30
0.0
 10
-38.10982295096323
 20
8.46474052965641
 30
0.0
 10
-38.21506252158793
 20
8.449090496245844
 30
0.0
 10
-38.32030499973257
 20
8.433443856378289
 30
0.0
 10
-39.10931314437107
 20
8.316140211398305
 30
0.0
 10
-39.89848352458717
 20
8.199033059499925
 30
0.0
 10
-40.68786472976421
 20
8.081968719088763
 30
0.0
  0
SPLINE
  5
545
330
23F
100
AcDbEntity
  8
xian
 62
    18
420
        0
370
     0
100
AcDbSpline
210
0.0
220
0.0
230
1.0
 70
     8
 71
     3
 72
     8
 73
     4
 74
     0
 42
0.00000001
 43
0.0000000001
 40
0.0
 40
0.0
 40
0.0
 40
0.0
 40
0.0000160047205763
 40
0.0000160047205763
 40
0.0000160047205763
 40
0.0000160047205763
 10
-35.06800801150234
 20
8.9091455103935
 30
0.0
 10
-35.06801503406746
 20
8.912242474720187
 30
0.0
 10
-35.06809293515539
 20
8.915329346178623
 30
0.0
 10
-35.06824130467862
 20
8.918403491616118
 30
0.0
  0
SPLINE
  5
546
330
23F
100
AcDbEntity
  8
xian
 62
    18
420
        0
370
     0
100
AcDbSpline
210
0.0
220
0.0
230
1.0
 70
     8
 71
     3
 72
    11
 73
     7
 74
     0
 42
0.00000001
 43
0.0000000001
 40
0.0000000000000002
 40
0.0000000000000002
 40
0.0000000000000002
 40
0.0000000000000002
 40
0.0005419873795835
 40
0.0005419873795835
 40
0.0005419873795835
 40
0.0013421944241236
 40
0.0013421944241236
 40
0.0013421944241236
 40
0.0013421944241236
 10
-38.91753047465022
 20
5.784806267494786
 30
0.0
 10
-38.77587333180122
 20
5.784605671209646
 30
0.0
 10
-38.63420105443288
 20
5.784400664602799
 30
0.0
 10
-38.49251430509753
 20
5.784192165892818
 30
0.0
 10
-38.28332360537456
 20
5.783884331949593
 30
0.0
 10
-38.07410126488753
 20
5.783568914055649
 30
0.0
 10
-37.86484934440591
 20
5.783248314648517
 30
0.0
  0
SPLINE
  5
547
330
23F
100
AcDbEntity
  8
xian
 62
    18
420
        0
370
     0
100
AcDbSpline
210
0.0
220
0.0
230
1.0
 70
     8
 71
     3
 72
     8
 73
     4
 74
     0
 42
0.00000001
 43
0.0000000001
 40
0.0
 40
0.0
 40
0.0
 40
0.0
 40
1.0
 40
1.0
 40
1.0
 40
1.0
 10
-40.68786472976421
 20
8.081968719088763
 30
0.0
 10
-40.11783395657471
 20
7.341903789641946
 30
0.0
 10
-39.527607124827
 20
6.576086832064902
 30
0.0
 10
-38.91753047465022
 20
5.784806267503881
 30
0.0
  0
ELLIPSE
  5
548
330
23F
100
AcDbEntity
  8
xian
 62
    18
420
        0
370
     0
100
AcDbEllipse
 10
-6.842254410222039
 20
6.417336049120422
 30
0.0
 11
0.2142215491394381
 21
-0.1468534136216704
 31
0.0
210
0.0
220
0.0
230
1.0
 40
0.4417222168753364
 41
6.097888717358382
 42
6.303199591874167
  0
ELLIPSE
  5
549
330
23F
100
AcDbEntity
  8
xian
 62
    18
420
        0
370
     0
100
AcDbEllipse
 10
-6.685733538019803
 20
6.109787153145589
 30
0.0
 11
0.0957202294987383
 21
0.1561183632340999
 31
0.0
210
0.0
220
0.0
230
1.0
 40
0.3659557518292001
 41
0.6455790771781068
 42
1.032682402835905
  0
SPLINE
  5
54A
330
23F
100
AcDbEntity
  8
xian
 62
    18
420
        0
370
     0
100
AcDbSpline
210
0.0
220
0.0
230
1.0
 70
     8
 71
     3
 72
     8
 73
     4
 74
     0
 42
0.00000001
 43
0.0000000001
 40
0.0
 40
0.0
 40
0.0
 40
0.0
 40
1.0
 40
1.0
 40
1.0
 40
1.0
 10
-8.048215354102239
 20
8.896852680905794
 30
0.0
 10
-8.018518181187346
 20
8.904748878863756
 30
0.0
 10
-7.988840040660534
 20
8.905961409440351
 30
0.0
 10
-7.964274053182407
 20
8.900556188560585
 30
0.0
  0
LINE
  5
54B
330
23F
100
AcDbEntity
  8
xian
 62
    18
420
        0
370
     0
100
AcDbLine
 10
-7.964328494953178
 20
8.900568476576154
 30
0.0
 11
-6.626777556921979
 21
6.27240580079524
 31
0.0
  0
ELLIPSE
  5
54C
330
23F
100
AcDbEntity
  8
xian
 62
    18
420
        0
370
     0
100
AcDbEllipse
 10
7.031695223645556
 20
6.109787153145589
 30
0.0
 11
-0.0957202294985109
 21
0.1561183632340999
 31
0.0
210
0.0
220
0.0
230
1.0
 40
0.3659557518283792
 41
5.250502904343752
 42
5.637606229999713
  0
ELLIPSE
  5
54D
330
23F
100
AcDbEntity
  8
xian
 62
    18
420
        0
370
     0
100
AcDbEllipse
 10
7.188216095847792
 20
6.417336049120422
 30
0.0
 11
0.2142215491396656
 21
0.1468534136217841
 31
0.0
210
0.0
220
0.0
230
1.0
 40
0.4417222168744132
 41
3.121578368902107
 42
3.326889243411732
  0
LINE
  5
54E
330
23F
100
AcDbEntity
  8
xian
 62
    18
420
        0
370
     0
100
AcDbLine
 10
8.310290180578931
 20
8.900568476576154
 30
0.0
 11
6.972739242551369
 21
6.27240580079524
 31
0.0
  0
SPLINE
  5
54F
330
23F
100
AcDbEntity
  8
xian
 62
    18
420
        0
370
     0
100
AcDbSpline
210
0.0
220
0.0
230
1.0
 70
     8
 71
     3
 72
     8
 73
     4
 74
     0
 42
0.00000001
 43
0.0000000001
 40
0.0
 40
0.0
 40
0.0
 40
0.0
 40
1.0
 40
1.0
 40
1.0
 40
1.0
 10
8.310235746822627
 20
8.900556177683029
 30
0.0
 10
8.334857321354547
 20
8.906125937561228
 30
0.0
 10
8.364489415499747
 20
8.9048184941621
 30
0.0
 10
8.394177062945573
 20
8.896852659445357
 30
0.0
  0
LINE
  5
550
330
23F
100
AcDbEntity
  8
xian
 62
    18
420
        0
370
     0
100
AcDbLine
 10
-6.643651211023779
 20
6.255562736461797
 30
0.0
 11
6.989612896649532
 21
6.255562736461797
 31
0.0
  0
LINE
  5
551
330
23F
100
AcDbEntity
  8
xian
 62
    18
420
        0
370
     0
100
AcDbLine
 10
-6.626777556921979
 20
6.27240580079524
 30
0.0
 11
-6.547522244480887
 21
6.400048207868167
 31
0.0
  0
ELLIPSE
  5
552
330
23F
100
AcDbEntity
  8
xian
 62
    18
420
        0
370
     0
100
AcDbEllipse
 10
-6.76299909777731
 20
6.544978456193348
 30
0.0
 11
0.2142215491396656
 21
-0.1468534136217841
 31
0.0
210
0.0
220
0.0
230
1.0
 40
0.4417222168744132
 41
0.020014284696533
 42
0.1795987972491475
  0
LINE
  5
553
330
23F
100
AcDbEntity
  8
xian
 62
    18
420
        0
370
     0
100
AcDbLine
 10
6.886597134568773
 20
6.417390689801322
 30
0.0
 11
-6.540635448943021
 21
6.417390689801322
 31
0.0
  0
ELLIPSE
  5
554
330
23F
100
AcDbEntity
  8
xian
 62
    18
420
        0
370
     0
100
AcDbEllipse
 10
7.108960783406701
 20
6.544978456193348
 30
0.0
 11
0.2142215491396656
 21
0.1468534136216704
 31
0.0
210
0.0
220
0.0
230
1.0
 40
0.4417222168745225
 41
2.961993856342459
 42
3.121578368904035
  0
LINE
  5
555
330
23F
100
AcDbEntity
  8
xian
 62
    18
420
        0
370
     0
100
AcDbLine
 10
6.972739242551369
 20
6.27240580079524
 30
0.0
 11
6.893483930110278
 21
6.400048207868167
 31
0.0
  0
SPLINE
  5
556
330
23F
100
AcDbEntity
  8
xian
 62
    18
420
        0
370
     0
100
AcDbSpline
210
0.0
220
0.0
230
1.0
 70
     8
 71
     3
 72
     8
 73
     4
 74
     0
 42
0.00000001
 43
0.0000000001
 40
0.0
 40
0.0
 40
0.0
 40
0.0
 40
1.0
 40
1.0
 40
1.0
 40
1.0
 10
39.3410728229203
 20
5.645891534539259
 30
0.0
 10
39.32634780667581
 20
5.699600699472284
 30
0.0
 10
39.29615730882438
 20
5.751204552248964
 30
0.0
 10
39.26349216027961
 20
5.784806267500243
 30
0.0
  0
SPLINE
  5
557
330
23F
100
AcDbEntity
  8
xian
 62
    18
420
        0
370
     0
100
AcDbSpline
210
0.0
220
0.0
230
1.0
 70
     8
 71
     3
 72
     8
 73
     4
 74
     0
 42
0.00000001
 43
0.0000000001
 40
0.0
 40
0.0
 40
0.0
 40
0.0
 40
0.0000489607478604
 40
0.0000489607478604
 40
0.0000489607478604
 40
0.0000489607478604
 10
39.35420590831859
 20
5.610896108199085
 30
0.0
 10
39.34900402937569
 20
5.621680198999456
 30
0.0
 10
39.34446578676148
 20
5.63351577539106
 30
0.0
 10
39.3410728229203
 20
5.645891534539259
 30
0.0
  0
SPLINE
  5
558
330
23F
100
AcDbEntity
  8
xian
 62
    18
420
        0
370
     0
100
AcDbSpline
210
0.0
220
0.0
230
1.0
 70
     8
 71
     3
 72
     8
 73
     4
 74
     0
 42
0.00000001
 43
0.0000000001
 40
0.0
 40
0.0
 40
0.0
 40
0.0
 40
1.0
 40
1.0
 40
1.0
 40
1.0
 10
-38.99511113729455
 20
5.645891534539259
 30
0.0
 10
-38.98038612105006
 20
5.699600699472284
 30
0.0
 10
-38.95019562319863
 20
5.751204552247145
 30
0.0
 10
-38.91753047465386
 20
5.784806267500243
 30
0.0
  0
SPLINE
  5
559
330
23F
100
AcDbEntity
  8
xian
 62
    18
420
        0
370
     0
100
AcDbSpline
210
0.0
220
0.0
230
1.0
 70
     8
 71
     3
 72
     8
 73
     4
 74
     0
 42
0.00000001
 43
0.0000000001
 40
0.0
 40
0.0
 40
0.0
 40
0.0
 40
0.0000489607478604
 40
0.0000489607478604
 40
0.0000489607478604
 40
0.0000489607478604
 10
-39.00824422269284
 20
5.610896108199085
 30
0.0
 10
-39.00304234374994
 20
5.621680198999456
 30
0.0
 10
-38.99850410113572
 20
5.63351577539106
 30
0.0
 10
-38.99511113729455
 20
5.645891534539259
 30
0.0
  0
LINE
  5
55A
330
23F
100
AcDbEntity
  8
xian
 62
    18
420
        0
370
     0
100
AcDbLine
 10
-7.801398414606182
 20
8.863793636161062
 30
0.0
 11
-7.964301274067793
 21
8.900562332566551
 31
0.0
  0
LINE
  5
55B
330
23F
100
AcDbEntity
  8
xian
 62
    18
420
        0
370
     0
100
AcDbLine
 10
-6.547522244480887
 20
6.400048207868167
 30
0.0
 11
-7.801396032377624
 21
8.863793098469614
 31
0.0
  0
LINE
  5
55C
330
23F
100
AcDbEntity
  8
xian
 62
    18
420
        0
370
     0
100
AcDbLine
 10
6.893483930110278
 20
6.400048207868167
 30
0.0
 11
8.147357718007015
 21
8.863793098469614
 31
0.0
  0
LINE
  5
55D
330
23F
100
AcDbEntity
  8
xian
 62
    18
420
        0
370
     0
100
AcDbLine
 10
8.147360100231935
 20
8.863793636161062
 30
0.0
 11
8.310262959693545
 21
8.900562332566551
 31
0.0
  0
SPLINE
  5
55E
330
23F
100
AcDbEntity
  8
xian
 62
    18
420
        0
370
     0
100
AcDbSpline
210
0.0
220
0.0
230
1.0
 70
     8
 71
     3
 72
     8
 73
     4
 74
     0
 42
0.00000001
 43
0.0000000001
 40
0.0
 40
0.0
 40
0.0
 40
0.0
 40
1.0
 40
1.0
 40
1.0
 40
1.0
 10
-43.76231158847509
 20
-5.852579095484543
 30
0.0
 10
-43.79664531388039
 20
-5.886628684967945
 30
0.0
 10
-43.84474696575193
 20
-5.907752789074947
 30
0.0
 10
-43.89083866597935
 20
-5.91207481929814
 30
0.0
  0
SPLINE
  5
55F
330
23F
100
AcDbEntity
  8
xian
 62
    18
420
        0
370
     0
100
AcDbSpline
210
0.0
220
0.0
230
1.0
 70
     8
 71
     3
 72
    14
 73
    10
 74
     0
 42
0.00000001
 43
0.0000000001
 40
0.0
 40
0.0
 40
0.0
 40
0.0
 40
0.1249999999999956
 40
0.1249999999999956
 40
0.2499999999999911
 40
0.2499999999999911
 40
0.4999999999999823
 40
0.4999999999999823
 40
1.0
 40
1.0
 40
1.0
 40
1.0
 10
-43.8916350215593
 20
-5.91198278646334
 30
0.0
 10
-43.88970163472618
 20
-5.880426804424132
 30
0.0
 10
-43.8855766544591
 20
-5.847182831132158
 30
0.0
 10
-43.87948779702924
 20
-5.777043084704928
 30
0.0
 10
-43.87671995458435
 20
-5.740378739608786
 30
0.0
 10
-43.86901645679677
 20
-5.625719162375389
 30
0.0
 10
-43.86466061061287
 20
-5.543094725848277
 30
0.0
 10
-43.85281455115614
 20
-5.276275970360075
 30
0.0
 10
-43.84632994031266
 20
-5.075207967822279
 30
0.0
 10
-43.84267083612644
 20
-4.865105584101911
 30
0.0
  0
ARC
  5
560
330
23F
100
AcDbEntity
  8
xian
 62
    18
420
        0
370
     0
100
AcDbCircle
 10
-43.80309744496185
 20
-4.273798787655323
 30
0.0
 40
0.592629547704193
100
AcDbArc
 50
266.1711717707095
 51
279.0719831541327
  0
SPLINE
  5
561
330
23F
100
AcDbEntity
  8
xian
 62
    18
420
        0
370
     0
100
AcDbSpline
210
0.0
220
0.0
230
1.0
 70
     8
 71
     3
 72
    12
 73
     8
 74
     0
 42
0.00000001
 43
0.0000000001
 40
0.0
 40
0.0
 40
0.0
 40
0.0
 40
0.5000000000000191
 40
0.5000000000000191
 40
0.7500000000000096
 40
0.7500000000000096
 40
1.0
 40
1.0
 40
1.0
 40
1.0
 10
-43.70965445264369
 20
-4.859015147643731
 30
0.0
 10
-43.71339232051536
 20
-5.05607327362668
 30
0.0
 10
-43.72014808406379
 20
-5.245732087223586
 30
0.0
 10
-43.73271478327365
 20
-5.499069017321744
 30
0.0
 10
-43.73733806477753
 20
-5.577666071487328
 30
0.0
 10
-43.74805592374173
 20
-5.723532386866281
 30
0.0
 10
-43.75423919130184
 20
-5.791492034464681
 30
0.0
 10
-43.76153912633594
 20
-5.851895589883497
 30
0.0
  0
SPLINE
  5
562
330
23F
100
AcDbEntity
  8
xian
 62
    18
420
        0
370
     0
100
AcDbSpline
210
0.0
220
0.0
230
1.0
 70
     8
 71
     3
 72
    11
 73
     7
 74
     0
 42
0.00000001
 43
0.0000000001
 40
-0.0000192080761382
 40
-0.0000192080761382
 40
-0.0000192080761382
 40
-0.0000192080761382
 40
0.0000000000000004
 40
0.0000000000000004
 40
0.0000000000000004
 40
0.001152634046313
 40
0.001152634046313
 40
0.001152634046313
 40
0.001152634046313
 10
-43.89164071455957
 20
-5.912075801050377
 30
0.0
 10
-43.8966600749925
 20
-5.912081942778968
 30
0.0
 10
-43.90167942124458
 20
-5.912088041006427
 30
0.0
 10
-43.90669875330127
 20
-5.912094095647262
 30
0.0
 10
-44.20789752830455
 20
-5.912457420905411
 30
0.0
 10
-44.50904534474898
 20
-5.912663917923055
 30
0.0
 10
-44.81013967331523
 20
-5.912693495303756
 30
0.0
  0
SPLINE
  5
563
330
23F
100
AcDbEntity
  8
xian
 62
    18
420
        0
370
     0
100
AcDbSpline
210
0.0
220
0.0
230
1.0
 70
     8
 71
     3
 72
    10
 73
     6
 74
     0
 42
0.00000001
 43
0.0000000001
 40
0.0
 40
0.0
 40
0.0
 40
0.0
 40
0.5
 40
0.5
 40
1.0
 40
1.0
 40
1.0
 40
1.0
 10
-44.78844593171447
 20
-5.049771795773267
 30
0.0
 10
-44.79076430535565
 20
-5.224698849222477
 30
0.0
 10
-44.7938051750541
 20
-5.386917406625798
 30
0.0
 10
-44.8011746434538
 20
-5.679742060949138
 30
0.0
 10
-44.8054308461949
 20
-5.807297403409393
 30
0.0
 10
-44.81013967331887
 20
-5.912693495303756
 30
0.0
  0
SPLINE
  5
564
330
23F
100
AcDbEntity
  8
xian
 62
    18
420
        0
370
     0
100
AcDbSpline
210
0.0
220
0.0
230
1.0
 70
     8
 71
     3
 72
     8
 73
     4
 74
     0
 42
0.00000001
 43
0.0000000001
 40
0.0
 40
0.0
 40
0.0
 40
0.0
 40
1.0
 40
1.0
 40
1.0
 40
1.0
 10
-43.84952370374662
 20
-4.83509013281764
 30
0.0
 10
-44.16155310345198
 20
-4.915001634930376
 30
0.0
 10
-44.47475737353011
 20
-4.985425808468789
 30
0.0
 10
-44.78844593171447
 20
-5.049771795773267
 30
0.0
  0
SPLINE
  5
565
330
23F
100
AcDbEntity
  8
xian
 62
    18
420
        0
370
     0
100
AcDbSpline
210
0.0
220
0.0
230
1.0
 70
     8
 71
     3
 72
    14
 73
    10
 74
     0
 42
0.00000001
 43
0.0000000001
 40
0.0
 40
0.0
 40
0.0
 40
0.0
 40
0.0000112285881499
 40
0.0000112285881499
 40
0.0000112285881499
 40
0.0000304586172789
 40
0.0000304586172789
 40
0.0000304586172789
 40
0.0000397012104603
 40
0.0000397012104603
 40
0.0000397012104603
 40
0.0000397012104603
 10
-43.84267083612644
 20
-4.865105584101911
 30
0.0
 10
-43.84262004586412
 20
-4.862189254234181
 30
0.0
 10
-43.84270621794416
 20
-4.859258493201195
 30
0.0
 10
-43.84296854925992
 20
-4.856338346064148
 30
0.0
 10
-43.84341491606096
 20
-4.851369603660714
 30
0.0
 10
-43.84436407753741
 20
-4.846343838447864
 30
0.0
 10
-43.8461810856395
 20
-4.841635374985344
 30
0.0
 10
-43.84706013132086
 20
-4.839357479553655
 30
0.0
 10
-43.84815804966343
 20
-4.837132786433357
 30
0.0
 10
-43.84952370374299
 20
-4.83509013283583
 30
0.0
  0
ARC
  5
566
330
23F
100
AcDbEntity
  8
xian
 62
    18
420
        0
370
     0
100
AcDbCircle
 10
44.14905913059124
 20
-4.273798787649866
 30
0.0
 40
0.5926295477099544
100
AcDbArc
 50
260.9280168459187
 51
273.828828229183
  0
SPLINE
  5
567
330
23F
100
AcDbEntity
  8
xian
 62
    18
420
        0
370
     0
100
AcDbSpline
210
0.0
220
0.0
230
1.0
 70
     8
 71
     3
 72
    14
 73
    10
 74
     0
 42
0.00000001
 43
0.0000000001
 40
0.0
 40
0.0
 40
0.0
 40
0.0
 40
0.1250000000000062
 40
0.1250000000000062
 40
0.2500000000000125
 40
0.2500000000000125
 40
0.5000000000000059
 40
0.5000000000000059
 40
1.0
 40
1.0
 40
1.0
 40
1.0
 10
44.23759670718505
 20
-5.91198278646334
 30
0.0
 10
44.23566332035193
 20
-5.880426804424132
 30
0.0
 10
44.23153834008485
 20
-5.847182831132158
 30
0.0
 10
44.22544948265499
 20
-5.777043084704928
 30
0.0
 10
44.22268164021375
 20
-5.740378739608786
 30
0.0
 10
44.21497814242252
 20
-5.625719162377208
 30
0.0
 10
44.21062229623863
 20
-5.543094725848277
 30
0.0
 10
44.19877623678553
 20
-5.276275970360075
 30
0.0
 10
44.19229162594206
 20
-5.075207967822279
 30
0.0
 10
44.1886325217522
 20
-4.865105584101911
 30
0.0
  0
SPLINE
  5
568
330
23F
100
AcDbEntity
  8
xian
 62
    18
420
        0
370
     0
100
AcDbSpline
210
0.0
220
0.0
230
1.0
 70
     8
 71
     3
 72
    11
 73
     7
 74
     0
 42
0.00000001
 43
0.0000000001
 40
0.0
 40
0.0
 40
0.0
 40
0.0
 40
0.2369607551912115
 40
0.4826211376343669
 40
0.7369809182845106
 40
1.0
 40
1.0
 40
1.0
 40
1.0
 10
44.108277342267
 20
-5.852575312537737
 30
0.0
 10
44.11689903536831
 20
-5.860189955676105
 30
0.0
 10
44.13445895295376
 20
-5.875698801142789
 30
0.0
 10
44.16591772919787
 20
-5.89335123921046
 30
0.0
 10
44.20059161795075
 20
-5.90667898358879
 30
0.0
 10
44.22459669965905
 20
-5.910255179927844
 30
0.0
 10
44.23680012543923
 20
-5.912073205256092
 30
0.0
  0
SPLINE
  5
569
330
23F
100
AcDbEntity
  8
xian
 62
    18
420
        0
370
     0
100
AcDbSpline
210
0.0
220
0.0
230
1.0
 70
     8
 71
     3
 72
    12
 73
     8
 74
     0
 42
0.00000001
 43
0.0000000001
 40
0.0
 40
0.0
 40
0.0
 40
0.0
 40
0.4999999999999963
 40
0.4999999999999963
 40
0.7499999999999982
 40
0.7499999999999982
 40
1.0
 40
1.0
 40
1.0
 40
1.0
 10
44.05561613827308
 20
-4.859015147643731
 30
0.0
 10
44.05935400614476
 20
-5.05607327362668
 30
0.0
 10
44.06610976968955
 20
-5.245732087223586
 30
0.0
 10
44.07867646890304
 20
-5.499069017319925
 30
0.0
 10
44.08329975040328
 20
-5.577666071487328
 30
0.0
 10
44.09401760936748
 20
-5.723532386864462
 30
0.0
 10
44.10019995156767
 20
-5.791491681746265
 30
0.0
 10
44.10750081196534
 20
-5.851895589883497
 30
0.0
  0
SPLINE
  5
56A
330
23F
100
AcDbEntity
  8
xian
 62
    18
420
        0
370
     0
100
AcDbSpline
210
0.0
220
0.0
230
1.0
 70
     8
 71
     3
 72
    14
 73
    10
 74
     0
 42
0.00000001
 43
0.0000000001
 40
0.0
 40
0.0
 40
0.0
 40
0.0
 40
0.0000112285881499
 40
0.0000112285881499
 40
0.0000112285881499
 40
0.0000304586172789
 40
0.0000304586172789
 40
0.0000304586172789
 40
0.0000397012104606
 40
0.0000397012104606
 40
0.0000397012104606
 40
0.0000397012104606
 10
44.1886325217522
 20
-4.865105584101911
 30
0.0
 10
44.18858173148987
 20
-4.862189254234181
 30
0.0
 10
44.18866790356992
 20
-4.859258493201195
 30
0.0
 10
44.18893023488567
 20
-4.856338346064148
 30
0.0
 10
44.18937660168672
 20
-4.851369603660714
 30
0.0
 10
44.19032576316317
 20
-4.846343838447864
 30
0.0
 10
44.19214277126889
 20
-4.841635374985344
 30
0.0
 10
44.19302181694661
 20
-4.839357479553655
 30
0.0
 10
44.19411973528918
 20
-4.837132786433357
 30
0.0
 10
44.19548538936874
 20
-4.83509013283583
 30
0.0
  0
SPLINE
  5
56B
330
23F
100
AcDbEntity
  8
xian
 62
    18
420
        0
370
     0
100
AcDbSpline
210
0.0
220
0.0
230
1.0
 70
     8
 71
     3
 72
     8
 73
     4
 74
     0
 42
0.00000001
 43
0.0000000001
 40
0.0
 40
0.0
 40
0.0
 40
0.0
 40
1.0
 40
1.0
 40
1.0
 40
1.0
 10
44.19548538937237
 20
-4.83509013281764
 30
0.0
 10
44.50751478907773
 20
-4.915001634930376
 30
0.0
 10
44.8207190591595
 20
-4.985425808470608
 30
0.0
 10
45.13440761734023
 20
-5.049771795773267
 30
0.0
  0
SPLINE
  5
56C
330
23F
100
AcDbEntity
  8
xian
 62
    18
420
        0
370
     0
100
AcDbSpline
210
0.0
220
0.0
230
1.0
 70
     8
 71
     3
 72
    10
 73
     6
 74
     0
 42
0.00000001
 43
0.0000000001
 40
0.0
 40
0.0
 40
0.0
 40
0.0
 40
0.5
 40
0.5
 40
1.0
 40
1.0
 40
1.0
 40
1.0
 10
45.13440761734023
 20
-5.049771795773267
 30
0.0
 10
45.13672599098504
 20
-5.224698849222477
 30
0.0
 10
45.13976686067985
 20
-5.386917406625798
 30
0.0
 10
45.14713632907955
 20
-5.679742060949138
 30
0.0
 10
45.15139253182065
 20
-5.807297403409393
 30
0.0
 10
45.15610135894462
 20
-5.912693495303756
 30
0.0
  0
SPLINE
  5
56D
330
23F
100
AcDbEntity
  8
xian
 62
    18
420
        0
370
     0
100
AcDbSpline
210
0.0
220
0.0
230
1.0
 70
     8
 71
     3
 72
    11
 73
     7
 74
     0
 42
0.00000001
 43
0.0000000001
 40
-0.0000192080761382
 40
-0.0000192080761382
 40
-0.0000192080761382
 40
-0.0000192080761382
 40
0.0000000000000003
 40
0.0000000000000003
 40
0.0000000000000003
 40
0.001152634046313
 40
0.001152634046313
 40
0.001152634046313
 40
0.001152634046313
 10
44.23760240018896
 20
-5.912075801050377
 30
0.0
 10
44.24262176062188
 20
-5.912081942778968
 30
0.0
 10
44.24764110687397
 20
-5.912088041006427
 30
0.0
 10
44.25266043893066
 20
-5.912094095647262
 30
0.0
 10
44.55385921393395
 20
-5.912457420905411
 30
0.0
 10
44.85500703037837
 20
-5.912663917924874
 30
0.0
 10
45.15610135894462
 20
-5.912693495303756
 30
0.0
  0
SPLINE
  5
56E
330
23F
100
AcDbEntity
  8
xian
 62
    18
420
        0
370
     0
100
AcDbSpline
210
0.0
220
0.0
230
1.0
 70
     8
 71
     3
 72
    11
 73
     7
 74
     0
 42
0.00000001
 43
0.0000000001
 40
-0.00000006
 40
-0.00000006
 40
-0.00000006
 40
-0.00000006
 40
0.0
 40
0.0
 40
0.0
 40
0.0000206152958963
 40
0.0000206152958963
 40
0.0000206152958963
 40
0.0000206152958963
 10
-43.67581639752166
 20
-5.790475970125044
 30
0.0
 10
-43.67581523361218
 20
-5.790466513659339
 30
0.0
 10
-43.67581406969179
 20
-5.790457056980812
 30
0.0
 10
-43.67581290617159
 20
-5.790447600376865
 30
0.0
 10
-43.67541313497054
 20
-5.787198422091023
 30
0.0
 10
-43.67504463681394
 20
-5.783946678015126
 30
0.0
 10
-43.67470758882041
 20
-5.780692709766299
 30
0.0
  0
LINE
  5
56F
330
23F
100
AcDbEntity
  8
xian
 62
    18
420
        0
370
     0
100
AcDbLine
 10
-43.76230316357464
 20
-5.852443016186953
 30
0.0
 11
-43.67580707648153
 21
-5.790469291678164
 31
0.0
  0
SPLINE
  5
570
330
23F
100
AcDbEntity
  8
xian
 62
    18
420
        0
370
     0
100
AcDbSpline
210
0.0
220
0.0
230
1.0
 70
     8
 71
     3
 72
    11
 73
     7
 74
     0
 42
0.00000001
 43
0.0000000001
 40
0.0
 40
0.0
 40
0.0
 40
0.0
 40
0.0001171827591883
 40
0.0001171827591883
 40
0.0001171827591883
 40
0.0002260199064422
 40
0.0002260199064422
 40
0.0002260199064422
 40
0.0002260199064422
 10
-43.6309174733658
 20
-4.701190397587197
 30
0.0
 10
-43.6436412741466
 20
-4.728779230272266
 30
0.0
 10
-43.65686023325975
 20
-4.756210055851624
 30
0.0
 10
-43.67051453063027
 20
-4.783472138824436
 30
0.0
 10
-43.68319685390884
 20
-4.808793584534214
 30
0.0
 10
-43.69625790212444
 20
-4.833975870582435
 30
0.0
 10
-43.70965445264369
 20
-4.859015147643731
 30
0.0
  0
SPLINE
  5
571
330
23F
100
AcDbEntity
  8
xian
 62
    18
420
        0
370
     0
100
AcDbSpline
210
0.0
220
0.0
230
1.0
 70
     8
 71
     3
 72
    12
 73
     8
 74
     0
 42
0.00000001
 43
0.0000000001
 40
0.0
 40
0.0
 40
0.0
 40
0.0
 40
0.2499999999999907
 40
0.2499999999999907
 40
0.4999999999999814
 40
0.4999999999999814
 40
1.0
 40
1.0
 40
1.0
 40
1.0
 10
-43.67470758882041
 20
-5.780692709766299
 30
0.0
 10
-43.66804187563388
 20
-5.716339800641435
 30
0.0
 10
-43.66270181793583
 20
-5.644310504945678
 30
0.0
 10
-43.65333682562845
 20
-5.485139366270232
 30
0.0
 10
-43.64930081604029
 20
-5.397468340455816
 30
0.0
 10
-43.63862989424592
 20
-5.121571130406664
 30
0.0
 10
-43.63278751419488
 20
-4.913607349126323
 30
0.0
 10
-43.63091747335852
 20
-4.701190397590835
 30
0.0
  0
SPLINE
  5
572
330
23F
100
AcDbEntity
  8
xian
 62
    18
420
        0
370
     0
100
AcDbSpline
210
0.0
220
0.0
230
1.0
 70
     8
 71
     3
 72
    11
 73
     7
 74
     0
 42
0.00000001
 43
0.0000000001
 40
0.0000000000000008
 40
0.0000000000000008
 40
0.0000000000000008
 40
0.0000000000000008
 40
0.0001171827591875
 40
0.0001171827591875
 40
0.0001171827591875
 40
0.0002260199064414
 40
0.0002260199064414
 40
0.0002260199064414
 40
0.0002260199064414
 10
43.97687915899519
 20
-4.701190397587197
 30
0.0
 10
43.98960295977599
 20
-4.728779230272266
 30
0.0
 10
44.0028219188855
 20
-4.756210055851624
 30
0.0
 10
44.01647621625602
 20
-4.783472138824436
 30
0.0
 10
44.02915853953823
 20
-4.808793584534214
 30
0.0
 10
44.04221958775383
 20
-4.833975870582435
 30
0.0
 10
44.05561613826944
 20
-4.859015147643731
 30
0.0
  0
LINE
  5
573
330
23F
100
AcDbEntity
  8
xian
 62
    18
420
        0
370
     0
100
AcDbLine
 10
44.10826484869471
 20
-5.852443016645338
 30
0.0
 11
44.02176876062299
 21
-5.790469293024216
 31
0.0
  0
SPLINE
  5
574
330
23F
100
AcDbEntity
  8
xian
 62
    18
420
        0
370
     0
100
AcDbSpline
210
0.0
220
0.0
230
1.0
 70
     8
 71
     3
 72
    11
 73
     7
 74
     0
 42
0.00000001
 43
0.0000000001
 40
-0.00000006
 40
-0.00000006
 40
-0.00000006
 40
-0.00000006
 40
0.0
 40
0.0
 40
0.0
 40
0.0000206152958963
 40
0.0000206152958963
 40
0.0000206152958963
 40
0.0000206152958963
 10
44.02177808314741
 20
-5.790475970125044
 30
0.0
 10
44.02177691936162
 20
-5.790466513526553
 30
0.0
 10
44.02177575531754
 20
-5.790457056980812
 30
0.0
 10
44.02177459179734
 20
-5.790447600376865
 30
0.0
 10
44.02137482059629
 20
-5.787198422091023
 30
0.0
 10
44.02100632243969
 20
-5.783946678015126
 30
0.0
 10
44.02066927444616
 20
-5.780692709766299
 30
0.0
  0
SPLINE
  5
575
330
23F
100
AcDbEntity
  8
xian
 62
    18
420
        0
370
     0
100
AcDbSpline
210
0.0
220
0.0
230
1.0
 70
     8
 71
     3
 72
    12
 73
     8
 74
     0
 42
0.00000001
 43
0.0000000001
 40
0.0
 40
0.0
 40
0.0
 40
0.0
 40
0.2500000000000094
 40
0.2500000000000094
 40
0.5000000000000188
 40
0.5000000000000188
 40
1.0
 40
1.0
 40
1.0
 40
1.0
 10
44.02066927444616
 20
-5.780692709766299
 30
0.0
 10
44.01400356126328
 20
-5.716339800641435
 30
0.0
 10
44.00866350356523
 20
-5.644310504945678
 30
0.0
 10
43.99929851125785
 20
-5.485139366270232
 30
0.0
 10
43.99526250166604
 20
-5.397468340455816
 30
0.0
 10
43.98459157987168
 20
-5.121571130406664
 30
0.0
 10
43.97874919982064
 20
-4.913607349126323
 30
0.0
 10
43.97687915898791
 20
-4.701190397590835
 30
0.0
  0
SPLINE
  5
576
330
23F
100
AcDbEntity
  8
xian
 62
    18
420
        0
370
     0
100
AcDbSpline
210
0.0
220
0.0
230
1.0
 70
     8
 71
     3
 72
     8
 73
     4
 74
     0
 42
0.00000001
 43
0.0000000001
 40
0.0
 40
0.0
 40
0.0
 40
0.0
 40
1.0
 40
1.0
 40
1.0
 40
1.0
 10
-40.86439234562635
 20
7.964075991289064
 30
0.0
 10
-40.88258720547014
 20
7.921834324986775
 30
0.0
 10
-40.92153281929563
 20
7.882996444370292
 30
0.0
 10
-40.9661148610728
 20
7.862634865507061
 30
0.0
  0
SPLINE
  5
577
330
23F
100
AcDbEntity
  8
xian
 62
    18
420
        0
370
     0
100
AcDbSpline
210
0.0
220
0.0
230
1.0
 70
     8
 71
     3
 72
     8
 73
     4
 74
     0
 42
0.00000001
 43
0.0000000001
 40
0.0
 40
0.0
 40
0.0
 40
0.0
 40
1.0
 40
1.0
 40
1.0
 40
1.0
 10
-40.86439234562635
 20
7.964075991289064
 30
0.0
 10
-40.27215760176182
 20
7.196426497150241
 30
0.0
 10
-39.65763306418807
 20
6.400390918495759
 30
0.0
 10
-39.02125997494727
 20
5.576272590798907
 30
0.0
  0
SPLINE
  5
578
330
23F
100
AcDbEntity
  8
xian
 62
    18
420
        0
370
     0
100
AcDbSpline
210
0.0
220
0.0
230
1.0
 70
     8
 71
     3
 72
     8
 73
     4
 74
     0
 42
0.00000001
 43
0.0000000001
 40
0.0
 40
0.0
 40
0.0
 40
0.0
 40
1.0
 40
1.0
 40
1.0
 40
1.0
 10
41.21035403125574
 20
7.964075991289064
 30
0.0
 10
40.6181192873912
 20
7.196426497150241
 30
0.0
 10
40.00359474981382
 20
6.400390918495759
 30
0.0
 10
39.36722166057666
 20
5.576272590798907
 30
0.0
  0
SPLINE
  5
579
330
23F
100
AcDbEntity
  8
xian
 62
    18
420
        0
370
     0
100
AcDbSpline
210
0.0
220
0.0
230
1.0
 70
     8
 71
     3
 72
     8
 73
     4
 74
     0
 42
0.00000001
 43
0.0000000001
 40
0.0
 40
0.0
 40
0.0
 40
0.0
 40
1.0
 40
1.0
 40
1.0
 40
1.0
 10
41.3120765475644
 20
7.862634868686654
 30
0.0
 10
41.26755416128003
 20
7.883044230940868
 30
0.0
 10
41.22867205643638
 20
7.921957360786109
 30
0.0
 10
41.21035403288192
 20
7.96407599149461
 30
0.0
  0
ARC
  5
57A
330
23F
100
AcDbEntity
  8
xian
 62
    18
420
        0
370
     0
100
AcDbCircle
 10
40.94967148018554
 20
7.895933891519234
 30
0.0
 40
0.2041837657315541
100
AcDbArc
 50
24.67691642880707
 51
65.6598502107644
  0
SPLINE
  5
57B
330
23F
100
AcDbEntity
  8
xian
 62
    18
420
        0
370
     0
100
AcDbSpline
210
0.0
220
0.0
230
1.0
 70
     8
 71
     3
 72
     8
 73
     4
 74
     0
 42
0.00000001
 43
0.0000000001
 40
0.0
 40
0.0
 40
0.0
 40
0.0
 40
1.0
 40
1.0
 40
1.0
 40
1.0
 10
39.3410728229203
 20
5.645891534539259
 30
0.0
 10
39.95993703638601
 20
6.450708414542532
 30
0.0
 10
40.55808299716159
 20
7.229230512832145
 30
0.0
 10
41.13520846077813
 20
7.981180821203452
 30
0.0
  0
ARC
  5
57C
330
23F
100
AcDbEntity
  8
xian
 62
    18
420
        0
370
     0
100
AcDbCircle
 10
-40.60370979455979
 20
7.895933891522872
 30
0.0
 40
0.2041837657278883
100
AcDbArc
 50
114.3401497887698
 51
155.3230835715951
  0
SPLINE
  5
57D
330
23F
100
AcDbEntity
  8
xian
 62
    18
420
        0
370
     0
100
AcDbSpline
210
0.0
220
0.0
230
1.0
 70
     8
 71
     3
 72
     8
 73
     4
 74
     0
 42
0.00000001
 43
0.0000000001
 40
0.0
 40
0.0
 40
0.0
 40
0.0
 40
1.0
 40
1.0
 40
1.0
 40
1.0
 10
-38.99511113729455
 20
5.645891534539259
 30
0.0
 10
-39.61397535076026
 20
6.450708414542532
 30
0.0
 10
-40.21212131153584
 20
7.229230512832145
 30
0.0
 10
-40.78924677515238
 20
7.981180821203452
 30
0.0
  0
SPLINE
  5
57E
330
23F
100
AcDbEntity
  8
xian
 62
    18
420
        0
370
     0
100
AcDbSpline
210
0.0
220
0.0
230
1.0
 70
     8
 71
     3
 72
    11
 73
     7
 74
     0
 42
0.00000001
 43
0.0000000001
 40
0.0
 40
0.0
 40
0.0
 40
0.0
 40
0.0001344719987283
 40
0.0001344719987283
 40
0.0001344719987283
 40
0.0001345319987283
 40
0.0001345319987283
 40
0.0001345319987283
 40
0.0001345319987283
 10
41.13520846078905
 20
7.981180821197995
 30
0.0
 10
41.1496859916981
 20
8.000043935924622
 30
0.0
 10
41.16459693573347
 20
8.017889746024593
 30
0.0
 10
41.17986844294432
 20
8.034714072327915
 30
0.0
 10
41.1798752569332
 20
8.034721579166216
 30
0.0
 10
41.17988207107123
 20
8.034729085602521
 30
0.0
 10
41.17988888512923
 20
8.034736592238914
 30
0.0
  0
LINE
  5
57F
330
23F
100
AcDbEntity
  8
xian
 62
    18
420
        0
370
     0
100
AcDbLine
 10
41.17990798300456
 20
8.034692296787397
 30
0.0
 11
41.2103494722171
 21
7.964086565478282
 31
0.0
  0
LINE
  5
580
330
23F
100
AcDbEntity
  8
xian
 62
    18
420
        0
370
     0
100
AcDbLine
 10
-40.83394629737881
 20
8.034692296787397
 30
0.0
 11
-40.86438778659135
 21
7.964086565478282
 31
0.0
  0
SPLINE
  5
581
330
23F
100
AcDbEntity
  8
xian
 62
    18
420
        0
370
     0
100
AcDbSpline
210
0.0
220
0.0
230
1.0
 70
     8
 71
     3
 72
    11
 73
     7
 74
     0
 42
0.00000001
 43
0.0000000001
 40
0.0
 40
0.0
 40
0.0
 40
0.0
 40
0.0001344719987283
 40
0.0001344719987283
 40
0.0001344719987283
 40
0.0001345319987283
 40
0.0001345319987283
 40
0.0001345319987283
 40
0.0001345319987283
 10
-40.78924677515965
 20
7.981180821197995
 30
0.0
 10
-40.80372430606871
 20
8.000043935924622
 30
0.0
 10
-40.81863525010771
 20
8.017889746024593
 30
0.0
 10
-40.83390675731857
 20
8.034714072327915
 30
0.0
 10
-40.83391357130745
 20
8.034721579166216
 30
0.0
 10
-40.83392038547822
 20
8.034729085749859
 30
0.0
 10
-40.83392719950348
 20
8.034736592238914
 30
0.0
  0
ARC
  5
582
330
23F
100
AcDbEntity
  8
xian
 62
    18
420
        0
370
     0
100
AcDbCircle
 10
45.51870763487317
 20
-2.957455004887378
 30
0.0
 40
2.297048276528949
100
AcDbArc
 50
232.6585656911633
 51
234.8265709762838
  0
SPLINE
  5
583
330
23F
100
AcDbEntity
  8
xian
 62
    18
420
        0
370
     0
100
AcDbSpline
210
0.0
220
0.0
230
1.0
 70
     8
 71
     3
 72
     8
 73
     4
 74
     0
 42
0.00000001
 43
0.0000000001
 40
0.0
 40
0.0
 40
0.0
 40
0.0
 40
1.0
 40
1.0
 40
1.0
 40
1.0
 10
44.12540199160798
 20
-4.783688880694171
 30
0.0
 10
44.15978660201585
 20
-4.757664229873626
 30
0.0
 10
44.19715842025403
 20
-4.733117311914611
 30
0.0
 10
44.23045806816594
 20
-4.714599876304419
 30
0.0
  0
SPLINE
  5
584
330
23F
100
AcDbEntity
  8
xian
 62
    18
420
        0
370
     0
100
AcDbSpline
210
0.0
220
0.0
230
1.0
 70
     8
 71
     3
 72
     8
 73
     4
 74
     0
 42
0.00000001
 43
0.0000000001
 40
0.0
 40
0.0
 40
0.0
 40
0.0
 40
1.0
 40
1.0
 40
1.0
 40
1.0
 10
44.19548538936874
 20
-4.83509013283583
 30
0.0
 10
44.20971335215222
 20
-4.794322537560219
 30
0.0
 10
44.222111018232
 20
-4.751467171512558
 30
0.0
 10
44.23045806816594
 20
-4.714599876304419
 30
0.0
  0
SPLINE
  5
585
330
23F
100
AcDbEntity
  8
xian
 62
    18
420
        0
370
     0
100
AcDbSpline
210
0.0
220
0.0
230
1.0
 70
     8
 71
     3
 72
     8
 73
     4
 74
     0
 42
0.00000001
 43
0.0000000001
 40
0.0
 40
0.0
 40
0.0
 40
0.0
 40
1.0
 40
1.0
 40
1.0
 40
1.0
 10
45.15826020840473
 20
-4.900179319507515
 30
0.0
 10
44.84849993952161
 20
-4.8446345247321
 30
0.0
 10
44.53906497896537
 20
-4.783768874600355
 30
0.0
 10
44.23045806816594
 20
-4.7145998763026
 30
0.0
  0
ARC
  5
586
330
23F
100
AcDbEntity
  8
xian
 62
    18
420
        0
370
     0
100
AcDbCircle
 10
44.34078895067727
 20
-4.846531032575512
 30
0.0
 40
0.8192297577025009
100
AcDbArc
 50
345.6356236304888
 51
356.2452271439469
  0
ARC
  5
587
330
23F
100
AcDbEntity
  8
xian
 62
    18
420
        0
370
     0
100
AcDbCircle
 10
-43.99482726489509
 20
-4.84653103254277
 30
0.0
 40
0.8192297578595619
100
AcDbArc
 50
183.754772857567
 51
194.3643763690245
  0
SPLINE
  5
588
330
23F
100
AcDbEntity
  8
xian
 62
    18
420
        0
370
     0
100
AcDbSpline
210
0.0
220
0.0
230
1.0
 70
     8
 71
     3
 72
     8
 73
     4
 74
     0
 42
0.00000001
 43
0.0000000001
 40
0.0
 40
0.0
 40
0.0
 40
0.0
 40
1.0
 40
1.0
 40
1.0
 40
1.0
 10
-44.81229852277897
 20
-4.900179319507515
 30
0.0
 10
-44.50253825389222
 20
-4.844634524730281
 30
0.0
 10
-44.19310329333962
 20
-4.783768874600355
 30
0.0
 10
-43.88449638254019
 20
-4.7145998763026
 30
0.0
  0
SPLINE
  5
589
330
23F
100
AcDbEntity
  8
xian
 62
    18
420
        0
370
     0
100
AcDbSpline
210
0.0
220
0.0
230
1.0
 70
     8
 71
     3
 72
     8
 73
     4
 74
     0
 42
0.00000001
 43
0.0000000001
 40
0.0
 40
0.0
 40
0.0
 40
0.0
 40
1.0
 40
1.0
 40
1.0
 40
1.0
 10
-43.84952370374299
 20
-4.83509013283583
 30
0.0
 10
-43.86375166652647
 20
-4.794322537560219
 30
0.0
 10
-43.87614933258442
 20
-4.751467171505282
 30
0.0
 10
-43.88449638254019
 20
-4.714599876304419
 30
0.0
  0
SPLINE
  5
58A
330
23F
100
AcDbEntity
  8
xian
 62
    18
420
        0
370
     0
100
AcDbSpline
210
0.0
220
0.0
230
1.0
 70
     8
 71
     3
 72
     8
 73
     4
 74
     0
 42
0.00000001
 43
0.0000000001
 40
0.0
 40
0.0
 40
0.0
 40
0.0
 40
1.0
 40
1.0
 40
1.0
 40
1.0
 10
-43.77944030597859
 20
-4.783688880694171
 30
0.0
 10
-43.8138249163901
 20
-4.757664229873626
 30
0.0
 10
-43.85119673463555
 20
-4.733117311927344
 30
0.0
 10
-43.88449638253655
 20
-4.714599876304419
 30
0.0
  0
ARC
  5
58B
330
23F
100
AcDbEntity
  8
xian
 62
    18
420
        0
370
     0
100
AcDbCircle
 10
-45.17274595112826
 20
-2.957455002289862
 30
0.0
 40
2.297048279736934
100
AcDbArc
 50
305.1734290247278
 51
307.3414343069398
  0
SPLINE
  5
58C
330
23F
100
AcDbEntity
  8
xian
 62
    18
420
        0
370
     0
100
AcDbSpline
210
0.0
220
0.0
230
1.0
 70
     8
 71
     3
 72
    11
 73
     7
 74
     0
 42
0.00000001
 43
0.0000000001
 40
0.0000000000000005
 40
0.0000000000000005
 40
0.0000000000000005
 40
0.0000000000000005
 40
0.0000641428207425
 40
0.0000641428207425
 40
0.0000641428207425
 40
0.0001734290594353
 40
0.0001734290594353
 40
0.0001734290594353
 40
0.0001734290594353
 10
-43.88449638254019
 20
-4.7145998763026
 30
0.0
 10
-43.87626111838176
 20
-4.700195727904429
 30
0.0
 10
-43.86814786288664
 20
-4.68573960240792
 30
0.0
 10
-43.86016809587886
 20
-4.671231088335844
 30
0.0
 10
-43.84657350589691
 20
-4.646513913026865
 30
0.0
 10
-43.83336300425139
 20
-4.621639268530998
 30
0.0
 10
-43.8206011448135
 20
-4.596608386027583
 30
0.0
  0
ARC
  5
58D
330
23F
100
AcDbEntity
  8
xian
 62
    18
420
        0
370
     0
100
AcDbCircle
 10
-44.04659967877228
 20
-5.230817623847542
 30
0.0
 40
0.6732731204264281
100
AcDbArc
 50
51.87311795565112
 51
70.38662912978546
  0
SPLINE
  5
58E
330
23F
100
AcDbEntity
  8
xian
 62
    18
420
        0
370
     0
100
AcDbSpline
210
0.0
220
0.0
230
1.0
 70
     8
 71
     3
 72
    14
 73
    10
 74
     0
 42
0.00000001
 43
0.0000000001
 40
0.0
 40
0.0
 40
0.0
 40
0.0
 40
0.0000381520341687
 40
0.0000381520341687
 40
0.0000381520341687
 40
0.000105862434081
 40
0.000105862434081
 40
0.000105862434081
 40
0.0001406043573852
 40
0.0001406043573852
 40
0.0001406043573852
 40
0.0001406043573852
 10
-43.77944030597859
 20
-4.783688880694171
 30
0.0
 10
-43.77142025095667
 20
-4.789759012917784
 30
0.0
 10
-43.76374049221044
 20
-4.796161871807271
 30
0.0
 10
-43.75653968597612
 20
-4.802769382613405
 30
0.0
 10
-43.74384150999026
 20
-4.814421318844324
 30
0.0
 10
-43.73246573624124
 20
-4.826887578472451
 30
0.0
 10
-43.7229633275208
 20
-4.83944201327904
 30
0.0
 10
-43.71805366949843
 20
-4.845928577193262
 30
0.0
 10
-43.71360125515344
 20
-4.852484594273846
 30
0.0
 10
-43.70965445264732
 20
-4.85901514764555
 30
0.0
  0
ARC
  5
58F
330
23F
100
AcDbEntity
  8
xian
 62
    18
420
        0
370
     0
100
AcDbCircle
 10
44.39256136441622
 20
-5.230817623878465
 30
0.0
 40
0.6732731204613264
100
AcDbArc
 50
109.6133708707088
 51
128.1268820439011
  0
SPLINE
  5
590
330
23F
100
AcDbEntity
  8
xian
 62
    18
420
        0
370
     0
100
AcDbSpline
210
0.0
220
0.0
230
1.0
 70
     8
 71
     3
 72
    11
 73
     7
 74
     0
 42
0.00000001
 43
0.0000000001
 40
0.0000000000000005
 40
0.0000000000000005
 40
0.0000000000000005
 40
0.0000000000000005
 40
0.0000641428207425
 40
0.0000641428207425
 40
0.0000641428207425
 40
0.0001734290594353
 40
0.0001734290594353
 40
0.0001734290594353
 40
0.0001734290594353
 10
44.23045806816594
 20
-4.7145998763026
 30
0.0
 10
44.22222280400752
 20
-4.700195727904429
 30
0.0
 10
44.21410954851239
 20
-4.68573960240792
 30
0.0
 10
44.20612978150461
 20
-4.671231088335844
 30
0.0
 10
44.19253519152266
 20
-4.646513913026865
 30
0.0
 10
44.17932468988079
 20
-4.621639268530998
 30
0.0
 10
44.16656283043926
 20
-4.596608386027583
 30
0.0
  0
SPLINE
  5
591
330
23F
100
AcDbEntity
  8
xian
 62
    18
420
        0
370
     0
100
AcDbSpline
210
0.0
220
0.0
230
1.0
 70
     8
 71
     3
 72
    14
 73
    10
 74
     0
 42
0.00000001
 43
0.0000000001
 40
0.0
 40
0.0
 40
0.0
 40
0.0
 40
0.0000381520341687
 40
0.0000381520341687
 40
0.0000381520341687
 40
0.0001058624340821
 40
0.0001058624340821
 40
0.0001058624340821
 40
0.0001406043573861
 40
0.0001406043573861
 40
0.0001406043573861
 40
0.0001406043573861
 10
44.12540199160798
 20
-4.783688880694171
 30
0.0
 10
44.11738193658243
 20
-4.789759012917784
 30
0.0
 10
44.1097021778362
 20
-4.796161871807271
 30
0.0
 10
44.10250137160551
 20
-4.802769382613405
 30
0.0
 10
44.08980319561965
 20
-4.814421318844324
 30
0.0
 10
44.07842742186699
 20
-4.826887578472451
 30
0.0
 10
44.06892501314655
 20
-4.83944201327904
 30
0.0
 10
44.06401535512782
 20
-4.845928577193262
 30
0.0
 10
44.05956294077919
 20
-4.852484594273846
 30
0.0
 10
44.05561613827308
 20
-4.85901514764555
 30
0.0
  0
SPLINE
  5
592
330
23F
100
AcDbEntity
  8
xian
 62
    18
420
        0
370
     0
100
AcDbSpline
210
0.0
220
0.0
230
1.0
 70
     8
 71
     3
 72
     8
 73
     4
 74
     0
 42
0.00000001
 43
0.0000000001
 40
0.0
 40
0.0
 40
0.0
 40
0.0
 40
1.0
 40
1.0
 40
1.0
 40
1.0
 10
43.92341405486081
 20
-4.476868083775116
 30
0.0
 10
43.94311202661561
 20
-4.551055063740932
 30
0.0
 10
43.96062523336445
 20
-4.625910760032638
 30
0.0
 10
43.97687915899155
 20
-4.701190397587197
 30
0.0
  0
ARC
  5
593
330
23F
100
AcDbEntity
  8
xian
 62
    18
420
        0
370
     0
100
AcDbCircle
 10
43.91979752979318
 20
-5.930805876343583
 30
0.0
 40
0.1808564946271125
100
AcDbArc
 50
56.1000307841254
 51
98.22173698320405
  0
LINE
  5
594
330
23F
100
AcDbEntity
  8
xian
 62
    18
420
        0
370
     0
100
AcDbLine
 10
43.8437502603731
 20
-4.476308892384622
 30
0.0
 11
43.92341405486081
 21
-4.476868083775116
 31
0.0
  0
ARC
  5
595
330
23F
100
AcDbEntity
  8
xian
 62
    18
420
        0
370
     0
100
AcDbCircle
 10
-43.57383584416743
 20
-5.930805876345402
 30
0.0
 40
0.1808564946296632
100
AcDbArc
 50
81.77826301668533
 51
123.8999692156144
  0
SPLINE
  5
596
330
23F
100
AcDbEntity
  8
xian
 62
    18
420
        0
370
     0
100
AcDbSpline
210
0.0
220
0.0
230
1.0
 70
     8
 71
     3
 72
     8
 73
     4
 74
     0
 42
0.00000001
 43
0.0000000001
 40
0.0
 40
0.0
 40
0.0
 40
0.0
 40
1.0
 40
1.0
 40
1.0
 40
1.0
 10
-43.57745236923142
 20
-4.476868083775116
 30
0.0
 10
-43.59715034098985
 20
-4.551055063740932
 30
0.0
 10
-43.61466354773869
 20
-4.625910760032638
 30
0.0
 10
-43.6309174733658
 20
-4.701190397587197
 30
0.0
  0
LINE
  5
597
330
23F
100
AcDbEntity
  8
xian
 62
    18
420
        0
370
     0
100
AcDbLine
 10
-43.57745236923142
 20
-4.476868083775116
 30
0.0
 11
-43.49778857474371
 21
-4.476308892384622
 31
0.0
  0
ELLIPSE
  5
598
330
23F
100
AcDbEntity
  8
xian
 62
    18
420
        0
370
     0
100
AcDbEllipse
 10
-46.79178077743995
 20
-3.981241895309722
 30
0.0
 11
3.893838594294265
 21
0.0
 31
0.0
210
0.0
220
0.0
230
1.0
 40
0.1027263946138155
 41
5.858628083889406
 42
6.283185307179586
  0
LINE
  5
599
330
23F
100
AcDbEntity
  8
xian
 62
    18
420
        0
370
     0
100
AcDbLine
 10
-42.89794218314341
 20
-3.981241895309722
 30
0.0
 11
-42.86881046024859
 21
-3.981241895309722
 31
0.0
  0
ARC
  5
59A
330
23F
100
AcDbEntity
  8
xian
 62
    18
420
        0
370
     0
100
AcDbCircle
 10
-42.15595072143765
 20
-3.878879162271914
 30
0.0
 40
1.120004390461078
100
AcDbArc
 50
193.7984805341905
 51
198.183665977543
  0
ELLIPSE
  5
59B
330
23F
100
AcDbEntity
  8
xian
 62
    18
420
        0
370
     0
100
AcDbEllipse
 10
-44.15441801872725
 20
4.178506184913203
 30
0.0
 11
1.269046793823691
 21
-0.447831951552303
 31
0.0
210
0.0
220
0.0
230
1.0
 40
0.1478197786742486
 41
5.886505254321837
 42
6.185160024749596
  0
LINE
  5
59C
330
23F
100
AcDbEntity
  8
xian
 62
    18
420
        0
370
     0
100
AcDbLine
 10
-43.00949058789479
 20
3.692971895658047
 30
0.0
 11
-43.95125488783446
 21
4.00894205955592
 31
0.0
  0
ARC
  5
59D
330
23F
100
AcDbEntity
  8
xian
 62
    18
420
        0
370
     0
100
AcDbCircle
 10
-42.86357314611882
 20
3.741812384698278
 30
0.0
 40
1.12000439037284
100
AcDbArc
 50
161.8163340222922
 51
166.2015194659675
  0
ELLIPSE
  5
59E
330
23F
100
AcDbEntity
  8
xian
 62
    18
420
        0
370
     0
100
AcDbEllipse
 10
-42.83573663936908
 20
3.736077042516626
 30
0.0
 11
0.1996779915411935
 21
0.1436231375557782
 31
0.0
210
0.0
220
0.0
230
1.0
 40
0.0789885874327653
 41
1.680175178122109
 42
1.830317115901901
  0
ELLIPSE
  5
59F
330
23F
100
AcDbEntity
  8
xian
 62
    18
420
        0
370
     0
100
AcDbEllipse
 10
43.18169832499484
 20
3.736077042516626
 30
0.0
 11
0.1996779915411935
 21
-0.1436231375557782
 31
0.0
210
0.0
220
0.0
230
1.0
 40
0.07898858743239
 41
1.311275537690097
 42
1.461417475468199
  0
LINE
  5
5A0
330
23F
100
AcDbEntity
  8
xian
 62
    18
420
        0
370
     0
100
AcDbLine
 10
43.2439038687728
 20
-3.981241895309722
 30
0.0
 11
43.2439038687728
 21
3.714464960894474
 31
0.0
  0
LINE
  5
5A1
330
23F
100
AcDbEntity
  8
xian
 62
    18
420
        0
370
     0
100
AcDbLine
 10
43.2439038687728
 20
-3.981241895309722
 30
0.0
 11
43.21477214587798
 21
-3.981241895309722
 31
0.0
  0
LINE
  5
5A2
330
23F
100
AcDbEntity
  8
xian
 62
    18
420
        0
370
     0
100
AcDbLine
 10
-42.89794218314341
 20
-3.981241895309722
 30
0.0
 11
-42.89794218314705
 21
3.714464960894474
 31
0.0
  0
ARC
  5
5A3
330
23F
100
AcDbEntity
  8
xian
 62
    18
420
        0
370
     0
100
AcDbCircle
 10
43.20953483111156
 20
3.741812384534568
 30
0.0
 40
1.120004391026405
100
AcDbArc
 50
13.79848053440844
 51
18.18366597556562
  0
LINE
  5
5A4
330
23F
100
AcDbEntity
  8
xian
 62
    18
420
        0
370
     0
100
AcDbLine
 10
43.35545227352054
 20
3.692971895658047
 30
0.0
 11
44.29721657346021
 21
4.00894205955592
 31
0.0
  0
ELLIPSE
  5
5A5
330
23F
100
AcDbEntity
  8
xian
 62
    18
420
        0
370
     0
100
AcDbEllipse
 10
44.50037970435301
 20
4.178506184913203
 30
0.0
 11
1.269046793823918
 21
0.4478319515523026
 31
0.0
210
0.0
220
0.0
230
1.0
 40
0.1478197786741454
 41
3.239617936017654
 42
3.538272706445802
  0
ELLIPSE
  5
5A6
330
23F
100
AcDbEntity
  8
xian
 62
    18
420
        0
370
     0
100
AcDbEllipse
 10
47.1377424630657
 20
-3.981241895309722
 30
0.0
 11
3.893838594294265
 21
0.0
 31
0.0
210
0.0
220
0.0
230
1.0
 40
0.1027263946138155
 41
3.141592653589792
 42
3.566149876880153
  0
ARC
  5
5A7
330
23F
100
AcDbEntity
  8
xian
 62
    18
420
        0
370
     0
100
AcDbCircle
 10
42.50191240746722
 20
-3.87887916238651
 30
0.0
 40
1.120004390044622
100
AcDbArc
 50
341.816334021633
 51
346.2015194666658
  0
LINE
  5
5A8
330
23F
100
AcDbEntity
  8
xian
 62
    18
420
        0
370
     0
100
AcDbLine
 10
-43.00949058789479
 20
3.692971895658047
 30
0.0
 11
-44.83341838618502
 21
3.692971895658047
 31
0.0
  0
LINE
  5
5A9
330
23F
100
AcDbEntity
  8
xian
 62
    18
420
        0
370
     0
100
AcDbLine
 10
-44.83993710719073
 20
-3.981241895309722
 30
0.0
 11
-42.89794218314341
 21
-3.981241895309722
 31
0.0
  0
LINE
  5
5AA
330
23F
100
AcDbEntity
  8
xian
 62
    18
420
        0
370
     0
100
AcDbLine
 10
-44.83993710719073
 20
0.794444207849665
 30
0.0
 11
-44.83993710719073
 21
-3.981241895309722
 31
0.0
  0
LINE
  5
5AB
330
23F
100
AcDbEntity
  8
xian
 62
    18
420
        0
370
     0
100
AcDbLine
 10
-44.83993710719073
 20
3.693253778374128
 30
0.0
 11
-44.83993710719073
 21
0.794444207849665
 31
0.0
  0
ELLIPSE
  5
5AC
330
23F
100
AcDbEntity
  8
xian
 62
    18
420
        0
370
     0
100
AcDbEllipse
 10
-44.76651054909303
 20
4.178506184913203
 30
0.0
 11
0.0789015766940793
 21
0.48456963430408
 31
0.0
210
0.0
220
0.0
230
1.0
 40
0.3877121823845986
 41
3.170562526952468
 42
3.204639442780013
  0
LINE
  5
5AD
330
23F
100
AcDbEntity
  8
xian
 62
    18
420
        0
370
     0
100
AcDbLine
 10
-43.2436324632406
 20
-4.146008837151384
 30
0.0
 11
-44.83142601003123
 21
-4.146008837151384
 31
0.0
  0
ELLIPSE
  5
5AE
330
23F
100
AcDbEntity
  8
xian
 62
    18
420
        0
370
     0
100
AcDbEllipse
 10
-44.74406852045717
 20
-3.981241895309722
 30
0.0
 11
0.0
 21
0.3999999999999772
 31
0.0
210
0.0
220
0.0
230
1.0
 40
0.2396714668339109
 41
1.570796326794896
 42
1.995353550083231
  0
LINE
  5
5AF
330
23F
100
AcDbEntity
  8
xian
 62
    18
420
        0
370
     0
100
AcDbLine
 10
45.18589879281648
 20
3.693253778374128
 30
0.0
 11
45.18589879281648
 21
-3.981241895309722
 31
0.0
  0
LINE
  5
5B0
330
23F
100
AcDbEntity
  8
xian
 62
    18
420
        0
370
     0
100
AcDbLine
 10
45.18589879281648
 20
-3.981241895309722
 30
0.0
 11
43.2439038687728
 21
-3.981241895309722
 31
0.0
  0
LINE
  5
5B1
330
23F
100
AcDbEntity
  8
xian
 62
    18
420
        0
370
     0
100
AcDbLine
 10
43.35545227352054
 20
3.692971895658047
 30
0.0
 11
45.17938007181442
 21
3.692971895658047
 31
0.0
  0
ELLIPSE
  5
5B2
330
23F
100
AcDbEntity
  8
xian
 62
    18
420
        0
370
     0
100
AcDbEllipse
 10
45.11247223472241
 20
4.178506184913203
 30
0.0
 11
-0.078901576693852
 21
0.4845696343040805
 31
0.0
210
0.0
220
0.0
230
1.0
 40
0.3877121823841704
 41
3.078545864403077
 42
3.11262278023066
  0
ELLIPSE
  5
5B3
330
23F
100
AcDbEntity
  8
xian
 62
    18
420
        0
370
     0
100
AcDbEllipse
 10
45.09003020608292
 20
-3.981241895309722
 30
0.0
 11
0.0
 21
0.3999999999999772
 31
0.0
210
0.0
220
0.0
230
1.0
 40
0.2396714668344793
 41
4.287831757096454
 42
4.712388980384693
  0
LINE
  5
5B4
330
23F
100
AcDbEntity
  8
xian
 62
    18
420
        0
370
     0
100
AcDbLine
 10
43.58959414886635
 20
-4.146008837151384
 30
0.0
 11
45.17738769565698
 21
-4.146008837151384
 31
0.0
  0
LINE
  5
5B5
330
23F
100
AcDbEntity
  8
xian
 62
    18
420
        0
370
     0
100
AcDbLine
 10
43.86873637321992
 20
-4.239663496162393
 30
0.0
 11
43.58959414886635
 21
-4.146008837151384
 31
0.0
  0
LINE
  5
5B6
330
23F
100
AcDbEntity
  8
xian
 62
    18
420
        0
370
     0
100
AcDbLine
 10
45.17738769565698
 20
-4.146008837151384
 30
0.0
 11
45.15826020840473
 21
-4.900179319507515
 31
0.0
  0
SPLINE
  5
5B7
330
23F
100
AcDbEntity
  8
xian
 62
    18
420
        0
370
     0
100
AcDbSpline
210
0.0
220
0.0
230
1.0
 70
     8
 71
     3
 72
     8
 73
     4
 74
     0
 42
0.00000001
 43
0.0000000001
 40
0.0
 40
0.0
 40
0.0
 40
0.0
 40
1.0
 40
1.0
 40
1.0
 40
1.0
 10
44.16656283043926
 20
-4.596608386027583
 30
0.0
 10
44.13126811277038
 20
-4.527381959012927
 30
0.0
 10
44.09164976909164
 20
-4.460076724304599
 30
0.0
 10
44.04660298793828
 20
-4.39518360209513
 30
0.0
  0
SPLINE
  5
5B8
330
23F
100
AcDbEntity
  8
xian
 62
    18
420
        0
370
     0
100
AcDbSpline
210
0.0
220
0.0
230
1.0
 70
     8
 71
     3
 72
    10
 73
     6
 74
     0
 42
0.00000001
 43
0.0000000001
 40
0.0
 40
0.0
 40
0.0
 40
0.0
 40
0.5
 40
0.5
 40
1.0
 40
1.0
 40
1.0
 40
1.0
 10
44.04660298793828
 20
-4.39518360209513
 30
0.0
 10
44.02400235656682
 20
-4.362625770078011
 30
0.0
 10
43.99880907562624
 20
-4.331441921051009
 30
0.0
 10
43.94057033833383
 20
-4.276699038504375
 30
0.0
 10
43.90701274241223
 20
-4.252505552978618
 30
0.0
 10
43.86873637321992
 20
-4.239663496162393
 30
0.0
  0
SPLINE
  5
5B9
330
23F
100
AcDbEntity
  8
xian
 62
    18
420
        0
370
     0
100
AcDbSpline
210
0.0
220
0.0
230
1.0
 70
     8
 71
     3
 72
     8
 73
     4
 74
     0
 42
0.00000001
 43
0.0000000001
 40
0.0
 40
0.0
 40
0.0
 40
0.0
 40
1.0
 40
1.0
 40
1.0
 40
1.0
 10
-43.8206011448135
 20
-4.596608386027583
 30
0.0
 10
-43.78530642714463
 20
-4.527381959012927
 30
0.0
 10
-43.74568808346589
 20
-4.460076724304599
 30
0.0
 10
-43.70064130231253
 20
-4.39518360209513
 30
0.0
  0
LINE
  5
5BA
330
23F
100
AcDbEntity
  8
xian
 62
    18
420
        0
370
     0
100
AcDbLine
 10
-44.83142601003123
 20
-4.146008837151384
 30
0.0
 11
-44.81229852277897
 21
-4.900179319507515
 31
0.0
  0
LINE
  5
5BB
330
23F
100
AcDbEntity
  8
xian
 62
    18
420
        0
370
     0
100
AcDbLine
 10
-43.52277468759417
 20
-4.239663496162393
 30
0.0
 11
-43.2436324632406
 21
-4.146008837151384
 31
0.0
  0
SPLINE
  5
5BC
330
23F
100
AcDbEntity
  8
xian
 62
    18
420
        0
370
     0
100
AcDbSpline
210
0.0
220
0.0
230
1.0
 70
     8
 71
     3
 72
    10
 73
     6
 74
     0
 42
0.00000001
 43
0.0000000001
 40
0.0
 40
0.0
 40
0.0
 40
0.0
 40
0.5
 40
0.5
 40
1.0
 40
1.0
 40
1.0
 40
1.0
 10
-43.70064130231253
 20
-4.39518360209513
 30
0.0
 10
-43.67804067094107
 20
-4.362625770078011
 30
0.0
 10
-43.65284739000048
 20
-4.331441921051009
 30
0.0
 10
-43.59460865270444
 20
-4.276699038504375
 30
0.0
 10
-43.56105105678284
 20
-4.252505552978618
 30
0.0
 10
-43.52277468759417
 20
-4.239663496162393
 30
0.0
  0
ELLIPSE
  5
5BD
330
23F
100
AcDbEntity
  8
xian
 62
    18
420
        0
370
     0
100
AcDbEllipse
 10
-6.708469902460592
 20
6.437833680020048
 30
0.0
 11
0.1815553986623399
 21
-0.0041836905851369
 31
0.0
210
0.0
220
0.0
230
1.0
 40
0.0628877380156008
 41
6.076488869751318
 42
6.248448625614752
  0
SPLINE
  5
5BE
330
23F
100
AcDbEntity
  8
xian
 62
    18
420
        0
370
     0
100
AcDbSpline
210
0.0
220
0.0
230
1.0
 70
     8
 71
     3
 72
     8
 73
     4
 74
     0
 42
0.00000001
 43
0.0000000001
 40
0.0
 40
0.0
 40
0.0
 40
0.0
 40
1.0
 40
1.0
 40
1.0
 40
1.0
 10
-6.540635448943021
 20
6.417390689801322
 30
0.0
 10
-6.53883928564096
 20
6.425777614183971
 30
0.0
 10
-6.534641421891819
 20
6.430348671035972
 30
0.0
 10
-6.530833045010467
 20
6.431395832045382
 30
0.0
  0
SPLINE
  5
5BF
330
23F
100
AcDbEntity
  8
xian
 62
    18
420
        0
370
     0
100
AcDbSpline
210
0.0
220
0.0
230
1.0
 70
     8
 71
     3
 72
     8
 73
     4
 74
     0
 42
0.00000001
 43
0.0000000001
 40
0.0
 40
0.0
 40
0.0
 40
0.0
 40
1.0
 40
1.0
 40
1.0
 40
1.0
 10
-7.746151774784038
 20
8.828710192736252
 30
0.0
 10
-7.757309517281782
 20
8.845860928027832
 30
0.0
 10
-7.776807746919757
 20
8.858243292859697
 30
0.0
 10
-7.801396032377624
 20
8.863793098469614
 30
0.0
  0
LINE
  5
5C0
330
23F
100
AcDbEntity
  8
xian
 62
    18
420
        0
370
     0
100
AcDbLine
 10
-7.746151774787676
 20
8.828710192736252
 30
0.0
 11
-6.527033166000137
 21
6.433255983209164
 31
0.0
  0
SPLINE
  5
5C1
330
23F
100
AcDbEntity
  8
xian
 62
    18
420
        0
370
     0
100
AcDbSpline
210
0.0
220
0.0
230
1.0
 70
     8
 71
     3
 72
     8
 73
     4
 74
     0
 42
0.00000001
 43
0.0000000001
 40
0.0
 40
0.0
 40
0.0
 40
0.0
 40
1.0
 40
1.0
 40
1.0
 40
1.0
 10
6.886597134568773
 20
6.417390689801322
 30
0.0
 10
6.884800971266713
 20
6.425777614182152
 30
0.0
 10
6.880603107517572
 20
6.430348671035972
 30
0.0
 10
6.876794730639858
 20
6.431395832045382
 30
0.0
  0
ELLIPSE
  5
5C2
330
23F
100
AcDbEntity
  8
xian
 62
    18
420
        0
370
     0
100
AcDbEllipse
 10
7.054431588089983
 20
6.437833680020048
 30
0.0
 11
0.1815553986623399
 21
0.0041836905851369
 31
0.0
210
0.0
220
0.0
230
1.0
 40
0.0628877380162266
 41
3.176329335153718
 42
3.34828909102002
  0
LINE
  5
5C3
330
23F
100
AcDbEntity
  8
xian
 62
    18
420
        0
370
     0
100
AcDbLine
 10
8.092113460413429
 20
8.828710192736252
 30
0.0
 11
6.87299485162589
 21
6.433255983209164
 31
0.0
  0
SPLINE
  5
5C4
330
23F
100
AcDbEntity
  8
xian
 62
    18
420
        0
370
     0
100
AcDbSpline
210
0.0
220
0.0
230
1.0
 70
     8
 71
     3
 72
     8
 73
     4
 74
     0
 42
0.00000001
 43
0.0000000001
 40
0.0
 40
0.0
 40
0.0
 40
0.0
 40
1.0
 40
1.0
 40
1.0
 40
1.0
 10
8.147223282411914
 20
8.863516448665905
 30
0.0
 10
8.122714402298925
 20
8.858130169450305
 30
0.0
 10
8.103313037968518
 20
8.845942841473515
 30
0.0
 10
8.092254098209423
 20
8.828986532873386
 30
0.0
  0
ARC
  5
5C5
330
23F
100
AcDbEntity
  8
xian
 62
    18
420
        0
370
     0
100
AcDbCircle
 10
-44.15925630034394
 20
-5.220557342661777
 30
0.0
 40
0.944229594980708
100
AcDbArc
 50
51.96317165924879
 51
60.94146901297005
  0
ARC
  5
5C6
330
23F
100
AcDbEntity
  8
xian
 62
    18
420
        0
370
     0
100
AcDbCircle
 10
44.50521798597333
 20
-5.220557342667234
 30
0.0
 40
0.944229594986745
100
AcDbArc
 50
119.0585309870299
 51
128.036828340678
  0
LINE
  5
5C7
330
23F
100
AcDbEntity
  8
xian
 62
    18
420
        0
370
     0
100
AcDbLine
 10
-44.81934375865307
 20
4.247915077374273
 30
0.0
 11
-44.83341838618502
 21
3.692971895658047
 31
0.0
  0
SPLINE
  5
5C8
330
23F
100
AcDbEntity
  8
xian
 62
    18
420
        0
370
     0
100
AcDbSpline
210
0.0
220
0.0
230
1.0
 70
     8
 71
     3
 72
     8
 73
     4
 74
     0
 42
0.00000001
 43
0.0000000001
 40
0.0
 40
0.0
 40
0.0
 40
0.0
 40
1.0
 40
1.0
 40
1.0
 40
1.0
 10
-43.95125488783446
 20
4.00894205955592
 30
0.0
 10
-44.23780081695873
 20
4.105080726305459
 30
0.0
 10
-44.52789539454238
 20
4.180458059379816
 30
0.0
 10
-44.81934375865307
 20
4.247915077374273
 30
0.0
  0
LINE
  5
5C9
330
23F
100
AcDbEntity
  8
xian
 62
    18
420
        0
370
     0
100
AcDbLine
 10
45.16530544428246
 20
4.247915077374273
 30
0.0
 11
45.17938007181442
 21
3.692971895658047
 31
0.0
  0
SPLINE
  5
5CA
330
23F
100
AcDbEntity
  8
xian
 62
    18
420
        0
370
     0
100
AcDbSpline
210
0.0
220
0.0
230
1.0
 70
     8
 71
     3
 72
     8
 73
     4
 74
     0
 42
0.00000001
 43
0.0000000001
 40
0.0
 40
0.0
 40
0.0
 40
0.0
 40
1.0
 40
1.0
 40
1.0
 40
1.0
 10
44.29721657346021
 20
4.00894205955592
 30
0.0
 10
44.58376250258811
 20
4.105080726305459
 30
0.0
 10
44.87385708016813
 20
4.180458059379816
 30
0.0
 10
45.16530544428246
 20
4.247915077374273
 30
0.0
  0
ARC
  5
5CB
330
23F
100
AcDbEntity
  8
xian
 62
    18
420
        0
370
     0
100
AcDbCircle
 10
-42.43509294183309
 20
-3.972533820151511
 30
0.0
 40
1.120004394574288
100
AcDbArc
 50
193.7984805420264
 51
198.1836659692624
  0
ARC
  5
5CC
330
23F
100
AcDbEntity
  8
xian
 62
    18
420
        0
370
     0
100
AcDbCircle
 10
42.78105462670578
 20
-3.972533819956879
 30
0.0
 40
1.120004395353789
100
AcDbArc
 50
341.816334033263
 51
346.2015194574901
  0
LINE
  5
5CD
330
23F
100
AcDbEntity
  8
xian
 62
    18
420
        0
370
     0
100
AcDbLine
 10
-6.530833045010467
 20
6.431395832045382
 30
0.0
 11
6.876794730639858
 21
6.431395832045382
 31
0.0
  0
SPLINE
  5
5CE
330
23F
100
AcDbEntity
  8
xian
 62
    18
420
        0
370
     0
100
AcDbSpline
210
0.0
220
0.0
230
1.0
 70
     8
 71
     3
 72
    10
 73
     6
 74
     0
 42
0.00000001
 43
0.0000000001
 40
0.0
 40
0.0
 40
0.0
 40
0.0
 40
0.5
 40
0.5
 40
1.0
 40
1.0
 40
1.0
 40
1.0
 10
-43.49916549761906
 20
-4.322046967095957
 30
0.0
 10
-43.52294180833337
 20
-4.339786563628877
 30
0.0
 10
-43.53574974732396
 20
-4.367767976393224
 30
0.0
 10
-43.55947551880013
 20
-4.42117015246913
 30
0.0
 10
-43.56942338729345
 20
-4.448744836774494
 30
0.0
 10
-43.57745236923142
 20
-4.476868083775116
 30
0.0
  0
SPLINE
  5
5CF
330
23F
100
AcDbEntity
  8
xian
 62
    18
420
        0
370
     0
100
AcDbSpline
210
0.0
220
0.0
230
1.0
 70
     8
 71
     3
 72
    10
 73
     6
 74
     0
 42
0.00000001
 43
0.0000000001
 40
0.0
 40
0.0
 40
0.0
 40
0.0
 40
0.5
 40
0.5
 40
1.0
 40
1.0
 40
1.0
 40
1.0
 10
43.84512718324481
 20
-4.322046967095957
 30
0.0
 10
43.86890349395912
 20
-4.339786563628877
 30
0.0
 10
43.88171143294971
 20
-4.367767976393224
 30
0.0
 10
43.90543720442588
 20
-4.42117015246913
 30
0.0
 10
43.91538507291921
 20
-4.448744836774494
 30
0.0
 10
43.92341405486081
 20
-4.476868083775116
 30
0.0
  0
LINE
  5
5D0
330
23F
100
AcDbEntity
  8
xian
 62
    18
420
        0
370
     0
100
AcDbLine
 10
-6.527033166000137
 20
6.433255983209164
 30
0.0
 11
-6.505761411900266
 21
6.469739548521829
 31
0.0
  0
SPLINE
  5
5D1
330
23F
100
AcDbEntity
  8
xian
 62
    18
420
        0
370
     0
100
AcDbSpline
210
0.0
220
0.0
230
1.0
 70
     8
 71
     3
 72
     8
 73
     4
 74
     0
 42
0.00000001
 43
0.0000000001
 40
0.0
 40
0.0
 40
0.0
 40
0.0
 40
1.0
 40
1.0
 40
1.0
 40
1.0
 10
-6.449110548216367
 20
6.481725290097529
 30
0.0
 10
-6.48802318691446
 20
6.478051130734456
 30
0.0
 10
-6.503326329221408
 20
6.473916002312762
 30
0.0
 10
-6.505761411900266
 20
6.469739548521829
 30
0.0
  0
LINE
  5
5D2
330
23F
100
AcDbEntity
  8
xian
 62
    18
420
        0
370
     0
100
AcDbLine
 10
6.79507223384212
 20
6.481725290097529
 30
0.0
 11
-6.449110548216367
 21
6.481725290097529
 31
0.0
  0
SPLINE
  5
5D3
330
23F
100
AcDbEntity
  8
xian
 62
    18
420
        0
370
     0
100
AcDbSpline
210
0.0
220
0.0
230
1.0
 70
     8
 71
     3
 72
     8
 73
     4
 74
     0
 42
0.00000001
 43
0.0000000001
 40
0.0
 40
0.0
 40
0.0
 40
0.0
 40
1.0
 40
1.0
 40
1.0
 40
1.0
 10
6.79507223384212
 20
6.481725290097529
 30
0.0
 10
6.833984872543851
 20
6.478051130734456
 30
0.0
 10
6.849288014847161
 20
6.473916002312762
 30
0.0
 10
6.851723097529657
 20
6.469739548521829
 30
0.0
  0
LINE
  5
5D4
330
23F
100
AcDbEntity
  8
xian
 62
    18
420
        0
370
     0
100
AcDbLine
 10
6.87299485162589
 20
6.433255983209164
 30
0.0
 11
6.851723097529657
 21
6.469739548521829
 31
0.0
  0
SPLINE
  5
5D5
330
23F
100
AcDbEntity
  8
xian
 62
    18
420
        0
370
     0
100
AcDbSpline
210
0.0
220
0.0
230
1.0
 70
     8
 71
     3
 72
    29
 73
    25
 74
     0
 42
0.00000001
 43
0.0000000001
 40
0.0
 40
0.0
 40
0.0
 40
0.0
 40
0.0000878932808928
 40
0.0000878932808928
 40
0.0000878932808928
 40
0.0001896389558406
 40
0.0001896389558406
 40
0.0001896389558406
 40
0.0002762004012479
 40
0.0002762004012479
 40
0.0002762004012479
 40
0.0003171671858045
 40
0.0003171671858045
 40
0.0003171671858045
 40
0.0003274088845974
 40
0.0003274088845974
 40
0.0003274088845974
 40
0.0003376506511255
 40
0.0003376506511255
 40
0.0003376506511255
 40
0.0003478924173754
 40
0.0003478924173754
 40
0.0003478924173754
 40
0.0003591490557704
 40
0.0003591490557704
 40
0.0003591490557704
 40
0.0003591490557704
 10
-7.845016187457758
 20
9.023255776108271
 30
0.0
 10
-7.836954683262547
 20
9.007390860007944
 30
0.0
 10
-7.828893978385849
 20
8.991527174870498
 30
0.0
 10
-7.820834051851079
 20
8.975664688483448
 30
0.0
 10
-7.81150384303396
 20
8.957302199733021
 30
0.0
 10
-7.802174677105313
 20
8.938941317132048
 30
0.0
 10
-7.792846522625723
 20
8.920581992382722
 30
0.0
 10
-7.784910474860907
 20
8.904962560005515
 30
0.0
 10
-7.776975159130188
 20
8.88934425509251
 30
0.0
 10
-7.769040556712525
 20
8.873727048894579
 30
0.0
 10
-7.765285361227824
 20
8.866335920885831
 30
0.0
 10
-7.761530325515877
 20
8.85894503896452
 30
0.0
 10
-7.757775447630365
 20
8.851554400149325
 30
0.0
 10
-7.756836727917061
 20
8.849706739967587
 30
0.0
 10
-7.755898615251453
 20
8.84786001471366
 30
0.0
 10
-7.754959149188607
 20
8.846011205043396
 30
0.0
 10
-7.754019680022565
 20
8.844162389261327
 30
0.0
 10
-7.753077611284197
 20
8.842309568737618
 30
0.0
 10
-7.752132969086915
 20
8.840452792272117
 30
0.0
 10
-7.751188326904184
 20
8.838596015835719
 30
0.0
 10
-7.750241104539554
 20
8.836735270246208
 30
0.0
 10
-7.74929132799366
 20
8.834870604092429
 30
0.0
 10
-7.748247437336203
 20
8.832821166683061
 30
0.0
 10
-7.747199973041233
 20
8.830766241180754
 30
0.0
 10
-7.746150483723567
 20
8.828708213190111
 30
0.0
  0
SPLINE
  5
5D6
330
23F
100
AcDbEntity
  8
xian
 62
    18
420
        0
370
     0
100
AcDbSpline
210
0.0
220
0.0
230
1.0
 70
     8
 71
     3
 72
    12
 73
     8
 74
     0
 42
0.00000001
 43
0.0000000001
 40
0.0
 40
0.0
 40
0.0
 40
0.0
 40
0.2248807627058011
 40
0.4499072532999259
 40
0.6777362971689019
 40
0.9109289486795979
 40
1.0
 40
1.0
 40
1.0
 40
1.0
 10
-7.871434199657187
 20
9.101743831071871
 30
0.0
 10
-7.871823316880863
 20
9.099939641813762
 30
0.0
 10
-7.872601803480165
 20
9.096330094138465
 30
0.0
 10
-7.8689301846141
 20
9.082451252374085
 30
0.0
 10
-7.861654223307368
 20
9.062318209023942
 30
0.0
 10
-7.853008344057116
 20
9.041414321914999
 30
0.0
 10
-7.84673250355695
 20
9.027155579955433
 30
0.0
 10
-7.844997912580538
 20
9.023214580316562
 30
0.0
  0
LINE
  5
5D7
330
23F
100
AcDbEntity
  8
xian
 62
    18
420
        0
370
     0
100
AcDbLine
 10
-7.850118489471014
 20
9.064229948446154
 30
0.0
 11
-7.871434199657187
 21
9.101743831071871
 31
0.0
  0
LINE
  5
5D8
330
23F
100
AcDbEntity
  8
xian
 62
    18
420
        0
370
     0
100
AcDbLine
 10
-7.712724088353525
 20
9.307150859216562
 30
0.0
 11
-7.850118489471014
 21
9.064229948446154
 31
0.0
  0
LINE
  5
5D9
330
23F
100
AcDbEntity
  8
xian
 62
    18
420
        0
370
     0
100
AcDbLine
 10
-7.712724088353525
 20
9.307150859216562
 30
0.0
 11
-7.631969571368927
 21
9.164483547094278
 31
0.0
  0
ELLIPSE
  5
5DA
330
23F
100
AcDbEntity
  8
xian
 62
    18
420
        0
370
     0
100
AcDbEllipse
 10
-2.225939983313537
 20
-0.3840083558534388
 30
0.0
 11
-5.417844844027059
 21
9.545321343982323
 31
0.0
210
0.0
220
0.0
230
1.0
 40
0.0455778676623193
 41
6.259513882637899
 42
7.027506903742969
  0
ELLIPSE
  5
5DB
330
23F
100
AcDbEntity
  8
xian
 62
    18
420
        0
370
     0
100
AcDbEllipse
 10
2.57190166893929
 20
-0.3840083558534388
 30
0.0
 11
5.417844844027059
 21
9.545321343982323
 31
0.0
210
0.0
220
0.0
230
1.0
 40
0.0455778676623193
 41
5.538863710616366
 42
6.306856731721963
  0
LINE
  5
5DC
330
23F
100
AcDbEntity
  8
xian
 62
    18
420
        0
370
     0
100
AcDbLine
 10
8.058685773982915
 20
9.307150859216562
 30
0.0
 11
7.977931256994679
 21
9.164483547094278
 31
0.0
  0
LINE
  5
5DD
330
23F
100
AcDbEntity
  8
xian
 62
    18
420
        0
370
     0
100
AcDbLine
 10
8.058685773982915
 20
9.307150859216562
 30
0.0
 11
8.196080175096767
 21
9.064229948446154
 31
0.0
  0
LINE
  5
5DE
330
23F
100
AcDbEntity
  8
xian
 62
    18
420
        0
370
     0
100
AcDbLine
 10
8.196080175096767
 20
9.064229948446154
 30
0.0
 11
8.21739588528294
 21
9.101743831071871
 31
0.0
  0
SPLINE
  5
5DF
330
23F
100
AcDbEntity
  8
xian
 62
    18
420
        0
370
     0
100
AcDbSpline
210
0.0
220
0.0
230
1.0
 70
     8
 71
     3
 72
     8
 73
     4
 74
     0
 42
0.00000001
 43
0.0000000001
 40
3.088766387250029
 40
3.088766387250029
 40
3.088766387250029
 40
3.088766387250029
 40
3.495797585470841
 40
3.495797585470841
 40
3.495797585470841
 40
3.495797585470841
 10
8.1909261821595
 20
9.023159242189649
 30
0.0
 10
8.211393611534049
 20
9.069214965384162
 30
0.0
 10
8.220722909004734
 20
9.09657924048588
 30
0.0
 10
8.21739588528294
 20
9.101743831071871
 30
0.0
  0
SPLINE
  5
5E0
330
23F
100
AcDbEntity
  8
xian
 62
    18
420
        0
370
     0
100
AcDbSpline
210
0.0
220
0.0
230
1.0
 70
     8
 71
     3
 72
    29
 73
    25
 74
     0
 42
0.00000001
 43
0.0000000001
 40
0.0
 40
0.0
 40
0.0
 40
0.0
 40
0.0000878932808928
 40
0.0000878932808928
 40
0.0000878932808928
 40
0.0001896389558399
 40
0.0001896389558399
 40
0.0001896389558399
 40
0.0002762004012479
 40
0.0002762004012479
 40
0.0002762004012479
 40
0.0003171671858045
 40
0.0003171671858045
 40
0.0003171671858045
 40
0.0003274088845974
 40
0.0003274088845974
 40
0.0003274088845974
 40
0.0003376506511256
 40
0.0003376506511256
 40
0.0003376506511256
 40
0.0003478924173747
 40
0.0003478924173747
 40
0.0003478924173747
 40
0.0003591490557705
 40
0.0003591490557705
 40
0.0003591490557705
 40
0.0003591490557705
 10
8.190977873083511
 20
9.023255776108271
 30
0.0
 10
8.182916368891937
 20
9.007390860007944
 30
0.0
 10
8.17485566401524
 20
8.991527174870498
 30
0.0
 10
8.166795737476832
 20
8.975664688483448
 30
0.0
 10
8.157465528659713
 20
8.957302199733021
 30
0.0
 10
8.148136362734703
 20
8.938941317132048
 30
0.0
 10
8.138808208255113
 20
8.920581992382722
 30
0.0
 10
8.13087216048666
 20
8.904962560005515
 30
0.0
 10
8.12293684475594
 20
8.88934425509251
 30
0.0
 10
8.115002242338277
 20
8.873727048894579
 30
0.0
 10
8.111247046857215
 20
8.866335920885831
 30
0.0
 10
8.10749201114163
 20
8.85894503896452
 30
0.0
 10
8.103737133256117
 20
8.851554400149325
 30
0.0
 10
8.102798413542814
 20
8.849706739967587
 30
0.0
 10
8.101860300880844
 20
8.847860014715479
 30
0.0
 10
8.100920834817998
 20
8.846011205043396
 30
0.0
 10
8.099981365648318
 20
8.844162389261327
 30
0.0
 10
8.09903929690995
 20
8.842309568737618
 30
0.0
 10
8.098094654712667
 20
8.840452792272117
 30
0.0
 10
8.097150012529937
 20
8.838596015835719
 30
0.0
 10
8.096202790168945
 20
8.836735270246208
 30
0.0
 10
8.09525301362305
 20
8.834870604092429
 30
0.0
 10
8.094209122965594
 20
8.832821166683061
 30
0.0
 10
8.093161658666986
 20
8.830766241180754
 30
0.0
 10
8.09211216934932
 20
8.828708213190111
 30
0.0
  0
ARC
  5
5E1
330
23F
100
AcDbEntity
  8
xian
 62
    18
420
        0
370
     0
100
AcDbCircle
 10
44.27115762201651
 20
4.13619936302166
 30
0.0
 40
0.9010997330471679
100
AcDbArc
 50
7.121687331247046
 51
14.87730227710487
  0
ARC
  5
5E2
330
23F
100
AcDbEntity
  8
xian
 62
    18
420
        0
370
     0
100
AcDbCircle
 10
-43.92519593640895
 20
4.136199363023479
 30
0.0
 40
0.9010997330251566
100
AcDbArc
 50
165.1226977226803
 51
172.8783126687529
  0
ARC
  5
5E3
330
23F
100
AcDbEntity
  8
xian
 62
    18
420
        0
370
     0
100
AcDbCircle
 10
-44.81856152661634
 20
-5.05467966834658
 30
0.0
 40
0.1546272388960753
100
AcDbArc
 50
87.67866334750115
 51
152.1996651125047
  0
ARC
  5
5E4
330
23F
100
AcDbEntity
  8
xian
 62
    18
420
        0
370
     0
100
AcDbCircle
 10
-44.81080284849736
 20
-4.864464656711788
 30
0.0
 40
0.1866509242281671
100
AcDbArc
 50
219.2512285968729
 51
276.8793654499526
  0
ARC
  5
5E5
330
23F
100
AcDbEntity
  8
xian
 62
    18
420
        0
370
     0
100
AcDbCircle
 10
45.1645232122421
 20
-5.05467966834658
 30
0.0
 40
0.1546272388958205
100
AcDbArc
 50
27.80033488748315
 51
92.32133665223853
  0
ARC
  5
5E6
330
23F
100
AcDbEntity
  8
xian
 62
    18
420
        0
370
     0
100
AcDbCircle
 10
45.15676453412675
 20
-4.864464656713607
 30
0.0
 40
0.186650924226665
100
AcDbArc
 50
263.1206345502543
 51
320.7487714032737
  0
SPLINE
  5
5E7
330
23F
100
AcDbEntity
  8
xian
 62
    18
420
        0
370
     0
100
AcDbSpline
210
0.0
220
0.0
230
1.0
 70
     8
 71
     3
 72
    10
 73
     6
 74
     0
 42
0.00000001
 43
0.0000000001
 40
0.0
 40
0.0
 40
0.0
 40
0.0
 40
0.5
 40
0.5
 40
1.0
 40
1.0
 40
1.0
 40
1.0
 10
45.33265881021293
 20
-5.749292985141437
 30
0.0
 10
45.32547867082326
 20
-5.655585197966502
 30
0.0
 10
45.3192137234721
 20
-5.543716679550925
 30
0.0
 10
45.30853023377062
 20
-5.283340267085804
 30
0.0
 10
45.30429430793378
 20
-5.13862110194168
 30
0.0
 10
45.30130310450409
 20
-4.982562790428346
 30
0.0
  0
ARC
  5
5E8
330
23F
100
AcDbEntity
  8
xian
 62
    18
420
        0
370
     0
100
AcDbCircle
 10
45.14712830229405
 20
-5.725910784882216
 30
0.0
 40
0.1869981193985353
100
AcDbArc
 50
272.7503794034624
 51
352.8169480341978
  0
SPLINE
  5
5E9
330
23F
100
AcDbEntity
  8
xian
 62
    18
420
        0
370
     0
100
AcDbSpline
210
0.0
220
0.0
230
1.0
 70
     8
 71
     3
 72
    10
 73
     6
 74
     0
 42
0.00000001
 43
0.0000000001
 40
0.0
 40
0.0
 40
0.0
 40
0.0
 40
0.5
 40
0.5
 40
1.0
 40
1.0
 40
1.0
 40
1.0
 10
-44.98669712458718
 20
-5.749292985141437
 30
0.0
 10
-44.9795169851975
 20
-5.655585197966502
 30
0.0
 10
-44.97325203784635
 20
-5.543716679550925
 30
0.0
 10
-44.96256854814123
 20
-5.283340267085804
 30
0.0
 10
-44.95833262230803
 20
-5.13862110194168
 30
0.0
 10
-44.95534141887833
 20
-4.982562790428346
 30
0.0
  0
ARC
  5
5EA
330
23F
100
AcDbEntity
  8
xian
 62
    18
420
        0
370
     0
100
AcDbCircle
 10
-44.80116661666466
 20
-5.725910784880397
 30
0.0
 40
0.18699811939959
100
AcDbArc
 50
187.1830519661173
 51
267.2496205963294
  0
ARC
  5
5EB
330
23F
100
AcDbEntity
  8
xian
 62
    18
420
        0
370
     0
100
AcDbCircle
 10
45.18365069949436
 20
-4.300509185990449
 30
0.0
 40
0.154627238894835
100
AcDbArc
 50
27.80033488725015
 51
92.32133665260299
  0
LINE
  5
5EC
330
23F
100
AcDbEntity
  8
xian
 62
    18
420
        0
370
     0
100
AcDbLine
 10
45.30130310450409
 20
-4.982562790428346
 30
0.0
 11
45.32043059175999
 21
-4.228392308072216
 31
0.0
  0
LINE
  5
5ED
330
23F
100
AcDbEntity
  8
xian
 62
    18
420
        0
370
     0
100
AcDbLine
 10
-44.95534141887833
 20
-4.982562790428346
 30
0.0
 11
-44.97446890613423
 21
-4.228392308072216
 31
0.0
  0
ARC
  5
5EE
330
23F
100
AcDbEntity
  8
xian
 62
    18
420
        0
370
     0
100
AcDbCircle
 10
-44.83768901386861
 20
-4.300509185990449
 30
0.0
 40
0.1546272388957546
100
AcDbArc
 50
87.67866334750115
 51
152.1996651126212
  0
SPLINE
  5
5EF
330
23F
100
AcDbEntity
  8
xian
 62
    18
420
        0
370
     0
100
AcDbSpline
210
0.0
220
0.0
230
1.0
 70
     8
 71
     3
 72
    10
 73
     6
 74
     0
 42
0.00000001
 43
0.0000000001
 40
0.0
 40
0.0
 40
0.0
 40
0.0
 40
0.5
 40
0.5
 40
1.0
 40
1.0
 40
1.0
 40
1.0
 10
-44.96238665475607
 20
4.330298548295104
 30
0.0
 10
-44.96420881184962
 20
4.509361258704302
 30
0.0
 10
-44.96784380365056
 20
4.677554107796822
 30
0.0
 10
-44.97837064261761
 20
4.980098441377776
 30
0.0
 10
-44.98503708109342
 20
5.108513113422304
 30
0.0
 10
-44.99292119117376
 20
5.211244501386318
 30
0.0
  0
ARC
  5
5F0
330
23F
100
AcDbEntity
  8
xian
 62
    18
420
        0
370
     0
100
AcDbCircle
 10
-44.80734811163052
 20
5.187912806995882
 30
0.0
 40
0.1870340498790557
100
AcDbArc
 50
92.75926101928813
 51
172.833929197881
  0
ARC
  5
5F1
330
23F
100
AcDbEntity
  8
xian
 62
    18
420
        0
370
     0
100
AcDbCircle
 10
-44.8242059668562
 20
4.103298840615025
 30
0.0
 40
0.2657494492846639
100
AcDbArc
 50
83.92656854476779
 51
121.3299733340125
  0
ARC
  5
5F2
330
23F
100
AcDbEntity
  8
xian
 62
    18
420
        0
370
     0
100
AcDbCircle
 10
45.1533097972599
 20
5.187912806995882
 30
0.0
 40
0.1870340498783838
100
AcDbArc
 50
7.166070801962265
 51
87.24073898102666
  0
SPLINE
  5
5F3
330
23F
100
AcDbEntity
  8
xian
 62
    18
420
        0
370
     0
100
AcDbSpline
210
0.0
220
0.0
230
1.0
 70
     8
 71
     3
 72
    10
 73
     6
 74
     0
 42
0.00000001
 43
0.0000000001
 40
0.0
 40
0.0
 40
0.0
 40
0.0
 40
0.5
 40
0.5
 40
1.0
 40
1.0
 40
1.0
 40
1.0
 10
45.30834834038182
 20
4.330298548295104
 30
0.0
 10
45.31017049747538
 20
4.509361258704302
 30
0.0
 10
45.31380548927631
 20
4.677554107798641
 30
0.0
 10
45.32433232824337
 20
4.980098441377776
 30
0.0
 10
45.33099876672281
 20
5.108513113422304
 30
0.0
 10
45.33888287680315
 20
5.211244501386318
 30
0.0
  0
ARC
  5
5F4
330
23F
100
AcDbEntity
  8
xian
 62
    18
420
        0
370
     0
100
AcDbCircle
 10
45.17016765248558
 20
4.103298840615025
 30
0.0
 40
0.2657494492842332
100
AcDbArc
 50
58.67002666605906
 51
96.07343145502497
  0
ARC
  5
5F5
330
23F
100
AcDbEntity
  8
xian
 62
    18
420
        0
370
     0
100
AcDbCircle
 10
45.1715684481162
 20
4.402415426215156
 30
0.0
 40
0.1546272388968882
100
AcDbArc
 50
267.6786633477615
 51
332.19966511233
  0
ARC
  5
5F6
330
23F
100
AcDbEntity
  8
xian
 62
    18
420
        0
370
     0
100
AcDbCircle
 10
-44.82560676249045
 20
4.402415426213337
 30
0.0
 40
0.154627238895449
100
AcDbArc
 50
207.8003348873666
 51
272.3213366529695
  0
ELLIPSE
  5
5F7
330
23F
100
AcDbEntity
  8
xian
 62
    18
420
        0
370
     0
100
AcDbEllipse
 10
-44.77773156341277
 20
3.736077042516626
 30
0.0
 11
0.1999991555881032
 21
-0.0025358101420352
 31
0.0
210
0.0
220
0.0
230
1.0
 40
0.2291870060795141
 41
3.196858408912735
 42
4.399020663679067
  0
LINE
  5
5F8
330
23F
100
AcDbEntity
  8
xian
 62
    18
420
        0
370
     0
100
AcDbLine
 10
-44.97745747036311
 20
3.736077042516626
 30
0.0
 11
-44.96238665475607
 21
4.330298548295104
 31
0.0
  0
LINE
  5
5F9
330
23F
100
AcDbEntity
  8
xian
 62
    18
420
        0
370
     0
100
AcDbLine
 10
45.32341915599249
 20
3.736077042516626
 30
0.0
 11
45.30834834038182
 21
4.330298548295104
 31
0.0
  0
ELLIPSE
  5
5FA
330
23F
100
AcDbEntity
  8
xian
 62
    18
420
        0
370
     0
100
AcDbEllipse
 10
45.12369324904216
 20
3.736077042516626
 30
0.0
 11
0.1999991555878751
 21
0.0025358101419215
 31
0.0
210
0.0
220
0.0
230
1.0
 40
0.2291870060797763
 41
5.025757297099504
 42
6.22791955185924
  0
LWPOLYLINE
  5
5FB
330
23F
100
AcDbEntity
  8
xian
 62
    18
420
        0
370
     0
100
AcDbPolyline
 90
        3
 70
   128
 43
0.0
 10
45.67277523413508
 20
-8.081746885405664
 10
45.59740460569378
 20
-8.006754431702574
 10
45.52135375464717
 20
-7.931094163453963
  0
SPLINE
  5
5FC
330
23F
100
AcDbEntity
  8
xian
 62
    18
420
        0
370
     0
100
AcDbSpline
210
0.0
220
0.0
230
1.0
 70
     8
 71
     3
 72
    10
 73
     6
 74
     0
 42
0.00000001
 43
0.0000000001
 40
0.0
 40
0.0
 40
0.0
 40
0.0
 40
0.5
 40
0.5
 40
1.0
 40
1.0
 40
1.0
 40
1.0
 10
45.52135375464717
 20
-7.931094163453963
 30
0.0
 10
45.51377597490431
 20
-7.92355576238333
 30
0.0
 10
45.50642203857137
 20
-7.896930669212451
 30
0.0
 10
45.49215800564638
 20
-7.805835132923675
 30
0.0
 10
45.48530731438518
 20
-7.741172467647629
 30
0.0
 10
45.47903927770971
 20
-7.659394491454804
 30
0.0
  0
LWPOLYLINE
  5
5FD
330
23F
100
AcDbEntity
  8
xian
 62
    18
420
        0
370
     0
100
AcDbPolyline
 90
        3
 70
   128
 43
0.0
 10
45.47903927770971
 20
-7.659394491454804
 10
45.39783603704859
 20
-6.599857956580308
 10
45.33265881021293
 20
-5.749292985141437
  0
ELLIPSE
  5
5FE
330
23F
100
AcDbEntity
  8
xian
 62
    18
420
        0
370
     0
100
AcDbEllipse
 10
45.28975611303326
 20
-3.981241895309722
 30
0.0
 11
0.0
 21
0.6000000000000228
 31
0.0
210
0.0
220
0.0
230
1.0
 40
0.0561050715941725
 41
4.28783175709776
 42
4.71238898038469
  0
LINE
  5
5FF
330
23F
100
AcDbEntity
  8
xian
 62
    18
420
        0
370
     0
100
AcDbLine
 10
45.32341915599249
 20
-3.981241895309722
 30
0.0
 11
45.32341915599249
 21
-3.564009044885096
 31
0.0
  0
SPLINE
  5
600
330
23F
100
AcDbEntity
  8
xian
 62
    18
420
        0
370
     0
100
AcDbSpline
210
0.0
220
0.0
230
1.0
 70
     8
 71
     3
 72
    20
 73
    16
 74
     0
 42
0.00000001
 43
0.0000000001
 40
0.0
 40
0.0
 40
0.0
 40
0.0
 40
0.1249999999999982
 40
0.1249999999999982
 40
0.2499999999999984
 40
0.2499999999999984
 40
0.3749999999999987
 40
0.3749999999999987
 40
0.499999999999999
 40
0.499999999999999
 40
0.6249999999999992
 40
0.6249999999999992
 40
0.7499999999999993
 40
0.7499999999999993
 40
1.0
 40
1.0
 40
1.0
 40
1.0
 10
45.67277523413145
 20
-7.679443871520561
 30
0.0
 10
45.65459766386197
 20
-7.678401281857077
 30
0.0
 10
45.63647697948113
 20
-7.653033053220497
 30
0.0
 10
45.6009025576925
 20
-7.556746732227111
 30
0.0
 10
45.58337244097424
 20
-7.485612979173311
 30
0.0
 10
45.54882600339192
 20
-7.297399386594406
 30
0.0
 10
45.53168572213985
 20
-7.179136621349243
 30
0.0
 10
45.49861234813147
 20
-6.899996257403472
 30
0.0
 10
45.48272447457134
 20
-6.740089718896342
 30
0.0
 10
45.45222243106332
 20
-6.380353777889467
 30
0.0
 10
45.43760531598969
 20
-6.180616687244764
 30
0.0
 10
45.40968645933685
 20
-5.739913544613955
 30
0.0
 10
45.39652663695164
 20
-5.500723584702427
 30
0.0
 10
45.36021469253978
 20
-4.744782945650513
 30
0.0
 10
45.3398228510407
 20
-4.184057792866951
 30
0.0
 10
45.32341915599249
 20
-3.564009044885096
 30
0.0
  0
LINE
  5
601
330
23F
100
AcDbEntity
  8
xian
 62
    18
420
        0
370
     0
100
AcDbLine
 10
45.67277523413508
 20
-8.081746885405664
 30
0.0
 11
45.67277523413508
 21
-7.679443871520561
 31
0.0
  0
ELLIPSE
  5
602
330
23F
100
AcDbEntity
  8
xian
 62
    18
420
        0
370
     0
100
AcDbEllipse
 10
-44.94379442740751
 20
-3.981241895309722
 30
0.0
 11
0.0
 21
0.6000000000000228
 31
0.0
210
0.0
220
0.0
230
1.0
 40
0.0561050715937936
 41
1.570796326794896
 42
1.995353550076551
  0
LWPOLYLINE
  5
603
330
23F
100
AcDbEntity
  8
xian
 62
    18
420
        0
370
     0
100
AcDbPolyline
 90
        3
 70
   128
 43
0.0
 10
-45.13307759208032
 20
-7.659394491454804
 10
-45.05187435142284
 20
-6.599857956580308
 10
-44.98669712458718
 20
-5.749292985141437
  0
SPLINE
  5
604
330
23F
100
AcDbEntity
  8
xian
 62
    18
420
        0
370
     0
100
AcDbSpline
210
0.0
220
0.0
230
1.0
 70
     8
 71
     3
 72
    10
 73
     6
 74
     0
 42
0.00000001
 43
0.0000000001
 40
0.0
 40
0.0
 40
0.0
 40
0.0
 40
0.5
 40
0.5
 40
1.0
 40
1.0
 40
1.0
 40
1.0
 10
-45.17539206902142
 20
-7.931094163453963
 30
0.0
 10
-45.16781428927856
 20
-7.92355576238333
 30
0.0
 10
-45.16046035294562
 20
-7.896930669212451
 30
0.0
 10
-45.14619632002063
 20
-7.805835132923675
 30
0.0
 10
-45.13934562875943
 20
-7.741172467647629
 30
0.0
 10
-45.13307759208032
 20
-7.659394491454804
 30
0.0
  0
LWPOLYLINE
  5
605
330
23F
100
AcDbEntity
  8
xian
 62
    18
420
        0
370
     0
100
AcDbPolyline
 90
        3
 70
   128
 43
0.0
 10
-45.32681354850569
 20
-8.081746885405664
 10
-45.25144292006439
 20
-8.006754431702574
 10
-45.17539206902142
 20
-7.931094163453963
  0
LINE
  5
606
330
23F
100
AcDbEntity
  8
xian
 62
    18
420
        0
370
     0
100
AcDbLine
 10
-45.32681354850569
 20
-8.081746885405664
 30
0.0
 11
-45.32681354850569
 21
-7.679445075365947
 31
0.0
  0
SPLINE
  5
607
330
23F
100
AcDbEntity
  8
xian
 62
    18
420
        0
370
     0
100
AcDbSpline
210
0.0
220
0.0
230
1.0
 70
     8
 71
     3
 72
    22
 73
    18
 74
     0
 42
0.00000001
 43
0.0000000001
 40
0.0
 40
0.0
 40
0.0
 40
0.0
 40
0.2500000000000067
 40
0.2500000000000067
 40
0.3125000000000068
 40
0.3125000000000068
 40
0.3750000000000069
 40
0.3750000000000069
 40
0.5000000000000055
 40
0.5000000000000055
 40
0.6250000000000043
 40
0.6250000000000043
 40
0.7500000000000029
 40
0.7500000000000029
 40
0.8750000000000014
 40
0.8750000000000014
 40
1.0
 40
1.0
 40
1.0
 40
1.0
 10
-44.97745747036311
 20
-3.564041096342407
 30
0.0
 10
-44.99386011426463
 20
-4.1838782430641
 30
0.0
 10
-45.01425888887456
 20
-4.744658923198585
 30
0.0
 10
-45.04453137595987
 20
-5.375082355649283
 30
0.0
 10
-45.05082908520558
 20
-5.497572757518355
 30
0.0
 10
-45.06392391686381
 20
-5.735173027620476
 30
0.0
 10
-45.070746795908
 20
-5.850661777576533
 30
0.0
 10
-45.09166451662236
 20
-6.180762281488568
 30
0.0
 10
-45.10626899901104
 20
-6.38045857535144
 30
0.0
 10
-45.13676479741184
 20
-6.74009337210191
 30
0.0
 10
-45.1526539380909
 20
-6.90009908367574
 30
0.0
 10
-45.18575207118987
 20
-7.179332593566869
 30
0.0
 10
-45.20286608618403
 20
-7.297267927422581
 30
0.0
 10
-45.23739129964519
 20
-7.485444094225385
 30
0.0
 10
-45.25491765769834
 20
-7.55666384115284
 30
0.0
 10
-45.29050051662557
 20
-7.653137747767686
 30
0.0
 10
-45.30863847965952
 20
-7.678421664937559
 30
0.0
 10
-45.32681354850569
 20
-7.679445075365947
 30
0.0
  0
LINE
  5
608
330
23F
100
AcDbEntity
  8
xian
 62
    18
420
        0
370
     0
100
AcDbLine
 10
-44.97745747036311
 20
-3.981241895309722
 30
0.0
 11
-44.97745747036311
 21
-3.564041096342407
 31
0.0
  0
LWPOLYLINE
  5
609
330
23F
100
AcDbEntity
  8
xian
 62
    18
420
        0
370
     0
100
AcDbPolyline
 90
        3
 70
   128
 43
0.0
 10
-45.17621511383254
 20
7.353841807380376
 10
-45.25160862286134
 20
7.42891668059201
 10
-45.32681354850569
 20
7.50381040310458
  0
SPLINE
  5
60A
330
23F
100
AcDbEntity
  8
xian
 62
    18
420
        0
370
     0
100
AcDbSpline
210
0.0
220
0.0
230
1.0
 70
     8
 71
     3
 72
    10
 73
     6
 74
     0
 42
0.00000001
 43
0.0000000001
 40
0.0
 40
0.0
 40
0.0
 40
0.0
 40
0.5
 40
0.5
 40
1.0
 40
1.0
 40
1.0
 40
1.0
 10
-45.13926082555985
 20
7.116975360968353
 30
0.0
 10
-45.1447372721675
 20
7.188253560319935
 30
0.0
 10
-45.15071872001567
 20
7.244602852397292
 30
0.0
 10
-45.16317756456624
 20
7.324037233960552
 30
0.0
 10
-45.16959938489958
 20
7.347254336889818
 30
0.0
 10
-45.17621511383254
 20
7.353841807380376
 30
0.0
  0
SPLINE
  5
60B
330
23F
100
AcDbEntity
  8
xian
 62
    18
420
        0
370
     0
100
AcDbSpline
210
0.0
220
0.0
230
1.0
 70
     8
 71
     3
 72
    11
 73
     7
 74
     0
 42
0.00000001
 43
0.0000000001
 40
0.0
 40
0.0
 40
0.0
 40
0.0
 40
0.0023532214839327
 40
0.0023532214839327
 40
0.0023532214839327
 40
0.0042297889282623
 40
0.0042297889282623
 40
0.0042297889282623
 40
0.0042297889282623
 10
-44.99292119117376
 20
5.211244501386318
 30
0.0
 10
-45.0200546537169
 20
5.56479845220565
 30
0.0
 10
-45.04719098541386
 20
5.918272024717225
 30
0.0
 10
-45.07433001581444
 20
6.271669920550266
 30
0.0
 10
-45.09597193158765
 20
6.553485718070078
 30
0.0
 10
-45.11761556375927
 20
6.835253398581699
 30
0.0
 10
-45.13926082555985
 20
7.116975360968353
 30
0.0
  0
LINE
  5
60C
330
23F
100
AcDbEntity
  8
xian
 62
    18
420
        0
370
     0
100
AcDbLine
 10
-44.97745747036311
 20
3.189560802977212
 30
0.0
 11
-44.97745747036311
 21
3.736077042516626
 31
0.0
  0
SPLINE
  5
60D
330
23F
100
AcDbEntity
  8
xian
 62
    18
420
        0
370
     0
100
AcDbSpline
210
0.0
220
0.0
230
1.0
 70
     8
 71
     3
 72
    22
 73
    18
 74
     0
 42
0.00000001
 43
0.0000000001
 40
0.0
 40
0.0
 40
0.0
 40
0.0
 40
0.1249999999999995
 40
0.1249999999999995
 40
0.2499999999999991
 40
0.2499999999999991
 40
0.3749999999999986
 40
0.3749999999999986
 40
0.4999999999999982
 40
0.4999999999999982
 40
0.6249999999999977
 40
0.6249999999999977
 40
0.6874999999999975
 40
0.6874999999999975
 40
0.7499999999999972
 40
0.7499999999999972
 40
1.0
 40
1.0
 40
1.0
 40
1.0
 10
-45.32681354850569
 20
7.304964781998933
 30
0.0
 10
-45.30863847965952
 20
7.303941371570545
 30
0.0
 10
-45.29050051662193
 20
7.278657454400672
 30
0.0
 10
-45.25491765769834
 20
7.182183547785825
 30
0.0
 10
-45.23739129964519
 20
7.110963800858371
 30
0.0
 10
-45.20286608618403
 20
6.922787634051928
 30
0.0
 10
-45.18575207118987
 20
6.804852300196216
 30
0.0
 10
-45.1526539380909
 20
6.525618790308726
 30
0.0
 10
-45.13676479741184
 20
6.365613078733076
 30
0.0
 10
-45.10626899901104
 20
6.005978281982606
 30
0.0
 10
-45.09166451662236
 20
5.806281988119735
 30
0.0
 10
-45.070746795908
 20
5.4761814842077
 30
0.0
 10
-45.06392391686381
 20
5.360692734251642
 30
0.0
 10
-45.05082908520558
 20
5.123092464149522
 30
0.0
 10
-45.04453137595987
 20
5.000602062282268
 30
0.0
 10
-45.01425888887456
 20
4.37017862983339
 30
0.0
 10
-44.99386011426463
 20
3.809397949697086
 30
0.0
 10
-44.97745747036311
 20
3.189560802977212
 30
0.0
  0
LINE
  5
60E
330
23F
100
AcDbEntity
  8
xian
 62
    18
420
        0
370
     0
100
AcDbLine
 10
-45.32681354850569
 20
7.304964781998933
 30
0.0
 11
-45.32681354850569
 21
7.50381040310458
 31
0.0
  0
SPLINE
  5
60F
330
23F
100
AcDbEntity
  8
xian
 62
    18
420
        0
370
     0
100
AcDbSpline
210
0.0
220
0.0
230
1.0
 70
     8
 71
     3
 72
    11
 73
     7
 74
     0
 42
0.00000001
 43
0.0000000001
 40
0.0
 40
0.0
 40
0.0
 40
0.0
 40
0.0023532214839326
 40
0.0023532214839326
 40
0.0023532214839326
 40
0.0042297889282622
 40
0.0042297889282622
 40
0.0042297889282622
 40
0.0042297889282622
 10
45.33888287680315
 20
5.211244501386318
 30
0.0
 10
45.36601633934629
 20
5.56479845220565
 30
0.0
 10
45.39315267104325
 20
5.918272024717225
 30
0.0
 10
45.42029170144019
 20
6.271669920550266
 30
0.0
 10
45.44193361721704
 20
6.553485718070078
 30
0.0
 10
45.46357724938502
 20
6.835253398581699
 30
0.0
 10
45.48522251118561
 20
7.116975360968353
 30
0.0
  0
SPLINE
  5
610
330
23F
100
AcDbEntity
  8
xian
 62
    18
420
        0
370
     0
100
AcDbSpline
210
0.0
220
0.0
230
1.0
 70
     8
 71
     3
 72
    10
 73
     6
 74
     0
 42
0.00000001
 43
0.0000000001
 40
0.0
 40
0.0
 40
0.0
 40
0.0
 40
0.5
 40
0.5
 40
1.0
 40
1.0
 40
1.0
 40
1.0
 10
45.48522251118561
 20
7.116975360968353
 30
0.0
 10
45.49069895779689
 20
7.188253560319935
 30
0.0
 10
45.49668040564506
 20
7.244602852397292
 30
0.0
 10
45.50913925019199
 20
7.324037233960552
 30
0.0
 10
45.51556107052533
 20
7.347254336889818
 30
0.0
 10
45.52217679945829
 20
7.353841807380376
 30
0.0
  0
LWPOLYLINE
  5
611
330
23F
100
AcDbEntity
  8
xian
 62
    18
420
        0
370
     0
100
AcDbPolyline
 90
        3
 70
   128
 43
0.0
 10
45.52217679945829
 20
7.353841807380376
 10
45.59757030848709
 20
7.42891668059201
 10
45.67277523413508
 20
7.50381040310458
  0
LINE
  5
612
330
23F
100
AcDbEntity
  8
xian
 62
    18
420
        0
370
     0
100
AcDbLine
 10
45.67277523413508
 20
7.304966089353911
 30
0.0
 11
45.67277523413508
 21
7.50381040310458
 31
0.0
  0
SPLINE
  5
613
330
23F
100
AcDbEntity
  8
xian
 62
    18
420
        0
370
     0
100
AcDbSpline
210
0.0
220
0.0
230
1.0
 70
     8
 71
     3
 72
    20
 73
    16
 74
     0
 42
0.00000001
 43
0.0000000001
 40
0.0
 40
0.0
 40
0.0
 40
0.0
 40
0.2499999999999919
 40
0.2499999999999919
 40
0.3749999999999915
 40
0.3749999999999915
 40
0.4999999999999912
 40
0.4999999999999912
 40
0.6249999999999907
 40
0.6249999999999907
 40
0.6874999999999906
 40
0.6874999999999906
 40
0.7499999999999904
 40
0.7499999999999904
 40
1.0
 40
1.0
 40
1.0
 40
1.0
 10
45.32341915598886
 20
3.189568636425974
 30
0.0
 10
45.33984454025926
 20
3.810222886802876
 30
0.0
 10
45.36025937797171
 20
4.371530089176303
 30
0.0
 10
45.39662247890669
 20
5.1280901801656
 30
0.0
 10
45.40980572114063
 20
5.367410262811972
 30
0.0
 10
45.43776531011395
 20
5.808316015554737
 30
0.0
 10
45.45240183490682
 20
6.008186471693989
 30
0.0
 10
45.48294607747379
 20
6.368087242750334
 30
0.0
 10
45.49885700293384
 20
6.52801702645047
 30
0.0
 10
45.52370530347912
 20
6.737137832473308
 30
0.0
 10
45.53218102386312
 20
6.801875537468731
 30
0.0
 10
45.54920616142339
 20
6.919028167179931
 30
0.0
 10
45.55777831644014
 20
6.971716124500744
 30
0.0
 10
45.60093217040344
 20
7.206193630003326
 30
0.0
 10
45.63637426920036
 20
7.302957803956815
 30
0.0
 10
45.67277523413145
 20
7.304966089353911
 30
0.0
  0
LINE
  5
614
330
23F
100
AcDbEntity
  8
xian
 62
    18
420
        0
370
     0
100
AcDbLine
 10
45.32341915599249
 20
3.189568636425974
 30
0.0
 11
45.32341915599249
 21
3.736077042516626
 31
0.0
  0
LINE
  5
615
330
23F
100
AcDbEntity
  8
xian
 62
    18
420
        0
370
     0
100
AcDbLine
 10
45.32341915599249
 20
-3.981241895309722
 30
0.0
 11
45.18589879281648
 21
-3.981241895309722
 31
0.0
  0
LINE
  5
616
330
23F
100
AcDbEntity
  8
xian
 62
    18
420
        0
370
     0
100
AcDbLine
 10
-44.97745747036311
 20
-3.981241895309722
 30
0.0
 11
-44.83993710719073
 21
-3.981241895309722
 31
0.0
  0
SPLINE
  5
617
330
23F
100
AcDbEntity
  8
xian
 62
    18
420
        0
370
     0
100
AcDbSpline
210
0.0
220
0.0
230
1.0
 70
     8
 71
     3
 72
    14
 73
    10
 74
     0
 42
0.00000001
 43
0.0000000001
 40
0.0
 40
0.0
 40
0.0
 40
0.0
 40
0.25
 40
0.25
 40
0.5
 40
0.5
 40
0.75
 40
0.75
 40
1.0
 40
1.0
 40
1.0
 40
1.0
 10
-44.97745747036311
 20
3.189560802977212
 30
0.0
 10
-44.97448634168608
 20
2.628183035423717
 30
0.0
 10
-44.95030040040797
 20
2.066086889735743
 30
0.0
 10
-44.90161155357486
 20
0.9403095282286813
 30
0.0
 10
-44.87532994397838
 20
0.3771164348345337
 30
0.0
 10
-44.87532811454435
 20
-0.7515330013629864
 30
0.0
 10
-44.9016093969301
 20
-1.314739957264464
 30
0.0
 10
-44.95030255220695
 20
-2.440616935389698
 30
0.0
 10
-44.97448617559416
 20
-3.002631946954352
 30
0.0
 10
-44.97745747036311
 20
-3.564041096342407
 30
0.0
  0
SPLINE
  5
618
330
23F
100
AcDbEntity
  8
xian
 62
    18
420
        0
370
     0
100
AcDbSpline
210
0.0
220
0.0
230
1.0
 70
     8
 71
     3
 72
    22
 73
    18
 74
     0
 42
0.00000001
 43
0.0000000001
 40
0.0
 40
0.0
 40
0.0
 40
0.0
 40
0.125
 40
0.125
 40
0.25
 40
0.25
 40
0.375
 40
0.375
 40
0.5
 40
0.5
 40
0.625
 40
0.625
 40
0.75
 40
0.75
 40
0.875
 40
0.875
 40
1.0
 40
1.0
 40
1.0
 40
1.0
 10
46.09440316028781
 20
2.829766840544834
 30
0.0
 10
46.08732967926994
 20
2.590952017890231
 30
0.0
 10
46.05469602941889
 20
2.350331263261978
 30
0.0
 10
45.96503175512339
 20
1.862272760718042
 30
0.0
 10
45.9071893573157
 20
1.614300253717374
 30
0.0
 10
45.78582385835329
 20
1.111542002181522
 30
0.0
 10
45.72213858769032
 20
0.8587579482264118
 30
0.0
 10
45.62028769902394
 20
0.3448615384513687
 30
0.0
 10
45.58382163799183
 20
0.0831764795620984
 30
0.0
 10
45.5837004612797
 20
-0.4562727777974942
 30
0.0
 10
45.62024122923617
 20
-0.7177284973276983
 30
0.0
 10
45.72195211901203
 20
-1.232196621887851
 30
0.0
 10
45.78564342959658
 20
-1.485512581457442
 30
0.0
 10
45.90716223154163
 20
-1.989278054392343
 30
0.0
 10
45.96494230174289
 20
-2.236423979598839
 30
0.0
 10
46.05466547224864
 20
-2.72440033813109
 30
0.0
 10
46.0873233661689
 20
-2.965142785389616
 30
0.0
 10
46.09440323624517
 20
-3.204306270325105
 30
0.0
  0
LWPOLYLINE
  5
619
330
23F
100
AcDbEntity
  8
xian
 62
    18
420
        0
370
     0
100
AcDbPolyline
 90
        9
 70
   128
 43
0.0
 10
45.32341915599249
 20
-3.564009044885096
 10
45.34413523298212
 20
-3.497216413483329
 10
45.39173707602754
 20
-3.432731414810405
 10
45.46458007900151
 20
-3.372781954707534
 10
45.56014757361049
 20
-3.319439239732673
 10
45.67513777829595
 20
-3.274546218613977
 10
45.80557787218572
 20
-3.239653909817207
 10
45.94696125293125
 20
-3.215967815092881
 10
46.09440323624517
 20
-3.204306270326924
  0
SPLINE
  5
61A
330
23F
100
AcDbEntity
  8
xian
 62
    18
420
        0
370
     0
100
AcDbSpline
210
0.0
220
0.0
230
1.0
 70
     8
 71
     3
 72
    14
 73
    10
 74
     0
 42
0.00000001
 43
0.0000000001
 40
0.0
 40
0.0
 40
0.0
 40
0.0
 40
0.25
 40
0.25
 40
0.5
 40
0.5
 40
0.75
 40
0.75
 40
1.0
 40
1.0
 40
1.0
 40
1.0
 10
45.32341915599249
 20
-3.564009044885096
 30
0.0
 10
45.32044869624519
 20
-3.002602044605737
 30
0.0
 10
45.29623717921572
 20
-2.440595974509051
 30
0.0
 10
45.24758530973781
 20
-1.314720132235379
 30
0.0
 10
45.2212890071562
 20
-0.7515164303204074
 30
0.0
 10
45.22129241852167
 20
0.3771246168271318
 30
0.0
 10
45.24756971010288
 20
0.9403219517953402
 30
0.0
 10
45.29627195728176
 20
2.06609494129043
 30
0.0
 10
45.32044783437163
 20
2.628192609328834
 30
0.0
 10
45.32341915599249
 20
3.189568636425974
 30
0.0
  0
LWPOLYLINE
  5
61B
330
23F
100
AcDbEntity
  8
xian
 62
    18
420
        0
370
     0
100
AcDbPolyline
 90
        9
 70
   128
 43
0.0
 10
46.09440316028781
 20
2.829766840544834
 10
45.94696089133435
 20
2.841431420381923
 10
45.805577263239
 20
2.865123917648816
 10
45.67513698964035
 20
2.900025771767104
 10
45.56014669828733
 20
2.944931146070302
 10
45.46457922996274
 20
2.998288588692958
 10
45.39173637937643
 20
3.058254634228433
 10
45.34413482027889
 20
3.122757494282268
 10
45.32341915599249
 20
3.189568636425974
  0
SPLINE
  5
61C
330
23F
100
AcDbEntity
  8
xian
 62
    18
420
        0
370
     0
100
AcDbSpline
210
0.0
220
0.0
230
1.0
 70
     8
 71
     3
 72
    22
 73
    18
 74
     0
 42
0.00000001
 43
0.0000000001
 40
0.0
 40
0.0
 40
0.0
 40
0.0
 40
0.125
 40
0.125
 40
0.25
 40
0.25
 40
0.375
 40
0.375
 40
0.5
 40
0.5
 40
0.625
 40
0.625
 40
0.75
 40
0.75
 40
0.875
 40
0.875
 40
1.0
 40
1.0
 40
1.0
 40
1.0
 10
-45.74844159547569
 20
-3.204258809741077
 30
0.0
 10
-45.74135849758454
 20
-2.965092496824581
 30
0.0
 10
-45.70865504180324
 20
-2.724328847536526
 30
0.0
 10
-45.61897538417247
 20
-2.236263941365905
 30
0.0
 10
-45.56128960701676
 20
-1.989084987435489
 30
0.0
 10
-45.43965667511725
 20
-1.485337391792199
 30
0.0
 10
-45.3759117284178
 20
-1.232035411390825
 30
0.0
 10
-45.2742564708285
 20
-0.7175349787976302
 30
0.0
 10
-45.23771886210738
 20
-0.4560627595601546
 30
0.0
 10
-45.23788000817581
 20
0.0834570668193919
 30
0.0
 10
-45.27457503544133
 20
0.344977397018738
 30
0.0
 10
-45.37623458402663
 20
0.8588768136469298
 30
0.0
 10
-45.4398542776114
 20
1.1116694306329
 30
0.0
 10
-45.5612415275325
 20
1.61441162475603
 30
0.0
 10
-45.61909541853014
 20
1.862339283665278
 30
0.0
 10
-45.70873246714177
 20
2.350367771523451
 30
0.0
 10
-45.74136912454264
 20
2.590971031060689
 30
0.0
 10
-45.74844159547569
 20
2.829778516375881
 30
0.0
  0
LWPOLYLINE
  5
61D
330
23F
100
AcDbEntity
  8
xian
 62
    18
420
        0
370
     0
100
AcDbPolyline
 90
        9
 70
   128
 43
0.0
 10
-45.74844159547569
 20
2.829778516375881
 10
-45.60099936738765
 20
2.841442490964254
 10
-45.45961577056437
 20
2.865133721898018
 10
-45.32917551432251
 20
2.900033692892975
 10
-45.21418522283852
 20
2.944936633142788
 10
-45.11861773426494
 20
2.998291175899794
 10
-45.04577484182369
 20
3.058253957167835
 10
-44.99817321904697
 20
3.122753302703131
 10
-44.97745747036311
 20
3.189560802977212
  0
LWPOLYLINE
  5
61E
330
23F
100
AcDbEntity
  8
xian
 62
    18
420
        0
370
     0
100
AcDbPolyline
 90
        9
 70
   128
 43
0.0
 10
-45.74844159547569
 20
-3.204258809741077
 10
-45.60099936738765
 20
-3.21592278432945
 10
-45.45961577056437
 20
-3.239614015265033
 10
-45.32917551432251
 20
-3.27451398625817
 10
-45.21418522283852
 20
-3.319416926507983
 10
-45.11861773426494
 20
-3.372771469264989
 10
-45.04577484182369
 20
-3.432734250534849
 10
-44.99817321904697
 20
-3.497233596068326
 10
-44.97745747036311
 20
-3.564041096342407
  0
SPLINE
  5
61F
330
23F
100
AcDbEntity
  8
xian
 62
    18
420
        0
370
     0
100
AcDbSpline
210
0.0
220
0.0
230
1.0
 70
     8
 71
     3
 72
    40
 73
    36
 74
     0
 42
0.00000001
 43
0.0000000001
 40
0.0
 40
0.0
 40
0.0
 40
0.0
 40
0.0625000000000003
 40
0.0625000000000003
 40
0.1250000000000006
 40
0.1250000000000006
 40
0.1875000000000009
 40
0.1875000000000009
 40
0.2500000000000013
 40
0.2500000000000013
 40
0.3125000000000016
 40
0.3125000000000016
 40
0.3750000000000019
 40
0.3750000000000019
 40
0.4375000000000023
 40
0.4375000000000023
 40
0.4687500000000004
 40
0.4687500000000004
 40
0.4999999999999984
 40
0.4999999999999984
 40
0.5624999999999987
 40
0.5624999999999987
 40
0.624999999999999
 40
0.624999999999999
 40
0.6874999999999992
 40
0.6874999999999992
 40
0.7499999999999992
 40
0.7499999999999992
 40
0.8124999999999994
 40
0.8124999999999994
 40
0.8749999999999996
 40
0.8749999999999996
 40
0.9374999999999998
 40
0.9374999999999998
 40
1.0
 40
1.0
 40
1.0
 40
1.0
 10
46.81856486102629
 20
-6.491957667301903
 30
0.0
 10
46.81856475018799
 20
-6.377501509470675
 30
0.0
 10
46.81856476116741
 20
-6.237262637745516
 30
0.0
 10
46.81856476284451
 20
-5.912439473868289
 30
0.0
 10
46.81856475285099
 20
-5.728280110681225
 30
0.0
 10
46.81856496392287
 20
-5.317343999990043
 30
0.0
 10
46.81856469998751
 20
-5.089057316756225
 30
0.0
 10
46.81856484569948
 20
-4.593829949300925
 30
0.0
 10
46.81856490990253
 20
-4.330547572017167
 30
0.0
 10
46.81856468747651
 20
-3.773579808315844
 30
0.0
 10
46.81856477701444
 20
-3.479995163856074
 30
0.0
 10
46.81856472301956
 20
-2.861303603633132
 30
0.0
 10
46.81856485917456
 20
-2.542323957657572
 30
0.0
 10
46.81856495135003
 20
-1.891622749149973
 30
0.0
 10
46.81856476019243
 20
-1.558936103880114
 30
0.0
 10
46.81856475396057
 20
-1.048706362549637
 30
0.0
 10
46.81856475849713
 20
-0.8761635614519036
 30
0.0
 10
46.81856477315455
 20
-0.5328762394456135
 30
0.0
 10
46.81856476294274
 20
-0.3615885539074952
 30
0.0
 10
46.81856476018879
 20
0.1512274720480491
 30
0.0
 10
46.81856495493707
 20
0.491722564549491
 30
0.0
 10
46.81856471273863
 20
1.169890391816807
 30
0.0
 10
46.81856475145764
 20
1.509145811232883
 30
0.0
 10
46.81856477595579
 20
2.162168245840803
 30
0.0
 10
46.81856478160557
 20
2.478668935344103
 30
0.0
 10
46.81856475586323
 20
3.0916774788584
 30
0.0
 10
46.81856468758565
 20
3.390593620768413
 30
0.0
 10
46.81856489895949
 20
3.951547292153918
 30
0.0
 10
46.81856485595858
 20
4.214333783607798
 30
0.0
 10
46.81856469626223
 20
4.705172294365183
 30
0.0
 10
46.81856476156759
 20
4.934277375168676
 30
0.0
 10
46.8185647563398
 20
5.351076181987082
 30
0.0
 10
46.81856490664654
 20
5.53807438327567
 30
0.0
 10
46.81856491652001
 20
5.864257869747234
 30
0.0
 10
46.81856473477023
 20
6.002989632055687
 30
0.0
 10
46.81856474422533
 20
6.11738707229415
 30
0.0
  0
ARC
  5
620
330
23F
100
AcDbEntity
  8
xian
 62
    18
420
        0
370
     0
100
AcDbCircle
 10
46.81770668685863
 20
5.962052718383347
 30
0.0
 40
0.155336723820077
100
AcDbArc
 50
1.626266784833292
 51
89.68350487560554
  0
SPLINE
  5
621
330
23F
100
AcDbEntity
  8
xian
 62
    18
420
        0
370
     0
100
AcDbSpline
210
0.0
220
0.0
230
0.0
 70
    24
 71
     3
 72
    38
 73
    34
 74
     0
 42
0.00000001
 43
0.0000000001
 40
0.0
 40
0.0
 40
0.0
 40
0.0
 40
0.1250000000000001
 40
0.1250000000000001
 40
0.1875000000000002
 40
0.1875000000000002
 40
0.2500000000000002
 40
0.2500000000000002
 40
0.3125000000000003
 40
0.3125000000000003
 40
0.3750000000000003
 40
0.3750000000000003
 40
0.4375000000000004
 40
0.4375000000000004
 40
0.5000000000000005
 40
0.5000000000000005
 40
0.5312500000000005
 40
0.5312500000000005
 40
0.5625000000000005
 40
0.5625000000000005
 40
0.6250000000000005
 40
0.6250000000000005
 40
0.6875000000000004
 40
0.6875000000000004
 40
0.7500000000000004
 40
0.7500000000000004
 40
0.8125000000000001
 40
0.8125000000000001
 40
0.8750000000000001
 40
0.8750000000000001
 40
0.9375000000000001
 40
0.9375000000000001
 40
1.0
 40
1.0
 40
1.0
 40
1.0
 10
46.97298084252838
 20
5.966461158903257
 30
0.0
 10
46.97298084252838
 20
5.742921555392968
 30
0.0
 10
46.97298084252838
 20
5.428100099721632
 30
0.0
 10
46.97298084252838
 20
4.820684152977264
 30
0.0
 10
46.97298084252838
 20
4.596863718055828
 30
0.0
 10
46.97298084252838
 20
4.118164374720436
 30
0.0
 10
46.97298084252838
 20
3.861834200502926
 30
0.0
 10
46.97298084252838
 20
3.314577887224004
 30
0.0
 10
46.97298084252838
 20
3.022781194258641
 30
0.0
 10
46.97298084252838
 20
2.424285207835055
 30
0.0
 10
46.97298084252838
 20
2.11525868501485
 30
0.0
 10
46.97298084252838
 20
1.477630354473149
 30
0.0
 10
46.97298084252838
 20
1.146308757699443
 30
0.0
 10
46.97298084252838
 20
0.4837833335022879
 30
0.0
 10
46.97298084252838
 20
0.1511399322171201
 30
0.0
 10
46.97298084252838
 20
-0.3498522966237942
 30
0.0
 10
46.97298084252838
 20
-0.5171909190667066
 30
0.0
 10
46.97298084252838
 20
-0.8525642024887929
 30
0.0
 10
46.97298084252838
 20
-1.021161130367545
 30
0.0
 10
46.97298084252838
 20
-1.51980657200329
 30
0.0
 10
46.97298084252838
 20
-1.844932958625577
 30
0.0
 10
46.97298084252838
 20
-2.480837282386346
 30
0.0
 10
46.97298084252838
 20
-2.792495642695939
 30
0.0
 10
46.97298084252838
 20
-3.397256974245465
 30
0.0
 10
46.97298084252838
 20
-3.684219446802671
 30
0.0
 10
46.97298084252838
 20
-4.228609176723693
 30
0.0
 10
46.97298084252838
 20
-4.485938265788718
 30
0.0
 10
46.97298084252838
 20
-4.969952483190354
 30
0.0
 10
46.97298084252838
 20
-5.193117310996967
 30
0.0
 10
46.97298084252838
 20
-5.594761862630548
 30
0.0
 10
46.97298084252838
 20
-5.77474522254306
 30
0.0
 10
46.97298084252838
 20
-6.092178790993784
 30
0.0
 10
46.97298084252838
 20
-6.229217025980688
 30
0.0
 10
46.97298084252838
 20
-6.341041167414005
 30
0.0
  0
SPLINE
  5
622
330
23F
100
AcDbEntity
  8
xian
 62
    18
420
        0
370
     0
100
AcDbSpline
210
0.0
220
0.0
230
1.0
 70
     8
 71
     3
 72
    40
 73
    36
 74
     0
 42
0.00000001
 43
0.0000000001
 40
0.0
 40
0.0
 40
0.0
 40
0.0
 40
0.0625
 40
0.0625
 40
0.125
 40
0.125
 40
0.1875
 40
0.1875
 40
0.25
 40
0.25
 40
0.3125
 40
0.3125
 40
0.375
 40
0.375
 40
0.4375
 40
0.4375
 40
0.46875
 40
0.46875
 40
0.5
 40
0.5
 40
0.5625
 40
0.5625
 40
0.625
 40
0.625
 40
0.6875
 40
0.6875
 40
0.75
 40
0.75
 40
0.8125
 40
0.8125
 40
0.875
 40
0.875
 40
0.9375
 40
0.9375
 40
1.0
 40
1.0
 40
1.0
 40
1.0
 10
-46.47260306211023
 20
6.117417043673412
 30
0.0
 10
-46.47260307818283
 20
6.003030192678124
 30
0.0
 10
-46.47260305420127
 20
5.862786480734939
 30
0.0
 10
-46.47260305541272
 20
5.537936323717076
 30
0.0
 10
-46.47260307742612
 20
5.35377139404045
 30
0.0
 10
-46.47260304629958
 20
4.942710427761994
 30
0.0
 10
-46.47260308533873
 20
4.714578549892394
 30
0.0
 10
-46.47260306415478
 20
4.219254663732499
 30
0.0
 10
-46.47260305564191
 20
3.955933126504532
 30
0.0
 10
-46.47260308687759
 20
3.399038724053752
 30
0.0
 10
-46.47260304644146
 20
3.105410155232675
 30
0.0
 10
-46.47260307004467
 20
2.48677971626239
 30
0.0
 10
-46.47260306217572
 20
2.167736322899145
 30
0.0
 10
-46.47260304950828
 20
1.517029045719027
 30
0.0
 10
-46.47260308422914
 20
1.184394306808826
 30
0.0
 10
-46.47260305827217
 20
0.6742063578403759
 30
0.0
 10
-46.47260305229496
 20
0.5016627167769912
 30
0.0
 10
-46.47260306133898
 20
0.1583549913102615
 30
0.0
 10
-46.47260307614556
 20
-0.0129413367885718
 30
0.0
 10
-46.47260307682586
 20
-0.5257756804167002
 30
0.0
 10
-46.47260304902443
 20
-0.8662671192378184
 30
0.0
 10
-46.47260308346517
 20
-1.544433715438572
 30
0.0
 10
-46.47260304981386
 20
-1.883682795603817
 30
0.0
 10
-46.47260306161911
 20
-2.536687070891275
 30
0.0
 10
-46.47260307097235
 20
-2.853173543235243
 30
0.0
 10
-46.47260304637234
 20
-3.466151483475186
 30
0.0
 10
-46.47260308703039
 20
-3.765076347030117
 30
0.0
 10
-46.47260305620579
 20
-4.325962002434607
 30
0.0
 10
-46.47260306317616
 20
-4.588775434229319
 30
0.0
 10
-46.47260308568434
 20
-5.079689635436807
 30
0.0
 10
-46.47260304600126
 20
-5.308756154641741
 30
0.0
 10
-46.47260307689134
 20
-5.725569615387939
 30
0.0
 10
-46.47260305530721
 20
-5.912479128895938
 30
0.0
 10
-46.47260305430314
 20
-6.23864564422729
 30
0.0
 10
-46.47260307818283
 20
-6.377510009995603
 30
0.0
 10
-46.47260306211023
 20
-6.491897337044065
 30
0.0
  0
ARC
  5
623
330
23F
100
AcDbEntity
  8
xian
 62
    18
420
        0
370
     0
100
AcDbCircle
 10
-46.47174385593894
 20
-6.336561876816631
 30
0.0
 40
0.1553378364696233
100
AcDbArc
 50
181.6258366367976
 51
269.6830834029517
  0
SPLINE
  5
624
330
23F
100
AcDbEntity
  8
xian
 62
    18
420
        0
370
     0
100
AcDbSpline
210
0.0
220
0.0
230
0.0
 70
    24
 71
     3
 72
    38
 73
    34
 74
     0
 42
0.00000001
 43
0.0000000001
 40
0.0
 40
0.0
 40
0.0
 40
0.0
 40
0.124999999999998
 40
0.124999999999998
 40
0.1874999999999982
 40
0.1874999999999982
 40
0.2499999999999984
 40
0.2499999999999984
 40
0.3124999999999986
 40
0.3124999999999986
 40
0.3749999999999988
 40
0.3749999999999988
 40
0.4374999999999991
 40
0.4374999999999991
 40
0.4999999999999992
 40
0.4999999999999992
 40
0.5312499999999993
 40
0.5312499999999993
 40
0.5624999999999996
 40
0.5624999999999996
 40
0.6249999999999996
 40
0.6249999999999996
 40
0.6874999999999997
 40
0.6874999999999997
 40
0.7499999999999999
 40
0.7499999999999999
 40
0.8124999999999998
 40
0.8124999999999998
 40
0.8749999999999998
 40
0.8749999999999998
 40
0.9375
 40
0.9375
 40
1.0
 40
1.0
 40
1.0
 40
1.0
 10
-46.62701915690263
 20
-6.340969183183915
 30
0.0
 10
-46.62701915690263
 20
-6.117457067915893
 30
0.0
 10
-46.62701915690263
 20
-5.802606006696805
 30
0.0
 10
-46.62701915690263
 20
-5.195167926220165
 30
0.0
 10
-46.62701915690263
 20
-4.971383498916111
 30
0.0
 10
-46.62701915690263
 20
-4.492616624513175
 30
0.0
 10
-46.62701915690263
 20
-4.23625295480997
 30
0.0
 10
-46.62701915690263
 20
-3.68907076128562
 30
0.0
 10
-46.62701915690263
 20
-3.397264883593379
 30
0.0
 10
-46.62701915690263
 20
-2.7988004083345
 30
0.0
 10
-46.62701915690263
 20
-2.489788687598775
 30
0.0
 10
-46.62701915690263
 20
-1.852180987139945
 30
0.0
 10
-46.62701915690263
 20
-1.520866440259851
 30
0.0
 10
-46.62701915690263
 20
-0.8583439211506629
 30
0.0
 10
-46.62701915690263
 20
-0.5257050408363284
 30
0.0
 10
-46.62701915690263
 20
-0.0246964372181537
 30
0.0
 10
-46.62701915690263
 20
0.1426502129743312
 30
0.0
 10
-46.62701915690263
 20
0.4780424732307438
 30
0.0
 10
-46.62701915690263
 20
0.6466409512104292
 30
0.0
 10
-46.62701915690263
 20
1.145245057319698
 30
0.0
 10
-46.62701915690263
 20
1.470319385145558
 30
0.0
 10
-46.62701915690263
 20
2.106228129076043
 30
0.0
 10
-46.62701915690263
 20
2.417949904089255
 30
0.0
 10
-46.62701915690263
 20
3.022651446293821
 30
0.0
 10
-46.62701915690263
 20
3.309657385749233
 30
0.0
 10
-46.62701915690263
 20
3.853974675928839
 30
0.0
 10
-46.62701915690263
 20
4.11134110047169
 30
0.0
 10
-46.62701915690263
 20
4.595453389545582
 30
0.0
 10
-46.62701915690263
 20
4.81846460057568
 30
0.0
 10
-46.62701915690263
 20
5.22023543326577
 30
0.0
 10
-46.62701915690263
 20
5.400225536001016
 30
0.0
 10
-46.62701915690263
 20
5.717688118935257
 30
0.0
 10
-46.62701915690263
 20
5.854732627492921
 30
0.0
 10
-46.62701915690263
 20
5.966488889815082
 30
0.0
  0
SPLINE
  5
625
330
23F
100
AcDbEntity
  8
xian
 62
    18
420
        0
370
     0
100
AcDbSpline
210
0.0
220
0.0
230
1.0
 70
     8
 71
     3
 72
    14
 73
    10
 74
     0
 42
0.00000001
 43
0.0000000001
 40
0.0000144852900151
 40
0.0000144852900151
 40
0.0000144852900151
 40
0.0000144852900151
 40
0.0007807099425724
 40
0.0007807099425724
 40
0.0007807099425724
 40
0.0015614198850743
 40
0.0015614198850743
 40
0.0015614198850743
 40
0.0027497211252923
 40
0.0027497211252923
 40
0.0027497211252923
 40
0.0027497211252923
 10
-43.76135698864959
 20
-7.077467717395848
 30
0.0
 10
-43.75334734280545
 20
-6.957308650577033
 30
0.0
 10
-43.74534354497223
 20
-6.837144398998134
 30
0.0
 10
-43.73734547993149
 20
-6.716975163961251
 30
0.0
 10
-43.72919621342293
 20
-6.594534158879469
 30
0.0
 10
-43.72105289853857
 20
-6.472087979958814
 30
0.0
 10
-43.71291540882589
 20
-6.349636838875085
 30
0.0
 10
-43.70052951672255
 20
-6.163256680572885
 30
0.0
 10
-43.6881571213023
 20
-5.976865026372252
 30
0.0
 10
-43.67579775395348
 20
-5.790462614577336
 30
0.0
  0
SPLINE
  5
626
330
23F
100
AcDbEntity
  8
xian
 62
    18
420
        0
370
     0
100
AcDbSpline
210
0.0
220
0.0
230
1.0
 70
     8
 71
     3
 72
     8
 73
     4
 74
     0
 42
0.00000001
 43
0.0000000001
 40
0.0
 40
0.0
 40
0.0
 40
0.0
 40
1.0
 40
1.0
 40
1.0
 40
1.0
 10
-43.80237546227795
 20
-7.118595877669577
 30
0.0
 10
-43.78808811207341
 20
-7.105759032125206
 30
0.0
 10
-43.77436930871112
 20
-7.092114657978527
 30
0.0
 10
-43.76135698864959
 20
-7.077467717395848
 30
0.0
  0
SPLINE
  5
627
330
23F
100
AcDbEntity
  8
xian
 62
    18
420
        0
370
     0
100
AcDbSpline
210
0.0
220
0.0
230
1.0
 70
     8
 71
     3
 72
     8
 73
     4
 74
     0
 42
0.00000001
 43
0.0000000001
 40
0.0
 40
0.0
 40
0.0
 40
0.0
 40
1.0
 40
1.0
 40
1.0
 40
1.0
 10
-43.84349638934213
 20
-7.15983274717837
 30
0.0
 10
-43.8305677663127
 20
-7.145279533013308
 30
0.0
 10
-43.81682120139226
 20
-7.131575031893589
 30
0.0
 10
-43.80237546227795
 20
-7.118595877671396
 30
0.0
  0
SPLINE
  5
628
330
23F
100
AcDbEntity
  8
xian
 62
    18
420
        0
370
     0
100
AcDbSpline
210
0.0
220
0.0
230
1.0
 70
     8
 71
     3
 72
    14
 73
    10
 74
     0
 42
0.00000001
 43
0.0000000001
 40
0.0
 40
0.0
 40
0.0
 40
0.0
 40
0.0007807099427765
 40
0.0007807099427765
 40
0.0007807099427765
 40
0.0015614198855011
 40
0.0015614198855011
 40
0.0015614198855011
 40
0.0027946298364323
 40
0.0027946298364323
 40
0.0027946298364323
 40
0.0027946298364323
 10
-43.76230316306532
 20
-5.852443016645338
 30
0.0
 10
-43.76983978926069
 20
-5.974167162132289
 30
0.0
 10
-43.77738278875471
 20
-6.095897488019545
 30
0.0
 10
-43.78493247560323
 20
-6.217633577150991
 30
0.0
 10
-43.79248216245537
 20
-6.33936966627516
 30
0.0
 10
-43.80003853662197
 20
-6.461111518810866
 30
0.0
 10
-43.8076018881627
 20
-6.582858707077321
 30
0.0
 10
-43.81954896332604
 20
-6.775170647299091
 30
0.0
 10
-43.8315134548618
 20
-6.967495903929375
 30
0.0
 10
-43.84349638934213
 20
-7.15983274717837
 30
0.0
  0
SPLINE
  5
629
330
23F
100
AcDbEntity
  8
xian
 62
    18
420
        0
370
     0
100
AcDbSpline
210
0.0
220
0.0
230
1.0
 70
     8
 71
     3
 72
    14
 73
    10
 74
     0
 42
0.00000001
 43
0.0000000001
 40
0.0
 40
0.0
 40
0.0
 40
0.0
 40
0.0007807099427765
 40
0.0007807099427765
 40
0.0007807099427765
 40
0.0015614198855011
 40
0.0015614198855011
 40
0.0015614198855011
 40
0.0027946298364323
 40
0.0027946298364323
 40
0.0027946298364323
 40
0.0027946298364323
 10
44.10826484869471
 20
-5.852443016645338
 30
0.0
 10
44.11580147488644
 20
-5.974167162132289
 30
0.0
 10
44.12334447438047
 20
-6.095897488019545
 30
0.0
 10
44.13089416122898
 20
-6.217633577150991
 30
0.0
 10
44.13844384808112
 20
-6.33936966627516
 30
0.0
 10
44.14600022224772
 20
-6.461111518810866
 30
0.0
 10
44.15356357378846
 20
-6.582858707077321
 30
0.0
 10
44.1655106489518
 20
-6.775170647299091
 30
0.0
 10
44.1774751404912
 20
-6.967495903929375
 30
0.0
 10
44.18945807496789
 20
-7.15983274717837
 30
0.0
  0
SPLINE
  5
62A
330
23F
100
AcDbEntity
  8
xian
 62
    18
420
        0
370
     0
100
AcDbSpline
210
0.0
220
0.0
230
1.0
 70
     8
 71
     3
 72
     8
 73
     4
 74
     0
 42
0.00000001
 43
0.0000000001
 40
0.0
 40
0.0
 40
0.0
 40
0.0
 40
1.0
 40
1.0
 40
1.0
 40
1.0
 10
44.18945807496789
 20
-7.15983274717837
 30
0.0
 10
44.17652945193845
 20
-7.145279533013308
 30
0.0
 10
44.16278288701801
 20
-7.131575031893589
 30
0.0
 10
44.14833714790733
 20
-7.118595877671396
 30
0.0
  0
SPLINE
  5
62B
330
23F
100
AcDbEntity
  8
xian
 62
    18
420
        0
370
     0
100
AcDbSpline
210
0.0
220
0.0
230
1.0
 70
     8
 71
     3
 72
     8
 73
     4
 74
     0
 42
0.00000001
 43
0.0000000001
 40
0.0
 40
0.0
 40
0.0
 40
0.0
 40
1.0
 40
1.0
 40
1.0
 40
1.0
 10
44.14833714790733
 20
-7.118595877671396
 30
0.0
 10
44.13404979770279
 20
-7.105759032125206
 30
0.0
 10
44.12033099433688
 20
-7.092114657978527
 30
0.0
 10
44.10731867427898
 20
-7.077467717395848
 30
0.0
  0
SPLINE
  5
62C
330
23F
100
AcDbEntity
  8
xian
 62
    18
420
        0
370
     0
100
AcDbSpline
210
0.0
220
0.0
230
1.0
 70
     8
 71
     3
 72
    14
 73
    10
 74
     0
 42
0.00000001
 43
0.0000000001
 40
0.0000144852900151
 40
0.0000144852900151
 40
0.0000144852900151
 40
0.0000144852900151
 40
0.0007807099425725
 40
0.0007807099425725
 40
0.0007807099425725
 40
0.0015614198850743
 40
0.0015614198850743
 40
0.0015614198850743
 40
0.0027497211252923
 40
0.0027497211252923
 40
0.0027497211252923
 40
0.0027497211252923
 10
44.10731867427535
 20
-7.077467717397667
 30
0.0
 10
44.09930902843121
 20
-6.957308650577033
 30
0.0
 10
44.09130523059798
 20
-6.837144398998134
 30
0.0
 10
44.08330716555724
 20
-6.716975163961251
 30
0.0
 10
44.07515789904869
 20
-6.594534158879469
 30
0.0
 10
44.06701458416796
 20
-6.472087979958814
 30
0.0
 10
44.05887709445164
 20
-6.349636838875085
 30
0.0
 10
44.04649120235194
 20
-6.163256680572885
 30
0.0
 10
44.0341188069317
 20
-5.976865026372252
 30
0.0
 10
44.02175943958286
 20
-5.790462614577336
 30
0.0
  0
LWPOLYLINE
  5
62D
330
23F
100
AcDbEntity
  8
xian
 62
    18
420
        0
370
     0
100
AcDbPolyline
 90
        5
 70
   128
 43
0.0
 10
44.32600170535738
 20
-7.257177233943366
 10
44.30310413764459
 20
-6.912159781501031
 10
44.27889423518286
 20
-6.547165530440906
 10
44.25469913522033
 20
-6.18219107126788
 10
44.2368003516051
 20
-5.912074819289045
  0
SPLINE
  5
62E
330
23F
100
AcDbEntity
  8
xian
 62
    18
420
        0
370
     0
100
AcDbSpline
210
0.0
220
0.0
230
1.0
 70
     8
 71
     3
 72
     8
 73
     4
 74
     0
 42
0.00000001
 43
0.0000000001
 40
0.0
 40
0.0
 40
0.0
 40
0.0
 40
1.0
 40
1.0
 40
1.0
 40
1.0
 10
44.18945807496789
 20
-7.15983274717837
 30
0.0
 10
44.2310611147725
 20
-7.206663561777531
 30
0.0
 10
44.28066827111547
 20
-7.239123079603814
 30
0.0
 10
44.32600170535375
 20
-7.257177233945185
 30
0.0
  0
SPLINE
  5
62F
330
23F
100
AcDbEntity
  8
xian
 62
    18
420
        0
370
     0
100
AcDbSpline
210
0.0
220
0.0
230
1.0
 70
     8
 71
     3
 72
     8
 73
     4
 74
     0
 42
0.00000001
 43
0.0000000001
 40
0.0
 40
0.0
 40
0.0
 40
0.0
 40
1.0
 40
1.0
 40
1.0
 40
1.0
 10
-43.84349638934213
 20
-7.15983274717837
 30
0.0
 10
-43.88509942914675
 20
-7.206663561777531
 30
0.0
 10
-43.93470658547153
 20
-7.239123079618366
 30
0.0
 10
-43.98004001972799
 20
-7.257177233945185
 30
0.0
  0
LWPOLYLINE
  5
630
330
23F
100
AcDbEntity
  8
xian
 62
    18
420
        0
370
     0
100
AcDbPolyline
 90
        5
 70
   128
 43
0.0
 10
-43.98004001973163
 20
-7.257177233943366
 10
-43.95714245201884
 20
-6.912159781501031
 10
-43.93293254955347
 20
-6.547165530440906
 10
-43.90873744959458
 20
-6.18219107126788
 10
-43.8908386659757
 20
-5.912074819289045
  0
SPLINE
  5
631
330
23F
100
AcDbEntity
  8
xian
 62
    18
420
        0
370
     0
100
AcDbSpline
210
0.0
220
0.0
230
1.0
 70
     8
 71
     3
 72
    40
 73
    36
 74
     0
 42
0.00000001
 43
0.0000000001
 40
0.0
 40
0.0
 40
0.0
 40
0.0
 40
0.0625000000000021
 40
0.0625000000000021
 40
0.1250000000000042
 40
0.1250000000000042
 40
0.1875000000000064
 40
0.1875000000000064
 40
0.2500000000000085
 40
0.2500000000000085
 40
0.3125000000000106
 40
0.3125000000000106
 40
0.3750000000000128
 40
0.3750000000000128
 40
0.437500000000015
 40
0.437500000000015
 40
0.4687500000000159
 40
0.4687500000000159
 40
0.5000000000000169
 40
0.5000000000000169
 40
0.5625000000000148
 40
0.5625000000000148
 40
0.6250000000000127
 40
0.6250000000000127
 40
0.6875000000000106
 40
0.6875000000000106
 40
0.7500000000000085
 40
0.7500000000000085
 40
0.8125000000000063
 40
0.8125000000000063
 40
0.8750000000000042
 40
0.8750000000000042
 40
0.9375000000000021
 40
0.9375000000000021
 40
1.0
 40
1.0
 40
1.0
 40
1.0
 10
48.33856474381832
 20
6.060971255023105
 30
0.0
 10
48.33856473868514
 20
5.946810507972259
 30
0.0
 10
48.33856492476411
 20
5.807231173728723
 30
0.0
 10
48.33856489741378
 20
5.484408118232749
 30
0.0
 10
48.33856475623838
 20
5.301439318664051
 30
0.0
 10
48.33856476174628
 20
4.893364889507211
 30
0.0
 10
48.33856469506577
 20
4.666646823146948
 30
0.0
 10
48.33856485816363
 20
4.175956327728272
 30
0.0
 10
48.33856489713003
 20
3.915094513295116
 30
0.0
 10
48.33856468847739
 20
3.363237280707835
 30
0.0
 10
48.33856475527068
 20
3.072313123009735
 30
0.0
 10
48.33856478183884
 20
2.459231468665166
 30
0.0
 10
48.33856477614904
 20
2.143847003773771
 30
0.0
 10
48.33856475143261
 20
1.499692457338824
 30
0.0
 10
48.33856470844989
 20
1.170340522077822
 30
0.0
 10
48.33856489068717
 20
0.6651240371156746
 30
0.0
 10
48.33856493141434
 20
0.4943446858469543
 30
0.0
 10
48.33856486555965
 20
0.1546966386686108
 30
0.0
 10
48.33856476182996
 20
-0.0147939537237107
 30
0.0
 10
48.33856476234655
 20
-0.5222989989524649
 30
0.0
 10
48.33856475292055
 20
-0.8593390987862221
 30
0.0
 10
48.33856475882862
 20
-1.530808291825451
 30
0.0
 10
48.33856494753423
 20
-1.866585659077827
 30
0.0
 10
48.33856486598529
 20
-2.512833751197831
 30
0.0
 10
48.3385647241405
 20
-2.826122182221297
 30
0.0
 10
48.33856477298036
 20
-3.433230753924362
 30
0.0
 10
48.3385646865056
 20
-3.729314071384578
 30
0.0
 10
48.33856489969116
 20
-4.28494448587844
 30
0.0
 10
48.33856486168883
 20
-4.545363699977315
 30
0.0
 10
48.33856469412717
 20
-5.03201463712503
 30
0.0
 10
48.33856496661542
 20
-5.259430694793991
 30
0.0
 10
48.33856476448932
 20
-5.672948697885658
 30
0.0
 10
48.33856476619917
 20
-5.858397029145635
 30
0.0
 10
48.33856475803918
 20
-6.183007670389997
 30
0.0
 10
48.33856474046775
 20
-6.32132453106351
 30
0.0
 10
48.33856485477667
 20
-6.435535501543199
 30
0.0
  0
SPLINE
  5
632
330
23F
100
AcDbEntity
  8
xian
 62
    18
420
        0
370
     0
100
AcDbSpline
210
0.0
220
0.0
230
0.0
 70
    24
 71
     3
 72
    38
 73
    34
 74
     0
 42
0.00000001
 43
0.0000000001
 40
0.0
 40
0.0
 40
0.0
 40
0.0
 40
0.1249999999999957
 40
0.1249999999999957
 40
0.1874999999999935
 40
0.1874999999999935
 40
0.2499999999999913
 40
0.2499999999999913
 40
0.3124999999999892
 40
0.3124999999999892
 40
0.374999999999987
 40
0.374999999999987
 40
0.4374999999999849
 40
0.4374999999999849
 40
0.4999999999999827
 40
0.4999999999999827
 40
0.5312499999999837
 40
0.5312499999999837
 40
0.5624999999999848
 40
0.5624999999999848
 40
0.6249999999999869
 40
0.6249999999999869
 40
0.687499999999989
 40
0.687499999999989
 40
0.7499999999999912
 40
0.7499999999999912
 40
0.8124999999999932
 40
0.8124999999999932
 40
0.8749999999999955
 40
0.8749999999999955
 40
0.9374999999999976
 40
0.9374999999999976
 40
1.0
 40
1.0
 40
1.0
 40
1.0
 10
48.17298084252911
 20
-6.284771749224091
 30
0.0
 10
48.17298084252911
 20
-6.061648066217458
 30
0.0
 10
48.17298084252911
 20
-5.748640580317442
 30
0.0
 10
48.17298084252911
 20
-5.146115874165843
 30
0.0
 10
48.17298084252911
 20
-4.924001467577909
 30
0.0
 10
48.17298084252911
 20
-4.449482089517914
 30
0.0
 10
48.17298084252911
 20
-4.195512020663954
 30
0.0
 10
48.17298084252911
 20
-3.653557191697473
 30
0.0
 10
48.17298084252911
 20
-3.36458855440469
 30
0.0
 10
48.17298084252911
 20
-2.771962396685921
 30
0.0
 10
48.17298084252911
 20
-2.466129694243136
 30
0.0
 10
48.17298084252911
 20
-1.8352380537126
 30
0.0
 10
48.17298084252911
 20
-1.507381514360531
 30
0.0
 10
48.17298084252911
 20
-0.8515176622386206
 30
0.0
 10
48.17298084252911
 20
-0.5223088148959505
 30
0.0
 10
48.17298084252911
 20
-0.0265939534019708
 30
0.0
 10
48.17298084252911
 20
0.1389594073370972
 30
0.0
 10
48.17298084252911
 20
0.47071777723977
 30
0.0
 10
48.17298084252911
 20
0.6375552076042368
 30
0.0
 10
48.17298084252911
 20
1.131215854555193
 30
0.0
 10
48.17298084252911
 20
1.453026713392318
 30
0.0
 10
48.17298084252911
 20
2.082423676656617
 30
0.0
 10
48.17298084252911
 20
2.390509677114096
 30
0.0
 10
48.17298084252911
 20
2.989686783503202
 30
0.0
 10
48.17298084252911
 20
3.274000356397664
 30
0.0
 10
48.17298084252911
 20
3.813303468550657
 30
0.0
 10
48.17298084252911
 20
4.068223621250581
 30
0.0
 10
48.17298084252911
 20
4.54772208815666
 30
0.0
 10
48.17298084252911
 20
4.769311443793412
 30
0.0
 10
48.17298084252911
 20
5.168094138234664
 30
0.0
 10
48.17298084252911
 20
5.346886080138574
 30
0.0
 10
48.17298084252911
 20
5.662313376633392
 30
0.0
 10
48.17298084252911
 20
5.798681089780075
 30
0.0
 10
48.17298084252911
 20
5.910196665512557
 30
0.0
  0
ARC
  5
633
330
23F
100
AcDbEntity
  8
xian
 62
    18
420
        0
370
     0
100
AcDbCircle
 10
48.3289029671971
 20
5.905270828217908
 30
0.0
 40
0.1559999129318772
100
AcDbArc
 50
86.44914195471738
 51
178.1905335568838
  0
SPLINE
  5
634
330
23F
100
AcDbEntity
  8
xian
 62
    18
420
        0
370
     0
100
AcDbSpline
210
0.0
220
0.0
230
1.0
 70
     8
 71
     3
 72
    40
 73
    36
 74
     0
 42
0.00000001
 43
0.0000000001
 40
0.0
 40
0.0
 40
0.0
 40
0.0
 40
0.0624999999999978
 40
0.0624999999999978
 40
0.1249999999999956
 40
0.1249999999999956
 40
0.1874999999999934
 40
0.1874999999999934
 40
0.2499999999999913
 40
0.2499999999999913
 40
0.3124999999999891
 40
0.3124999999999891
 40
0.3749999999999869
 40
0.3749999999999869
 40
0.4374999999999848
 40
0.4374999999999848
 40
0.4687499999999857
 40
0.4687499999999857
 40
0.4999999999999865
 40
0.4999999999999865
 40
0.5624999999999881
 40
0.5624999999999881
 40
0.6249999999999899
 40
0.6249999999999899
 40
0.6874999999999916
 40
0.6874999999999916
 40
0.7499999999999933
 40
0.7499999999999933
 40
0.812499999999995
 40
0.812499999999995
 40
0.8749999999999966
 40
0.8749999999999966
 40
0.9374999999999984
 40
0.9374999999999984
 40
1.0
 40
1.0
 40
1.0
 40
1.0
 10
-47.99260306302016
 20
-6.435481122607598
 30
0.0
 10
-47.99260307958388
 20
-6.321338220717734
 30
0.0
 10
-47.99260305312123
 20
-6.181651812787094
 30
0.0
 10
-47.99260305660641
 20
-5.858846325665581
 30
0.0
 10
-47.99260307629515
 20
-5.675970044485438
 30
0.0
 10
-47.99260304617269
 20
-5.26791868649343
 30
0.0
 10
-47.99260308584848
 20
-5.041278182927271
 30
0.0
 10
-47.99260306287829
 20
-4.550521066787041
 30
0.0
 10
-47.99260305645361
 20
-4.2896510268165
 30
0.0
 10
-47.9926030869035
 20
-3.737912305910867
 30
0.0
 10
-47.99260304634003
 20
-3.446990763355643
 30
0.0
 10
-47.99260307064537
 20
-2.83398513868633
 30
0.0
 10
-47.99260306179417
 20
-2.518567705095847
 30
0.0
 10
-47.99260304973063
 20
-1.874448762340762
 30
0.0
 10
-47.99260308408406
 20
-1.545130365886507
 30
0.0
 10
-47.99260305817802
 20
-1.039934564056238
 30
0.0
 10
-47.99260305230268
 20
-0.8691594040155905
 30
0.0
 10
-47.99260306138307
 20
-0.5295012944152404
 30
0.0
 10
-47.9926030761278
 20
-0.3600059569998848
 30
0.0
 10
-47.99260307685904
 20
0.1474949508974532
 30
0.0
 10
-47.99260304894119
 20
0.4845229136753915
 30
0.0
 10
-47.99260308328735
 20
1.155945084958148
 30
0.0
 10
-47.99260305006896
 20
1.491713350602367
 30
0.0
 10
-47.99260306119754
 20
2.138062830543276
 30
0.0
 10
-47.99260307157669
 20
2.451422157184424
 30
0.0
 10
-47.99260304630729
 20
3.058525322074274
 30
0.0
 10
-47.992603087009
 20
3.354655653940426
 30
0.0
 10
-47.9926030570939
 20
3.910275884925795
 30
0.0
 10
-47.99260306191058
 20
4.170739975501419
 30
0.0
 10
-47.99260308611406
 20
4.657501423575013
 30
0.0
 10
-47.99260304592531
 20
4.884789134368475
 30
0.0
 10
-47.9926030756876
 20
5.298446029517435
 30
0.0
 10
-47.99260305654456
 20
5.483921338889558
 30
0.0
 10
-47.99260305317216
 20
5.808529378666207
 30
0.0
 10
-47.99260307958388
 20
5.946857712689961
 30
0.0
 10
-47.99260306302016
 20
6.061000829238764
 30
0.0
  0
SPLINE
  5
635
330
23F
100
AcDbEntity
  8
xian
 62
    18
420
        0
370
     0
100
AcDbSpline
210
0.0
220
0.0
230
0.0
 70
    24
 71
     3
 72
    38
 73
    34
 74
     0
 42
0.00000001
 43
0.0000000001
 40
0.0
 40
0.0
 40
0.0
 40
0.0
 40
0.1250000000000002
 40
0.1250000000000002
 40
0.1874999999999999
 40
0.1874999999999999
 40
0.2499999999999996
 40
0.2499999999999996
 40
0.3124999999999993
 40
0.3124999999999993
 40
0.3749999999999991
 40
0.3749999999999991
 40
0.4374999999999988
 40
0.4374999999999988
 40
0.4999999999999985
 40
0.4999999999999985
 40
0.5312500000000005
 40
0.5312500000000005
 40
0.5625000000000025
 40
0.5625000000000025
 40
0.6250000000000022
 40
0.6250000000000022
 40
0.6875000000000018
 40
0.6875000000000018
 40
0.7500000000000015
 40
0.7500000000000015
 40
0.812500000000001
 40
0.812500000000001
 40
0.8750000000000007
 40
0.8750000000000007
 40
0.9375000000000003
 40
0.9375000000000003
 40
1.0
 40
1.0
 40
1.0
 40
1.0
 10
-47.82701915690336
 20
5.910225004658059
 30
0.0
 10
-47.82701915690336
 20
5.687230760282545
 30
0.0
 10
-47.82701915690336
 20
5.374188838692134
 30
0.0
 10
-47.82701915690336
 20
4.771429806836749
 30
0.0
 10
-47.82701915690336
 20
4.549442036881373
 30
0.0
 10
-47.82701915690336
 20
4.074816862275838
 30
0.0
 10
-47.82701915690336
 20
3.820793934393805
 30
0.0
 10
-47.82701915690336
 20
3.278852897152319
 30
0.0
 10
-47.82701915689972
 20
2.989834192900161
 30
0.0
 10
-47.82701915689972
 20
2.397215943627088
 30
0.0
 10
-47.82701915690336
 20
2.091314483535825
 30
0.0
 10
-47.82701915690336
 20
1.460322078193712
 30
0.0
 10
-47.82701915690336
 20
1.132474543512216
 30
0.0
 10
-47.82701915690336
 20
0.476659914598713
 30
0.0
 10
-47.82701915690336
 20
0.1474644727841223
 30
0.0
 10
-47.82701915690336
 20
-0.3482435223468201
 30
0.0
 10
-47.82701915690336
 20
-0.5138005833705393
 30
0.0
 10
-47.82701915690336
 20
-0.8455669940376537
 30
0.0
 10
-47.82701915690336
 20
-1.012399867204294
 30
0.0
 10
-47.82701915690336
 20
-1.506037029939761
 30
0.0
 10
-47.82701915690336
 20
-1.827812729661673
 30
0.0
 10
-47.82701915690336
 20
-2.457169893883474
 30
0.0
 10
-47.82701915690336
 20
-2.765286601825209
 30
0.0
 10
-47.82701915690336
 20
-3.364383629577787
 30
0.0
 10
-47.82701915690336
 20
-3.648692834240137
 30
0.0
 10
-47.82701915690336
 20
-4.187874274937712
 30
0.0
 10
-47.82701915690336
 20
-4.442798707019392
 30
0.0
 10
-47.82701915690336
 20
-4.922360934024254
 30
0.0
 10
-47.82701915690336
 20
-5.14387153757525
 30
0.0
 10
-47.82701915690336
 20
-5.542628639866961
 30
0.0
 10
-47.82701915690336
 20
-5.721326828905148
 30
0.0
 10
-47.82701915690336
 20
-6.036733446539074
 30
0.0
 10
-47.82701915690336
 20
-6.1732079683552
 30
0.0
 10
-47.82701915690336
 20
-6.284705298026892
 30
0.0
  0
ARC
  5
636
330
23F
100
AcDbEntity
  8
xian
 62
    18
420
        0
370
     0
100
AcDbCircle
 10
-47.9829418175002
 20
-6.27978014789187
 30
0.0
 40
0.1560004268982664
100
AcDbArc
 50
266.4493491078167
 51
358.1907920264827
  0
LINE
  5
637
330
23F
100
AcDbEntity
  8
xian
 62
    18
420
        0
370
     0
100
AcDbLine
 10
51.77298084252766
 20
-6.211723527023423
 30
0.0
 11
51.77298084252766
 21
5.837243233656408
 31
0.0
  0
ARC
  5
638
330
23F
100
AcDbEntity
  8
xian
 62
    18
420
        0
370
     0
100
AcDbCircle
 10
51.62285020999411
 20
-6.160381777732254
 30
0.0
 40
0.1586668902012512
100
AcDbArc
 50
270.8864866570974
 51
341.1203121374813
  0
SPLINE
  5
639
330
23F
100
AcDbEntity
  8
xian
 62
    18
420
        0
370
     0
100
AcDbSpline
210
0.0
220
0.0
230
1.0
 70
     8
 71
     3
 72
    36
 73
    32
 74
     0
 42
0.00000001
 43
0.0000000001
 40
0.0
 40
0.0
 40
0.0
 40
0.0
 40
0.1249999999999978
 40
0.1249999999999978
 40
0.187499999999998
 40
0.187499999999998
 40
0.2499999999999982
 40
0.2499999999999982
 40
0.3124999999999983
 40
0.3124999999999983
 40
0.3749999999999985
 40
0.3749999999999985
 40
0.4374999999999986
 40
0.4374999999999986
 40
0.4999999999999988
 40
0.4999999999999988
 40
0.562499999999999
 40
0.562499999999999
 40
0.6249999999999991
 40
0.6249999999999991
 40
0.6874999999999992
 40
0.6874999999999992
 40
0.7499999999999993
 40
0.7499999999999993
 40
0.8124999999999994
 40
0.8124999999999994
 40
0.8749999999999996
 40
0.8749999999999996
 40
0.9374999999999998
 40
0.9374999999999998
 40
1.0
 40
1.0
 40
1.0
 40
1.0
 10
51.6253050237749
 20
-6.319029676978971
 30
0.0
 10
51.62515760998144
 20
-6.092831091851621
 30
0.0
 10
51.62498459844141
 20
-5.776918688719888
 30
0.0
 10
51.62472507689677
 20
-5.169961332365346
 30
0.0
 10
51.62469269570578
 20
-4.946837074498034
 30
0.0
 10
51.62454462300525
 20
-4.470005826868145
 30
0.0
 10
51.62448277358203
 20
-4.214862200880816
 30
0.0
 10
51.62440925736451
 20
-3.670502918015699
 30
0.0
 10
51.62435866063174
 20
-3.380541001628444
 30
0.0
 10
51.62429192944114
 20
-2.785959590739366
 30
0.0
 10
51.62422966084637
 20
-2.479114818957896
 30
0.0
 10
51.62416538191178
 20
-1.846110420692639
 30
0.0
 10
51.62416850033991
 20
-1.517763563964763
 30
0.0
 10
51.62415718506167
 20
-0.855080124698361
 30
0.0
 10
51.62413610249791
 20
-0.5219571530342364
 30
0.0
 10
51.6241365158196
 20
0.1478571836069022
 30
0.0
 10
51.62411795077719
 20
0.4824388325978362
 30
0.0
 10
51.62417596740056
 20
1.1374552634079
 30
0.0
 10
51.62419980808704
 20
1.459951597435065
 30
0.0
 10
51.6242444440752
 20
2.094778340315315
 30
0.0
 10
51.62427299224805
 20
2.408000492381688
 30
0.0
 10
51.62436390214793
 20
3.002947356988443
 30
0.0
 10
51.62440749238817
 20
3.287464199893292
 30
0.0
 10
51.62448295974105
 20
3.830612872792698
 30
0.0
 10
51.62454268848091
 20
4.091131772353037
 30
0.0
 10
51.62469237057234
 20
4.570684879015971
 30
0.0
 10
51.6247604842531
 20
4.790888032699513
 30
0.0
 10
51.62490112783348
 20
5.192664486636203
 30
0.0
 10
51.62495689976572
 20
5.375157344888066
 30
0.0
 10
51.62511538060357
 20
5.694998495084291
 30
0.0
 10
51.62523224730762
 20
5.831461868760015
 30
0.0
 10
51.62532971271071
 20
5.944484463827393
 30
0.0
  0
ARC
  5
63A
330
23F
100
AcDbEntity
  8
xian
 62
    18
420
        0
370
     0
100
AcDbCircle
 10
51.62286302334109
 20
5.785823674154016
 30
0.0
 40
0.158679963249585
100
AcDbArc
 50
18.90776894104328
 51
89.10929785748527
  0
LINE
  5
63B
330
23F
100
AcDbEntity
  8
xian
 62
    18
420
        0
370
     0
100
AcDbLine
 10
49.21856476676044
 20
6.254254027657225
 30
0.0
 11
49.21856476200196
 21
6.408636331654633
 31
0.0
  0
SPLINE
  5
63C
330
23F
100
AcDbEntity
  8
xian
 62
    18
420
        0
370
     0
100
AcDbSpline
210
0.0
220
0.0
230
1.0
 70
     8
 71
     3
 72
    14
 73
    10
 74
     0
 42
0.00000001
 43
0.0000000001
 40
0.0
 40
0.0
 40
0.0
 40
0.0
 40
0.25
 40
0.25
 40
0.5
 40
0.5
 40
0.75
 40
0.75
 40
1.0
 40
1.0
 40
1.0
 40
1.0
 10
49.93856475334109
 20
1.288699341854226
 30
0.0
 10
49.84031927323599
 20
1.288680149500578
 30
0.0
 10
49.74280884278346
 20
1.309630383950207
 30
0.0
 10
49.56582052171075
 20
1.387531893718914
 30
0.0
 10
49.48527182241673
 20
1.445044420204794
 30
0.0
 10
49.3540418055884
 20
1.584821568723782
 30
0.0
 10
49.3032343089028
 20
1.666650921170003
 30
0.0
 10
49.23526818711912
 20
1.842301496937579
 30
0.0
 10
49.21856477041661
 20
1.933995336412408
 30
0.0
 10
49.21856477089682
 20
2.026415694637762
 30
0.0
  0
LINE
  5
63D
330
23F
100
AcDbEntity
  8
xian
 62
    18
420
        0
370
     0
100
AcDbLine
 10
50.0185647533101
 20
1.288714976504707
 30
0.0
 11
49.93856475334109
 21
1.288699341854226
 31
0.0
  0
SPLINE
  5
63E
330
23F
100
AcDbEntity
  8
xian
 62
    18
420
        0
370
     0
100
AcDbSpline
210
0.0
220
0.0
230
1.0
 70
     8
 71
     3
 72
    10
 73
     6
 74
     0
 42
0.00000001
 43
0.0000000001
 40
0.0
 40
0.0
 40
0.0
 40
0.0
 40
0.5
 40
0.5
 40
1.0
 40
1.0
 40
1.0
 40
1.0
 10
50.72233527036519
 20
1.871038484920063
 30
0.0
 10
50.68913726773757
 20
1.713484127054471
 30
0.0
 10
50.60488045579337
 20
1.566613093422347
 30
0.0
 10
50.35238158989455
 20
1.351592446188078
 30
0.0
 10
50.18838243249343
 20
1.288748178461901
 30
0.0
 10
50.0185647533101
 20
1.288714976504707
 30
0.0
  0
SPLINE
  5
63F
330
23F
100
AcDbEntity
  8
xian
 62
    18
420
        0
370
     0
100
AcDbSpline
210
0.0
220
0.0
230
1.0
 70
     8
 71
     3
 72
     8
 73
     4
 74
     0
 42
0.00000001
 43
0.0000000001
 40
0.0
 40
0.0
 40
0.0
 40
0.0
 40
1.0
 40
1.0
 40
1.0
 40
1.0
 10
50.73816610400104
 20
2.022957125251195
 30
0.0
 10
50.73816708959862
 20
1.971985427922845
 30
0.0
 10
50.73293357339139
 20
1.921336957579114
 30
0.0
 10
50.72233527036883
 20
1.871038484920063
 30
0.0
  0
SPLINE
  5
640
330
23F
100
AcDbEntity
  8
xian
 62
    18
420
        0
370
     0
100
AcDbSpline
210
0.0
220
0.0
230
1.0
 70
     8
 71
     3
 72
     9
 73
     5
 74
     0
 42
0.00000001
 43
0.0000000001
 40
0.0
 40
0.0
 40
0.0
 40
0.0
 40
0.4727832760961607
 40
1.0
 40
1.0
 40
1.0
 40
1.0
 10
50.73765118395318
 20
6.355588642600196
 30
0.0
 10
50.73767317658644
 20
6.357065292257175
 30
0.0
 10
50.73771969395898
 20
6.360188604210634
 30
0.0
 10
50.73775070911437
 20
6.240694491401882
 30
0.0
 10
50.73776706082504
 20
6.177695196720378
 30
0.0
  0
LINE
  5
641
330
23F
100
AcDbEntity
  8
xian
 62
    18
420
        0
370
     0
100
AcDbLine
 10
54.17298084252911
 20
6.235624237086085
 30
0.0
 11
50.73765118395318
 21
6.355588642600196
 31
0.0
  0
SPLINE
  5
642
330
23F
100
AcDbEntity
  8
xian
 62
    18
420
        0
370
     0
100
AcDbSpline
210
0.0
220
0.0
230
0.0
 70
    24
 71
     3
 72
    16
 73
    12
 74
     0
 42
0.00000001
 43
0.0000000001
 40
0.0
 40
0.0
 40
0.0
 40
0.0
 40
0.0949977333584302
 40
0.2162976515229857
 40
0.3375727489141144
 40
0.4588779714502847
 40
0.580108966596424
 40
0.7013498735706541
 40
0.8227059383825473
 40
0.9440036230446727
 40
1.0
 40
1.0
 40
1.0
 40
1.0
 10
54.17298084252911
 20
6.073093435286864
 30
0.0
 10
54.17298084252911
 20
5.95361784914894
 30
0.0
 10
54.17298084252911
 20
5.681587267128634
 30
0.0
 10
54.17298084252911
 20
4.449108505685217
 30
0.0
 10
54.17298084252911
 20
2.679439023622762
 30
0.0
 10
54.17298084252911
 20
0.5643158295242757
 30
0.0
 10
54.17298084252911
 20
-1.626624320038899
 30
0.0
 10
54.17298084252911
 20
-3.667750330996568
 30
0.0
 10
54.17298084252911
 20
-5.276970040853484
 30
0.0
 10
54.17298084252911
 20
-6.247383571189857
 30
0.0
 10
54.17298084252911
 20
-6.375698419571563
 30
0.0
 10
54.17298084252911
 20
-6.416225251397918
 30
0.0
  0
LINE
  5
643
330
23F
100
AcDbEntity
  8
xian
 62
    18
420
        0
370
     0
100
AcDbLine
 10
50.73765118396045
 20
-6.730068935965391
 30
0.0
 11
54.17298084252911
 21
-6.610104530453099
 31
0.0
  0
SPLINE
  5
644
330
23F
100
AcDbEntity
  8
xian
 62
    18
420
        0
370
     0
100
AcDbSpline
210
0.0
220
0.0
230
1.0
 70
     8
 71
     3
 72
     9
 73
     5
 74
     0
 42
0.00000001
 43
0.0000000001
 40
0.0
 40
0.0
 40
0.0
 40
0.0
 40
0.2811456678901865
 40
0.9999999999999998
 40
0.9999999999999998
 40
0.9999999999999998
 40
0.9999999999999998
 10
50.73775419301023
 20
-6.577799702057745
 30
0.0
 10
50.73774423666623
 20
-6.613906881200819
 30
0.0
 10
50.73770882319081
 20
-6.74233560434186
 30
0.0
 10
50.73767528967369
 20
-6.735199066853965
 30
0.0
 10
50.73765118396045
 20
-6.730068935965391
 30
0.0
  0
SPLINE
  5
645
330
23F
100
AcDbEntity
  8
xian
 62
    18
420
        0
370
     0
100
AcDbSpline
210
0.0
220
0.0
230
1.0
 70
     8
 71
     3
 72
     8
 73
     4
 74
     0
 42
0.00000001
 43
0.0000000001
 40
0.0
 40
0.0
 40
0.0
 40
0.0
 40
1.0
 40
1.0
 40
1.0
 40
1.0
 10
50.722574281491
 20
-2.246684433914197
 30
0.0
 10
50.73301480723171
 20
-2.296621364499515
 30
0.0
 10
50.73817135365175
 20
-2.346897870726024
 30
0.0
 10
50.73816948076933
 20
-2.397489152901471
 30
0.0
  0
SPLINE
  5
646
330
23F
100
AcDbEntity
  8
xian
 62
    18
420
        0
370
     0
100
AcDbSpline
210
0.0
220
0.0
230
1.0
 70
     8
 71
     3
 72
    10
 73
     6
 74
     0
 42
0.00000001
 43
0.0000000001
 40
0.0
 40
0.0
 40
0.0
 40
0.0
 40
0.5
 40
0.5
 40
1.0
 40
1.0
 40
1.0
 40
1.0
 10
50.01856480310312
 20
-1.663146718923599
 30
0.0
 10
50.18859662678301
 20
-1.663179979428605
 30
0.0
 10
50.35281405022328
 20
-1.726205540497176
 30
0.0
 10
50.60539474075927
 20
-1.941711356526866
 30
0.0
 10
50.68958587557358
 20
-2.088901217113743
 30
0.0
 10
50.72257428149464
 20
-2.246684433914197
 30
0.0
  0
LINE
  5
647
330
23F
100
AcDbEntity
  8
xian
 62
    18
420
        0
370
     0
100
AcDbLine
 10
49.93856480288309
 20
-1.663131076848003
 30
0.0
 11
50.01856480310312
 21
-1.663146718923599
 31
0.0
  0
SPLINE
  5
648
330
23F
100
AcDbEntity
  8
xian
 62
    18
420
        0
370
     0
100
AcDbSpline
210
0.0
220
0.0
230
1.0
 70
     8
 71
     3
 72
    14
 73
    10
 74
     0
 42
0.00000001
 43
0.0000000001
 40
0.0
 40
0.0
 40
0.0
 40
0.0
 40
0.25
 40
0.25
 40
0.5
 40
0.5
 40
0.75
 40
0.75
 40
1.0
 40
1.0
 40
1.0
 40
1.0
 10
49.21856484789464
 20
-2.400931769745511
 30
0.0
 10
49.21856488191702
 20
-2.308533468773021
 30
0.0
 10
49.23563936790674
 20
-2.215635694952652
 30
0.0
 10
49.30330628212619
 20
-2.041145023735225
 30
0.0
 10
49.35467469167202
 20
-1.958498023921492
 30
0.0
 10
49.48552766015859
 20
-1.819344240038844
 30
0.0
 10
49.56609077567486
 20
-1.761751353500585
 30
0.0
 10
49.74376337396029
 20
-1.683741230066516
 30
0.0
 10
49.84037051782365
 20
-1.663111885902253
 30
0.0
 10
49.93856480288309
 20
-1.663131076848003
 30
0.0
  0
SPLINE
  5
649
330
23F
100
AcDbEntity
  8
xian
 62
    18
420
        0
370
     0
100
AcDbSpline
210
0.0
220
0.0
230
1.0
 70
     8
 71
     3
 72
    22
 73
    18
 74
     0
 42
0.00000001
 43
0.0000000001
 40
0.0
 40
0.0
 40
0.0
 40
0.0
 40
0.1249999999999982
 40
0.1249999999999982
 40
0.2499999999999985
 40
0.2499999999999985
 40
0.3749999999999987
 40
0.3749999999999987
 40
0.4999999999999991
 40
0.4999999999999991
 40
0.6249999999999992
 40
0.6249999999999992
 40
0.7499999999999995
 40
0.7499999999999995
 40
0.8749999999999998
 40
0.8749999999999998
 40
1.0
 40
1.0
 40
1.0
 40
1.0
 10
49.21856476200196
 20
-6.783116625023467
 30
0.0
 10
49.21856476200196
 20
-6.783428538064981
 30
0.0
 10
49.21856473544107
 20
-6.757407239721942
 30
0.0
 10
49.21856476846301
 20
-6.654242088385217
 30
0.0
 10
49.21856494563986
 20
-6.576126089274112
 30
0.0
 10
49.21856486676119
 20
-6.372551926433516
 30
0.0
 10
49.21856472421791
 20
-6.246874755759563
 30
0.0
 10
49.21856477200276
 20
-5.948185563294828
 30
0.0
 10
49.21856469081399
 20
-5.773186159680335
 30
0.0
 10
49.21856488809067
 20
-5.384453488844883
 30
0.0
 10
49.21856486316324
 20
-5.170609739834617
 30
0.0
 10
49.21856469572162
 20
-4.704574164408768
 30
0.0
 10
49.21856497807971
 20
-4.451329372845066
 30
0.0
 10
49.21856477154074
 20
-3.909880536288255
 30
0.0
 10
49.21856476954349
 20
-3.623668366990386
 30
0.0
 10
49.21856475524624
 20
-3.030053436707021
 30
0.0
 10
49.21856472985314
 20
-2.72150792483444
 30
0.0
 10
49.21856484789464
 20
-2.400931769745511
 30
0.0
  0
LINE
  5
64A
330
23F
100
AcDbEntity
  8
xian
 62
    18
420
        0
370
     0
100
AcDbLine
 10
46.44599191356905
 20
-6.879937043020618
 30
0.0
 11
49.21856476200196
 21
-6.783116625023467
 31
0.0
  0
LINE
  5
64B
330
23F
100
AcDbEntity
  8
xian
 62
    18
420
        0
370
     0
100
AcDbLine
 10
46.44599061671328
 20
-6.879937110985338
 30
0.0
 11
46.44599191356905
 21
-6.879937043020618
 31
0.0
  0
LWPOLYLINE
  5
64C
330
23F
100
AcDbEntity
  8
xian
 62
    18
420
        0
370
     0
100
AcDbPolyline
 90
        5
 70
   128
 43
0.0
 10
46.37619070179721
 20
-6.683867952229775
 10
46.42838955348929
 20
-6.874048326642878
 10
46.44598780104502
 20
-6.879937253050229
 10
46.44599061671328
 20
-6.879937110985338
 10
46.44599061671328
 20
-6.879937110985338
  0
SPLINE
  5
64D
330
23F
100
AcDbEntity
  8
xian
 62
    18
420
        0
370
     0
100
AcDbSpline
210
0.0
220
0.0
230
1.0
 70
     8
 71
     3
 72
    24
 73
    20
 74
     0
 42
0.00000001
 43
0.0000000001
 40
0.0
 40
0.0
 40
0.0
 40
0.0
 40
0.2500000000000059
 40
0.2500000000000059
 40
0.3750000000000048
 40
0.3750000000000048
 40
0.5000000000000038
 40
0.5000000000000038
 40
0.6250000000000027
 40
0.6250000000000027
 40
0.7500000000000016
 40
0.7500000000000016
 40
0.8750000000000005
 40
0.8750000000000005
 40
0.9375000000000007
 40
0.9375000000000007
 40
0.9687500000000003
 40
0.9687500000000003
 40
1.0
 40
1.0
 40
1.0
 40
1.0
 10
46.09440316028781
 20
2.829766840544834
 30
0.0
 10
46.11089367116733
 20
3.386519367601067
 30
0.0
 10
46.13140819944169
 20
3.889794279573834
 30
0.0
 10
46.16796740344511
 20
4.567702639122217
 30
0.0
 10
46.18122761278141
 20
4.782116787229824
 30
0.0
 10
46.2093174972681
 20
5.176626098840642
 30
0.0
 10
46.22403163103013
 20
5.3553491928742
 30
0.0
 10
46.25473259094656
 20
5.676919566874857
 30
0.0
 10
46.27075013814033
 20
5.819655200124543
 30
0.0
 10
46.30405180433377
 20
6.068146378705932
 30
0.0
 10
46.32129265299158
 20
6.172982007057726
 30
0.0
 10
46.35604112902297
 20
6.339406374159807
 30
0.0
 10
46.37367284715151
 20
6.401909902740953
 30
0.0
 10
46.40052327403395
 20
6.464617770381664
 30
0.0
 10
46.40954315122439
 20
6.480298857828529
 30
0.0
 10
46.4231696080053
 20
6.49579794543024
 30
0.0
 10
46.42773287015666
 20
6.499629105794156
 30
0.0
 10
46.43686234396159
 20
6.504572461064526
 30
0.0
 10
46.44151240870201
 20
6.505683225734173
 30
0.0
 10
46.44599061665144
 20
6.505456817620142
 30
0.0
  0
LINE
  5
64E
330
23F
100
AcDbEntity
  8
xian
 62
    18
420
        0
370
     0
100
AcDbLine
 10
49.21856476200196
 20
6.408636331654633
 30
0.0
 11
46.44599191350721
 21
6.505456749655422
 31
0.0
  0
SPLINE
  5
64F
330
23F
100
AcDbEntity
  8
xian
 62
    18
420
        0
370
     0
100
AcDbSpline
210
0.0
220
0.0
230
1.0
 70
     8
 71
     3
 72
    14
 73
    10
 74
     0
 42
0.00000001
 43
0.0000000001
 40
0.0
 40
0.0
 40
0.0
 40
0.0
 40
0.25
 40
0.25
 40
0.5
 40
0.5
 40
0.75
 40
0.75
 40
1.0
 40
1.0
 40
1.0
 40
1.0
 10
48.33856485477667
 20
-6.435535501543199
 30
0.0
 10
48.33856488767128
 20
-6.468403284081432
 30
0.0
 10
48.32124774131739
 20
-6.499537731167947
 30
0.0
 10
48.25350513847229
 20
-6.555135338534455
 30
0.0
 10
48.20222530968681
 20
-6.58004880712906
 30
0.0
 10
48.07178929698716
 20
-6.621404160754536
 30
0.0
 10
47.99156470391539
 20
-6.638252860251668
 30
0.0
 10
47.81402131666914
 20
-6.663109005958176
 30
0.0
 10
47.71731269127417
 20
-6.67120165306369
 30
0.0
 10
47.61856479325365
 20
-6.674741450717192
 30
0.0
  0
SPLINE
  5
650
330
23F
100
AcDbEntity
  8
xian
 62
    18
420
        0
370
     0
100
AcDbSpline
210
0.0
220
0.0
230
1.0
 70
     8
 71
     3
 72
    12
 73
     8
 74
     0
 42
0.00000001
 43
0.0000000001
 40
0.0
 40
0.0
 40
0.0
 40
0.0
 40
0.499999999999994
 40
0.499999999999994
 40
0.749999999999997
 40
0.749999999999997
 40
1.0
 40
1.0
 40
1.0
 40
1.0
 10
47.61856476788966
 20
6.300236915409186
 30
0.0
 10
47.81619378966865
 20
6.293152233965884
 30
0.0
 10
48.00646105483543
 20
6.267657538664934
 30
0.0
 10
48.20289441377759
 20
6.205223375201967
 30
0.0
 10
48.25354601774893
 20
6.180597904012756
 30
0.0
 10
48.32167662405414
 20
6.124514089389776
 30
0.0
 10
48.33856474529898
 20
6.093833905822975
 30
0.0
 10
48.33856474381832
 20
6.060971255023105
 30
0.0
  0
LINE
  5
651
330
23F
100
AcDbEntity
  8
xian
 62
    18
420
        0
370
     0
100
AcDbLine
 10
47.53856476786245
 20
6.303104752349099
 30
0.0
 11
47.61856476788966
 21
6.300236915409186
 31
0.0
  0
SPLINE
  5
652
330
23F
100
AcDbEntity
  8
xian
 62
    18
420
        0
370
     0
100
AcDbSpline
210
0.0
220
0.0
230
1.0
 70
     8
 71
     3
 72
    14
 73
    10
 74
     0
 42
0.00000001
 43
0.0000000001
 40
0.0
 40
0.0
 40
0.0
 40
0.0
 40
0.25
 40
0.25
 40
0.5
 40
0.5
 40
0.75
 40
0.75
 40
1.0
 40
1.0
 40
1.0
 40
1.0
 10
46.81856474422533
 20
6.11738707229415
 30
0.0
 10
46.81856474689925
 20
6.149762434059084
 30
0.0
 10
46.8357043831304
 20
6.17931020943979
 30
0.0
 10
46.90347377825605
 20
6.229638673516092
 30
0.0
 10
46.95492510673216
 20
6.2507347922201
 30
0.0
 10
47.08583485405256
 20
6.282517289151655
 30
0.0
 10
47.16637830239711
 20
6.29352427329286
 30
0.0
 10
47.34395189583961
 20
6.305507099054011
 30
0.0
 10
47.44046226209252
 20
6.306621485628056
 30
0.0
 10
47.53856476786245
 20
6.303104752349099
 30
0.0
  0
SPLINE
  5
653
330
23F
100
AcDbEntity
  8
xian
 62
    18
420
        0
370
     0
100
AcDbSpline
210
0.0
220
0.0
230
1.0
 70
     8
 71
     3
 72
    14
 73
    10
 74
     0
 42
0.00000001
 43
0.0000000001
 40
0.0
 40
0.0
 40
0.0
 40
0.0
 40
0.25
 40
0.25
 40
0.5
 40
0.5
 40
0.75
 40
0.75
 40
1.0
 40
1.0
 40
1.0
 40
1.0
 10
47.53856479305546
 20
-6.677609162097724
 30
0.0
 10
47.44040303852602
 20
-6.681127865340386
 30
0.0
 10
47.34296660915356
 20
-6.679975305516563
 30
0.0
 10
47.16608117263172
 20
-6.66800568671897
 30
0.0
 10
47.08553152992613
 20
-6.657028309722591
 30
0.0
 10
46.95427044448229
 20
-6.625111186616777
 30
0.0
 10
46.90338224957599
 20
-6.604230986300535
 30
0.0
 10
46.8353189988768
 20
-6.553538552452664
 30
0.0
 10
46.81856489240021
 20
-6.524357862448596
 30
0.0
 10
46.81856486102629
 20
-6.491957667301903
 30
0.0
  0
LINE
  5
654
330
23F
100
AcDbEntity
  8
xian
 62
    18
420
        0
370
     0
100
AcDbLine
 10
47.61856479325365
 20
-6.674741450717192
 30
0.0
 11
47.53856479305546
 21
-6.677609162097724
 31
0.0
  0
SPLINE
  5
655
330
23F
100
AcDbEntity
  8
xian
 62
    18
420
        0
370
     0
100
AcDbSpline
210
0.0
220
0.0
230
1.0
 70
     8
 71
     3
 72
    10
 73
     6
 74
     0
 42
0.00000001
 43
0.0000000001
 40
0.0
 40
0.0
 40
0.0
 40
0.0
 40
0.5
 40
0.5
 40
1.0
 40
1.0
 40
1.0
 40
1.0
 10
53.10532257458476
 20
-6.270378578894451
 30
0.0
 10
53.10521965107113
 20
-6.333529454284871
 30
0.0
 10
53.03731750364318
 20
-6.389245197809941
 30
0.0
 10
52.78646020142992
 20
-6.469702689886617
 30
0.0
 10
52.60620031570875
 20
-6.494282298057441
 30
0.0
 10
52.4185648078776
 20
-6.501440691865354
 30
0.0
  0
SPLINE
  5
656
330
23F
100
AcDbEntity
  8
xian
 62
    18
420
        0
370
     0
100
AcDbSpline
210
0.0
220
0.0
230
1.0
 70
     8
 71
     3
 72
    36
 73
    32
 74
     0
 42
0.00000001
 43
0.0000000001
 40
0.0
 40
0.0
 40
0.0
 40
0.0
 40
0.1249999999999992
 40
0.1249999999999992
 40
0.1874999999999993
 40
0.1874999999999993
 40
0.2499999999999993
 40
0.2499999999999993
 40
0.3124999999999993
 40
0.3124999999999993
 40
0.3749999999999994
 40
0.3749999999999994
 40
0.4374999999999995
 40
0.4374999999999995
 40
0.4999999999999996
 40
0.4999999999999996
 40
0.5624999999999997
 40
0.5624999999999997
 40
0.6249999999999997
 40
0.6249999999999997
 40
0.6874999999999999
 40
0.6874999999999999
 40
0.7499999999999999
 40
0.7499999999999999
 40
0.8124999999999998
 40
0.8124999999999998
 40
0.875
 40
0.875
 40
0.9375
 40
0.9375
 40
1.0
 40
1.0
 40
1.0
 40
1.0
 10
53.10526182743638
 20
5.895836978816078
 30
0.0
 10
53.10574400968403
 20
5.67156584240547
 30
0.0
 10
53.10614483026734
 20
5.358148173792869
 30
0.0
 10
53.10667733710511
 20
4.756005463752444
 30
0.0
 10
53.10685273963031
 20
4.534680573795412
 30
0.0
 10
53.10722775525142
 20
4.061612184668774
 30
0.0
 10
53.10738102499022
 20
3.808496015573837
 30
0.0
 10
53.10757222061443
 20
3.268525493323977
 30
0.0
 10
53.1076858031513
 20
2.980818840589563
 30
0.0
 10
53.10791825901765
 20
2.390967539087796
 30
0.0
 10
53.10799173510464
 20
2.086532381310462
 30
0.0
 10
53.10810459316349
 20
1.458639141834282
 30
0.0
 10
53.10816728043142
 20
1.133064809624556
 30
0.0
 10
53.10831784930929
 20
0.4755671703769622
 30
0.0
 10
53.10827018536588
 20
0.1451176457048859
 30
0.0
 10
53.10827124669891
 20
-0.5191343133737974
 30
0.0
 10
53.10821710548339
 20
-0.8513425588771497
 30
0.0
 10
53.10818799352205
 20
-1.50129109955742
 30
0.0
 10
53.10819610160184
 20
-1.821184050319061
 30
0.0
 10
53.10803532899012
 20
-2.45062821724241
 30
0.0
 10
53.1078729431822
 20
-2.761446633650848
 30
0.0
 10
53.10770095981502
 20
-3.351988739601438
 30
0.0
 10
53.10757561044306
 20
-3.634251489485905
 30
0.0
 10
53.10738661483196
 20
-4.172932092182236
 30
0.0
 10
53.10723113818608
 20
-4.431281654044141
 30
0.0
 10
53.10685367799601
 20
-4.907345943513064
 30
0.0
 10
53.10677351438357
 20
-5.125935761063374
 30
0.0
 10
53.1063455884098
 20
-5.524388792407989
 30
0.0
 10
53.1061340934823
 20
-5.705152564365562
 30
0.0
 10
53.10570689861129
 20
-6.022621824457019
 30
0.0
 10
53.10550546778836
 20
-6.158160626329845
 30
0.0
 10
53.10532257458476
 20
-6.270378578894451
 30
0.0
  0
SPLINE
  5
657
330
23F
100
AcDbEntity
  8
xian
 62
    18
420
        0
370
     0
100
AcDbSpline
210
0.0
220
0.0
230
1.0
 70
     8
 71
     3
 72
    14
 73
    10
 74
     0
 42
0.00000001
 43
0.0000000001
 40
0.0
 40
0.0
 40
0.0
 40
0.0
 40
0.25
 40
0.25
 40
0.5
 40
0.5
 40
0.75
 40
0.75
 40
1.0
 40
1.0
 40
1.0
 40
1.0
 10
52.41856476949692
 20
6.126925591193867
 30
0.0
 10
52.51237267654437
 20
6.123346202593893
 30
0.0
 10
52.60392527223598
 20
6.115460463044655
 30
0.0
 10
52.7729731277243
 20
6.091270646427801
 30
0.0
 10
52.84908483919867
 20
6.075032395803646
 30
0.0
 10
52.97414969270107
 20
6.034928443685203
 30
0.0
 10
53.0232954676569
 20
6.010874793957555
 30
0.0
 10
53.08835650795231
 20
5.957399926999642
 30
0.0
 10
53.10519398466135
 20
5.927391804078069
 30
0.0
 10
53.10526182743638
 20
5.895836978816078
 30
0.0
  0
SPLINE
  5
658
330
23F
100
AcDbEntity
  8
xian
 62
    18
420
        0
370
     0
100
AcDbSpline
210
0.0
220
0.0
230
1.0
 70
     8
 71
     3
 72
    11
 73
     7
 74
     0
 42
0.00000001
 43
0.0000000001
 40
0.0
 40
0.0
 40
0.0
 40
0.0
 40
0.0000438072485657
 40
0.0000438072485657
 40
0.0000438072485657
 40
0.0001000767987952
 40
0.0001000767987952
 40
0.0001000767987952
 40
0.0001000767987952
 10
52.33856476945516
 20
6.129969978672306
 30
0.0
 10
52.35023782790745
 20
6.129526937220362
 30
0.0
 10
52.36191084812458
 20
6.129083388299477
 30
0.0
 10
52.37358382832394
 20
6.128639324937466
 30
0.0
 10
52.38857754189962
 20
6.128068934280236
 30
0.0
 10
52.40357119026089
 20
6.127497694849807
 30
0.0
 10
52.41856476949692
 20
6.126925591193867
 30
0.0
  0
SPLINE
  5
659
330
23F
100
AcDbEntity
  8
xian
 62
    18
420
        0
370
     0
100
AcDbSpline
210
0.0
220
0.0
230
1.0
 70
     8
 71
     3
 72
    10
 73
     6
 74
     0
 42
0.00000001
 43
0.0000000001
 40
0.0
 40
0.0
 40
0.0
 40
0.0
 40
0.5
 40
0.5
 40
1.0
 40
1.0
 40
1.0
 40
1.0
 10
51.62532971271798
 20
5.944484463821936
 30
0.0
 10
51.62538562689883
 20
6.009323532583948
 30
0.0
 10
51.69626124461797
 20
6.061808881026081
 30
0.0
 10
51.95768082337895
 20
6.125745772746086
 30
0.0
 10
52.14577239123105
 20
6.137287256791751
 30
0.0
 10
52.33856476945516
 20
6.129969978672306
 30
0.0
  0
SPLINE
  5
65A
330
23F
100
AcDbEntity
  8
xian
 62
    18
420
        0
370
     0
100
AcDbSpline
210
0.0
220
0.0
230
1.0
 70
     8
 71
     3
 72
    14
 73
    10
 74
     0
 42
0.00000001
 43
0.0000000001
 40
0.0
 40
0.0
 40
0.0
 40
0.0
 40
0.25
 40
0.25
 40
0.5
 40
0.5
 40
0.75
 40
0.75
 40
1.0
 40
1.0
 40
1.0
 40
1.0
 10
52.33856480738109
 20
-6.50448460840198
 30
0.0
 10
52.24225221970778
 20
-6.508139522678902
 30
0.0
 10
52.14696060265419
 20
-6.507098948632119
 30
0.0
 10
51.97191646853685
 20
-6.495234633401196
 30
0.0
 10
51.89137856933235
 20
-6.484116807259852
 30
0.0
 10
51.76180145001058
 20
-6.452391486700435
 30
0.0
 10
51.71057101207338
 20
-6.431332561376621
 30
0.0
 10
51.6426790407379
 20
-6.380968228970232
 30
0.0
 10
51.62532615093664
 20
-6.351448177727434
 30
0.0
 10
51.6253050237749
 20
-6.319029676978971
 30
0.0
  0
SPLINE
  5
65B
330
23F
100
AcDbEntity
  8
xian
 62
    18
420
        0
370
     0
100
AcDbSpline
210
0.0
220
0.0
230
1.0
 70
     8
 71
     3
 72
    11
 73
     7
 74
     0
 42
0.00000001
 43
0.0000000001
 40
0.0
 40
0.0
 40
0.0
 40
0.0
 40
0.0000562695504319
 40
0.0000562695504319
 40
0.0000562695504319
 40
0.0001000767666315
 40
0.0001000767666315
 40
0.0001000767666315
 40
0.0001000767666315
 10
52.4185648078776
 20
-6.501440691865354
 30
0.0
 10
52.40357122348291
 20
-6.502012705035667
 30
0.0
 10
52.38857757007941
 20
-6.502583855357443
 30
0.0
 10
52.37358385157063
 20
-6.503154158242978
 30
0.0
 10
52.36191087619886
 20
-6.503598152941776
 30
0.0
 10
52.35023786087845
 20
-6.504041634010718
 30
0.0
 10
52.33856480738109
 20
-6.50448460840198
 30
0.0
  0
ARC
  5
65C
330
23F
100
AcDbEntity
  8
xian
 62
    18
420
        0
370
     0
100
AcDbCircle
 10
53.09875380687595
 20
-6.10657252682904
 30
0.0
 40
0.1639377058598496
100
AcDbArc
 50
219.8969109288475
 51
272.296381088942
  0
LINE
  5
65D
330
23F
100
AcDbEntity
  8
xian
 62
    18
420
        0
370
     0
100
AcDbLine
 10
52.97298084252838
 20
5.837243233656408
 30
0.0
 11
52.97298084252838
 21
-6.211723527023423
 31
0.0
  0
ARC
  5
65E
330
23F
100
AcDbEntity
  8
xian
 62
    18
420
        0
370
     0
100
AcDbCircle
 10
53.09870744986551
 20
5.732018751745272
 30
0.0
 40
0.1639492951681963
100
AcDbArc
 50
87.70881431679447
 51
140.0729963644022
  0
SPLINE
  5
65F
330
23F
100
AcDbEntity
  8
xian
 62
    18
420
        0
370
     0
100
AcDbSpline
210
0.0
220
0.0
230
1.0
 70
     8
 71
     3
 72
     8
 73
     4
 74
     0
 42
0.00000001
 43
0.0000000001
 40
0.0
 40
0.0
 40
0.0
 40
0.0
 40
1.0
 40
1.0
 40
1.0
 40
1.0
 10
-40.78748350974706
 20
-7.830351262708063
 30
0.0
 10
-41.85068314351588
 20
-7.639745259162737
 30
0.0
 10
-42.91484601821207
 20
-7.44865781322369
 30
0.0
 10
-43.98004001973163
 20
-7.257177233943366
 30
0.0
  0
LINE
  5
660
330
23F
100
AcDbEntity
  8
xian
 62
    18
420
        0
370
     0
100
AcDbLine
 10
-40.78272345727668
 20
-7.836477553146323
 30
0.0
 11
-40.78748350974706
 21
-7.830351262708063
 31
0.0
  0
SPLINE
  5
661
330
23F
100
AcDbEntity
  8
xian
 62
    18
420
        0
370
     0
100
AcDbSpline
210
0.0
220
0.0
230
1.0
 70
     8
 71
     3
 72
    11
 73
     7
 74
     0
 42
0.00000001
 43
0.0000000001
 40
0.0
 40
0.0
 40
0.0
 40
0.0
 40
0.0006375089237002
 40
0.0006375089237002
 40
0.0006375089237002
 40
0.0013437344154417
 40
0.0013437344154417
 40
0.0013437344154417
 40
0.0013437344154417
 10
-40.25076856697774
 20
-8.521277958609061
 30
0.0
 10
-40.33565556837925
 20
-8.411975741839341
 30
0.0
 10
-40.42019038170542
 20
-8.30313847493926
 30
0.0
 10
-40.50435878040002
 20
-8.194784741081093
 30
0.0
 10
-40.59759920075953
 20
-8.074752189091668
 30
0.0
 10
-40.69039390722605
 20
-7.95530794161641
 30
0.0
 10
-40.78272345727668
 20
-7.836477553146323
 30
0.0
  0
SPLINE
  5
662
330
23F
100
AcDbEntity
  8
xian
 62
    18
420
        0
370
     0
100
AcDbSpline
210
0.0
220
0.0
230
1.0
 70
     8
 71
     3
 72
     8
 73
     4
 74
     0
 42
0.00000001
 43
0.0000000001
 40
0.0
 40
0.0
 40
0.0
 40
0.0
 40
1.0
 40
1.0
 40
1.0
 40
1.0
 10
-40.25076856697774
 20
-8.521277958609061
 30
0.0
 10
-41.82375515873059
 20
-8.28794365835165
 30
0.0
 10
-43.39747450240316
 20
-8.055064220483473
 30
0.0
 10
-44.97275351721031
 20
-7.820287122207446
 30
0.0
  0
SPLINE
  5
663
330
23F
100
AcDbEntity
  8
xian
 62
    18
420
        0
370
     0
100
AcDbSpline
210
0.0
220
0.0
230
1.0
 70
     8
 71
     3
 72
    14
 73
    10
 74
     0
 42
0.00000001
 43
0.0000000001
 40
0.0
 40
0.0
 40
0.0
 40
0.0
 40
0.0005000000003386
 40
0.0005000000003386
 40
0.0005000000003386
 40
0.0025000000411673
 40
0.0025000000411673
 40
0.0025000000411673
 40
0.0042337598533299
 40
0.0042337598533299
 40
0.0042337598533299
 40
0.0042337598533299
 10
-44.81013967331887
 20
-5.912693495303756
 30
0.0
 10
-44.81656355497466
 20
-5.98781558684459
 30
0.0
 10
-44.82298497043371
 20
-6.062934231778854
 30
0.0
 10
-44.8294038497304
 20
-6.138049497427346
 30
0.0
 10
-44.85507936716817
 20
-6.438510562988085
 30
0.0
 10
-44.88071423133874
 20
-6.738917551667327
 30
0.0
 10
-44.90630456620124
 20
-7.039274887818464
 30
0.0
 10
-44.92848831289371
 20
-7.299648622602035
 30
0.0
 10
-44.95063861310768
 20
-7.55998505529169
 30
0.0
 10
-44.97275351721031
 20
-7.820287122207446
 30
0.0
  0
SPLINE
  5
664
330
23F
100
AcDbEntity
  8
xian
 62
    18
420
        0
370
     0
100
AcDbSpline
210
0.0
220
0.0
230
1.0
 70
     8
 71
     3
 72
    14
 73
    10
 74
     0
 42
0.00000001
 43
0.0000000001
 40
0.0
 40
0.0
 40
0.0
 40
0.0
 40
0.0005000000003387
 40
0.0005000000003387
 40
0.0005000000003387
 40
0.0025000000411673
 40
0.0025000000411673
 40
0.0025000000411673
 40
0.00423375985333
 40
0.00423375985333
 40
0.00423375985333
 40
0.00423375985333
 10
45.15610135894462
 20
-5.912693495303756
 30
0.0
 10
45.16252524060405
 20
-5.98781558684459
 30
0.0
 10
45.16894665605946
 20
-6.062934231778854
 30
0.0
 10
45.17536553535615
 20
-6.138049497427346
 30
0.0
 10
45.20104105279756
 20
-6.438510562988085
 30
0.0
 10
45.22667591696449
 20
-6.738917551667327
 30
0.0
 10
45.25226625182699
 20
-7.039274887818464
 30
0.0
 10
45.27444999851946
 20
-7.299648622602035
 30
0.0
 10
45.29660029873707
 20
-7.55998505529169
 30
0.0
 10
45.31871520283607
 20
-7.820287122207446
 30
0.0
  0
SPLINE
  5
665
330
23F
100
AcDbEntity
  8
xian
 62
    18
420
        0
370
     0
100
AcDbSpline
210
0.0
220
0.0
230
1.0
 70
     8
 71
     3
 72
     8
 73
     4
 74
     0
 42
0.00000001
 43
0.0000000001
 40
0.0
 40
0.0
 40
0.0
 40
0.0
 40
1.0
 40
1.0
 40
1.0
 40
1.0
 10
40.59673025260349
 20
-8.521277958609061
 30
0.0
 10
42.16971684435634
 20
-8.28794365835165
 30
0.0
 10
43.74343618802891
 20
-8.055064220483473
 30
0.0
 10
45.31871520283607
 20
-7.820287122207446
 30
0.0
  0
SPLINE
  5
666
330
23F
100
AcDbEntity
  8
xian
 62
    18
420
        0
370
     0
100
AcDbSpline
210
0.0
220
0.0
230
1.0
 70
     8
 71
     3
 72
    11
 73
     7
 74
     0
 42
0.00000001
 43
0.0000000001
 40
0.0
 40
0.0
 40
0.0
 40
0.0
 40
0.0006375089237001
 40
0.0006375089237001
 40
0.0006375089237001
 40
0.0013437344154416
 40
0.0013437344154416
 40
0.0013437344154416
 40
0.0013437344154416
 10
40.59673025260349
 20
-8.521277958609061
 30
0.0
 10
40.68161725400864
 20
-8.411975741839341
 30
0.0
 10
40.76615206733118
 20
-8.30313847493926
 30
0.0
 10
40.85032046602577
 20
-8.194784741081093
 30
0.0
 10
40.94356088638528
 20
-8.074752189091668
 30
0.0
 10
41.0363555928518
 20
-7.95530794161641
 30
0.0
 10
41.12868514290608
 20
-7.836477553146323
 30
0.0
  0
LINE
  5
667
330
23F
100
AcDbEntity
  8
xian
 62
    18
420
        0
370
     0
100
AcDbLine
 10
41.12868514290608
 20
-7.836477553146323
 30
0.0
 11
41.13344519537281
 21
-7.830351262708063
 31
0.0
  0
SPLINE
  5
668
330
23F
100
AcDbEntity
  8
xian
 62
    18
420
        0
370
     0
100
AcDbSpline
210
0.0
220
0.0
230
1.0
 70
     8
 71
     3
 72
     8
 73
     4
 74
     0
 42
0.00000001
 43
0.0000000001
 40
0.0
 40
0.0
 40
0.0
 40
0.0
 40
1.0
 40
1.0
 40
1.0
 40
1.0
 10
41.13344519537281
 20
-7.830351262708063
 30
0.0
 10
42.19664482914163
 20
-7.639745259162737
 30
0.0
 10
43.26080770383782
 20
-7.448657813229146
 30
0.0
 10
44.32600170535738
 20
-7.257177233943366
 30
0.0
  0
SPLINE
  5
669
330
23F
100
AcDbEntity
  8
xian
 62
    18
420
        0
370
     0
100
AcDbSpline
210
0.0
220
0.0
230
1.0
 70
     8
 71
     3
 72
     8
 73
     4
 74
     0
 42
0.00000001
 43
0.0000000001
 40
0.0
 40
0.0
 40
0.0
 40
0.0
 40
1.0
 40
1.0
 40
1.0
 40
1.0
 10
-43.67581638375918
 20
-5.790475858322679
 30
0.0
 10
-43.64196537870225
 20
-5.766116379545564
 30
0.0
 10
-43.59433558469095
 20
-5.754955687731126
 30
0.0
 10
-43.54879325184515
 20
-5.760475531653355
 30
0.0
  0
SPLINE
  5
66A
330
23F
100
AcDbEntity
  8
xian
 62
    18
420
        0
370
     0
100
AcDbSpline
210
0.0
220
0.0
230
1.0
 70
     8
 71
     3
 72
     8
 73
     4
 74
     0
 42
0.00000001
 43
0.0000000001
 40
0.0
 40
0.0
 40
0.0
 40
0.0
 40
1.0
 40
1.0
 40
1.0
 40
1.0
 10
43.8947909964038
 20
-5.760471186658833
 30
0.0
 10
43.94032870809247
 20
-5.754983889171853
 30
0.0
 10
43.98794166012817
 20
-5.766230641384026
 30
0.0
 10
44.0217594395101
 20
-5.790462613505951
 30
0.0
  0
SPLINE
  5
66B
330
23F
100
AcDbEntity
  8
xian
 62
    18
420
        0
370
     0
100
AcDbSpline
210
0.0
220
0.0
230
1.0
 70
     8
 71
     3
 72
    36
 73
    32
 74
     0
 42
0.00000001
 43
0.0000000001
 40
0.0
 40
0.0
 40
0.0
 40
0.0
 40
0.1250000000000022
 40
0.1250000000000022
 40
0.187500000000002
 40
0.187500000000002
 40
0.2500000000000019
 40
0.2500000000000019
 40
0.3125000000000017
 40
0.3125000000000017
 40
0.3750000000000015
 40
0.3750000000000015
 40
0.4375000000000014
 40
0.4375000000000014
 40
0.5000000000000011
 40
0.5000000000000011
 40
0.562500000000001
 40
0.562500000000001
 40
0.6250000000000009
 40
0.6250000000000009
 40
0.6875000000000008
 40
0.6875000000000008
 40
0.7500000000000006
 40
0.7500000000000006
 40
0.8125000000000003
 40
0.8125000000000003
 40
0.8750000000000003
 40
0.8750000000000003
 40
0.9375000000000001
 40
0.9375000000000001
 40
1.0
 40
1.0
 40
1.0
 40
1.0
 10
-51.27935989544198
 20
5.944509707756878
 30
0.0
 10
-51.27916612785407
 20
5.718457028018747
 30
0.0
 10
-51.27900603705416
 20
5.402506608194016
 30
0.0
 10
-51.27880039903607
 20
4.795304197947189
 30
0.0
 10
-51.27871832389132
 20
4.572358561566943
 30
0.0
 10
-51.27860166368987
 20
4.095458231748125
 30
0.0
 10
-51.2785464232918
 20
3.840280812024502
 30
0.0
 10
-51.27843379966794
 20
3.295924138152258
 30
0.0
 10
-51.27840131136395
 20
3.005953576399406
 30
0.0
 10
-51.27831525496436
 20
2.411462037276578
 30
0.0
 10
-51.27828569073677
 20
2.104586510808076
 30
0.0
 10
-51.27823688776039
 20
1.471547701266899
 30
0.0
 10
-51.2782056331896
 20
1.143212553051853
 30
0.0
 10
-51.27819001471357
 20
0.4805752633747034
 30
0.0
 10
-51.27817461298469
 20
0.1474628323794604
 30
0.0
 10
-51.27817463670067
 20
-0.522349230494001
 30
0.0
 10
-51.2781900831294
 20
-0.8568944201542763
 30
0.0
 10
-51.2782054723873
 20
-1.511928016292586
 30
0.0
 10
-51.27823590794355
 20
-1.834417835114436
 30
0.0
 10
-51.27828501577528
 20
-2.469248563260407
 30
0.0
 10
-51.2783147518137
 20
-2.782477493241458
 30
0.0
 10
-51.27840087915387
 20
-3.377437203163935
 30
0.0
 10
-51.27843243635357
 20
-3.661973302187107
 30
0.0
 10
-51.27854404374807
 20
-4.205041380579132
 30
0.0
 10
-51.27860077303989
 20
-4.465565600210538
 30
0.0
 10
-51.27871774810841
 20
-4.945207941864282
 30
0.0
 10
-51.27879899747563
 20
-5.165368066307564
 30
0.0
 10
-51.27893487693359
 20
-5.567136931760614
 30
0.0
 10
-51.27901869448101
 20
-5.749529287979385
 30
0.0
 10
-51.279186681081
 20
-6.069365898460091
 30
0.0
 10
-51.27926300972536
 20
-6.205961424810084
 30
0.0
 10
-51.27935989543835
 20
-6.31899000112935
 30
0.0
  0
ARC
  5
66C
330
23F
100
AcDbEntity
  8
xian
 62
    18
420
        0
370
     0
100
AcDbCircle
 10
-51.27689439899109
 20
-6.160331571190909
 30
0.0
 40
0.1586775852526685
100
AcDbArc
 50
198.89752765935
 51
269.1097153055088
  0
LINE
  5
66D
330
23F
100
AcDbEntity
  8
xian
 62
    18
420
        0
370
     0
100
AcDbLine
 10
-51.4270191569019
 20
5.837243233656408
 30
0.0
 11
-51.4270191569019
 21
-6.211723527023423
 31
0.0
  0
ARC
  5
66E
330
23F
100
AcDbEntity
  8
xian
 62
    18
420
        0
370
     0
100
AcDbCircle
 10
-51.27689439899109
 20
5.785851277820256
 30
0.0
 40
0.1586775852541002
100
AcDbArc
 50
90.89028469402229
 51
161.102472339657
  0
SPLINE
  5
66F
330
23F
100
AcDbEntity
  8
xian
 62
    18
420
        0
370
     0
100
AcDbSpline
210
0.0
220
0.0
230
1.0
 70
     8
 71
     3
 72
    24
 73
    20
 74
     0
 42
0.00000001
 43
0.0000000001
 40
0.0
 40
0.0
 40
0.0
 40
0.0
 40
0.2499999999999976
 40
0.2499999999999976
 40
0.3749999999999996
 40
0.3749999999999996
 40
0.5000000000000018
 40
0.5000000000000018
 40
0.6250000000000039
 40
0.6250000000000039
 40
0.7500000000000061
 40
0.7500000000000061
 40
0.8750000000000081
 40
0.8750000000000081
 40
0.9375000000000065
 40
0.9375000000000065
 40
0.9687500000000033
 40
0.9687500000000033
 40
1.0
 40
1.0
 40
1.0
 40
1.0
 10
-45.74844159547569
 20
-3.204258809741077
 30
0.0
 10
-45.76492742429832
 20
-3.760915650376773
 30
0.0
 10
-45.78545194096
 20
-4.264222964109649
 30
0.0
 10
-45.82202541114816
 20
-4.942699547877055
 30
0.0
 10
-45.83531566854867
 20
-5.157401155593106
 30
0.0
 10
-45.86338520555796
 20
-5.551420267709545
 30
0.0
 10
-45.87809143904155
 20
-5.73005225180168
 30
0.0
 10
-45.90879743721666
 20
-6.051413018105449
 30
0.0
 10
-45.92479047451047
 20
-6.194212291266012
 30
0.0
 10
-45.95812996704694
 20
-6.442936407449451
 30
0.0
 10
-45.9753404466835
 20
-6.547510401194813
 30
0.0
 10
-46.01006874642258
 20
-6.713815378981962
 30
0.0
 10
-46.02770945123552
 20
-6.776337180139307
 30
0.0
 10
-46.05455938582667
 20
-6.838975854865566
 30
0.0
 10
-46.06357508012002
 20
-6.854660286084254
 30
0.0
 10
-46.07720300827418
 20
-6.870208533915501
 30
0.0
 10
-46.08176745416926
 20
-6.874060286418171
 30
0.0
 10
-46.09089450982787
 20
-6.879036835020087
 30
0.0
 10
-46.09554269802242
 20
-6.880163829175216
 30
0.0
 10
-46.10002893114574
 20
-6.879937110983519
 30
0.0
  0
LINE
  5
670
330
23F
100
AcDbEntity
  8
xian
 62
    18
420
        0
370
     0
100
AcDbLine
 10
-46.10003022800151
 20
-6.879937043018799
 30
0.0
 11
-48.87260307637257
 21
-6.783116625021648
 31
0.0
  0
LINE
  5
671
330
23F
100
AcDbEntity
  8
xian
 62
    18
420
        0
370
     0
100
AcDbLine
 10
-48.87260306451276
 20
-6.628498595589917
 30
0.0
 11
-48.87260307637257
 21
-6.783116625021648
 31
0.0
  0
SPLINE
  5
672
330
23F
100
AcDbEntity
  8
xian
 62
    18
420
        0
370
     0
100
AcDbSpline
210
0.0
220
0.0
230
1.0
 70
     8
 71
     3
 72
    14
 73
    10
 74
     0
 42
0.00000001
 43
0.0000000001
 40
0.0
 40
0.0
 40
0.0
 40
0.0
 40
0.25
 40
0.25
 40
0.5
 40
0.5
 40
0.75
 40
0.75
 40
1.0
 40
1.0
 40
1.0
 40
1.0
 10
-49.59260307056024
 20
-1.663166632419233
 30
0.0
 10
-49.49435708891974
 20
-1.663147396695421
 30
0.0
 10
-49.39684633486172
 20
-1.684099036763655
 30
0.0
 10
-49.21985992788245
 20
-1.762007582816295
 30
0.0
 10
-49.13931501608818
 20
-1.819525784829238
 30
0.0
 10
-49.00808969700733
 20
-1.959305879921885
 30
0.0
 10
-48.95727280152709
 20
-2.041127944658001
 30
0.0
 10
-48.88930877186862
 20
-2.216781746281412
 30
0.0
 10
-48.87260305907034
 20
-2.308475008539971
 30
0.0
 10
-48.87260306389066
 20
-2.400896735254718
 30
0.0
  0
LINE
  5
673
330
23F
100
AcDbEntity
  8
xian
 62
    18
420
        0
370
     0
100
AcDbLine
 10
-49.67260307052924
 20
-1.663182302509085
 30
0.0
 11
-49.59260307056024
 21
-1.663166632419233
 31
0.0
  0
SPLINE
  5
674
330
23F
100
AcDbEntity
  8
xian
 62
    18
420
        0
370
     0
100
AcDbSpline
210
0.0
220
0.0
230
1.0
 70
     8
 71
     3
 72
    10
 73
     6
 74
     0
 42
0.00000001
 43
0.0000000001
 40
0.0
 40
0.0
 40
0.0
 40
0.0
 40
0.5
 40
0.5
 40
1.0
 40
1.0
 40
1.0
 40
1.0
 10
-50.37636516990528
 20
-2.245483636992503
 30
0.0
 10
-50.34315965580458
 20
-2.087937201449676
 30
0.0
 10
-50.25889438705485
 20
-1.941083173640436
 30
0.0
 10
-50.00640790812099
 20
-1.726063062131288
 30
0.0
 10
-49.84241577798889
 20
-1.663215579150346
 30
0.0
 10
-49.67260307052924
 20
-1.663182302509085
 30
0.0
  0
SPLINE
  5
675
330
23F
100
AcDbEntity
  8
xian
 62
    18
420
        0
370
     0
100
AcDbSpline
210
0.0
220
0.0
230
1.0
 70
     8
 71
     3
 72
     8
 73
     4
 74
     0
 42
0.00000001
 43
0.0000000001
 40
0.0
 40
0.0
 40
0.0
 40
0.0
 40
1.0
 40
1.0
 40
1.0
 40
1.0
 10
-50.39220399092005
 20
-2.397435686141761
 30
0.0
 10
-50.39220497969359
 20
-2.346452248821151
 30
0.0
 10
-50.38696864548978
 20
-2.295792744598657
 30
0.0
 10
-50.37636516990892
 20
-2.245483636992503
 30
0.0
  0
SPLINE
  5
676
330
23F
100
AcDbEntity
  8
xian
 62
    18
420
        0
370
     0
100
AcDbSpline
210
0.0
220
0.0
230
1.0
 70
     8
 71
     3
 72
     9
 73
     5
 74
     0
 42
0.00000001
 43
0.0000000001
 40
0.0
 40
0.0
 40
0.0
 40
0.0
 40
0.4748060720092055
 40
1.0
 40
1.0
 40
1.0
 40
1.0
 10
-50.39168949832742
 20
-6.730068935965391
 30
0.0
 10
-50.39170728974273
 20
-6.731511323114318
 30
0.0
 10
-50.39174476065523
 20
-6.734549167893419
 30
0.0
 10
-50.39177941872253
 20
-6.614892489702469
 30
0.0
 10
-50.39179762093112
 20
-6.552049528872885
 30
0.0
  0
LINE
  5
677
330
23F
100
AcDbEntity
  8
xian
 62
    18
420
        0
370
     0
100
AcDbLine
 10
-50.39168949832742
 20
-6.730068935965391
 30
0.0
 11
-53.82701915690336
 21
-6.610104530453099
 31
0.0
  0
SPLINE
  5
678
330
23F
100
AcDbEntity
  8
xian
 62
    18
420
        0
370
     0
100
AcDbSpline
210
0.0
220
0.0
230
0.0
 70
    24
 71
     3
 72
    16
 73
    12
 74
     0
 42
0.00000001
 43
0.0000000001
 40
0.0
 40
0.0
 40
0.0
 40
0.0
 40
0.056357865268788
 40
0.1776166297867731
 40
0.2988261925377759
 40
0.4200514730537602
 40
0.5413315712698723
 40
0.6625594662668117
 40
0.7837676447370475
 40
0.9050213631346352
 40
1.0
 40
1.0
 40
1.0
 40
1.0
 10
-53.82701915690336
 20
6.04286593098368
 30
0.0
 10
-53.82701915690336
 20
6.002124324009855
 30
0.0
 10
-53.82701915690336
 20
5.873723667093145
 30
0.0
 10
-53.82701915690336
 20
4.902954764702371
 30
0.0
 10
-53.82701915690336
 20
3.294377684980645
 30
0.0
 10
-53.82701915690336
 20
1.253526504266119
 30
0.0
 10
-53.82701915690336
 20
-0.9378485623947199
 30
0.0
 10
-53.82701915690336
 20
-3.053101804724065
 30
0.0
 10
-53.82701915690336
 20
-4.822585388819788
 30
0.0
 10
-53.82701915690336
 20
-6.055370184916682
 30
0.0
 10
-53.82701915690336
 20
-6.327511471019533
 30
0.0
 10
-53.82701915690336
 20
-6.447047737261527
 30
0.0
  0
LINE
  5
679
330
23F
100
AcDbEntity
  8
xian
 62
    18
420
        0
370
     0
100
AcDbLine
 10
-53.82701915690336
 20
6.235624237086085
 30
0.0
 11
-50.39168949832742
 21
6.355588642598377
 31
0.0
  0
SPLINE
  5
67A
330
23F
100
AcDbEntity
  8
xian
 62
    18
420
        0
370
     0
100
AcDbSpline
210
0.0
220
0.0
230
1.0
 70
     8
 71
     3
 72
     9
 73
     5
 74
     0
 42
0.00000001
 43
0.0000000001
 40
0.0
 40
0.0
 40
0.0
 40
0.0
 40
0.5959337209861896
 40
1.0
 40
1.0
 40
1.0
 40
1.0
 10
-50.39179773942738
 20
6.171902366493668
 30
0.0
 10
-50.39177689136772
 20
6.241626794901094
 30
0.0
 10
-50.39174190751578
 20
6.358627102072205
 30
0.0
 10
-50.39170458079457
 20
6.356463059306406
 30
0.0
 10
-50.39168949832742
 20
6.355588642598377
 30
0.0
  0
SPLINE
  5
67B
330
23F
100
AcDbEntity
  8
xian
 62
    18
420
        0
370
     0
100
AcDbSpline
210
0.0
220
0.0
230
1.0
 70
     8
 71
     3
 72
     8
 73
     4
 74
     0
 42
0.00000001
 43
0.0000000001
 40
0.0
 40
0.0
 40
0.0
 40
0.0
 40
1.0
 40
1.0
 40
1.0
 40
1.0
 10
-50.37636516990528
 20
1.871003343620031
 30
0.0
 10
-50.38696864548615
 20
1.921312451228004
 30
0.0
 10
-50.39220497969359
 20
1.971971955450499
 30
0.0
 10
-50.39220399092005
 20
2.022955392772928
 30
0.0
  0
SPLINE
  5
67C
330
23F
100
AcDbEntity
  8
xian
 62
    18
420
        0
370
     0
100
AcDbSpline
210
0.0
220
0.0
230
1.0
 70
     8
 71
     3
 72
    10
 73
     6
 74
     0
 42
0.00000001
 43
0.0000000001
 40
0.0
 40
0.0
 40
0.0
 40
0.0
 40
0.5
 40
0.5
 40
1.0
 40
1.0
 40
1.0
 40
1.0
 10
-49.67260307052924
 20
1.28870200914207
 30
0.0
 10
-49.84241577798525
 20
1.288735285783332
 30
0.0
 10
-50.00640790812099
 20
1.351582768764274
 30
0.0
 10
-50.25889438705121
 20
1.566602880271602
 30
0.0
 10
-50.34315965580095
 20
1.713456908079024
 30
0.0
 10
-50.37636516990528
 20
1.871003343620031
 30
0.0
  0
LINE
  5
67D
330
23F
100
AcDbEntity
  8
xian
 62
    18
420
        0
370
     0
100
AcDbLine
 10
-49.59260307056024
 20
1.288686339052219
 30
0.0
 11
-49.67260307052924
 21
1.28870200914207
 31
0.0
  0
SPLINE
  5
67E
330
23F
100
AcDbEntity
  8
xian
 62
    18
420
        0
370
     0
100
AcDbSpline
210
0.0
220
0.0
230
1.0
 70
     8
 71
     3
 72
    14
 73
    10
 74
     0
 42
0.00000001
 43
0.0000000001
 40
0.0
 40
0.0
 40
0.0
 40
0.0
 40
0.25
 40
0.25
 40
0.5
 40
0.5
 40
0.75
 40
0.75
 40
1.0
 40
1.0
 40
1.0
 40
1.0
 10
-48.87260306388703
 20
2.026416441885885
 30
0.0
 10
-48.87260305906671
 20
1.934016010618506
 30
0.0
 10
-48.88968122227083
 20
1.84111921778458
 30
0.0
 10
-48.95736003305933
 20
1.666643331767772
 30
0.0
 10
-49.00873498043506
 20
1.584010045524337
 30
0.0
 10
-49.13959160059381
 20
1.444879973318165
 30
0.0
 10
-49.22015129850547
 20
1.387296825685552
 30
0.0
 10
-49.39781402102084
 20
1.309295703575116
 30
0.0
 10
-49.49441472882677
 20
1.288667114613417
 30
0.0
 10
-49.59260307056024
 20
1.288686339052219
 30
0.0
  0
SPLINE
  5
67F
330
23F
100
AcDbEntity
  8
xian
 62
    18
420
        0
370
     0
100
AcDbSpline
210
0.0
220
0.0
230
1.0
 70
     8
 71
     3
 72
    22
 73
    18
 74
     0
 42
0.00000001
 43
0.0000000001
 40
0.0
 40
0.0
 40
0.0
 40
0.0
 40
0.125
 40
0.125
 40
0.25
 40
0.25
 40
0.375
 40
0.375
 40
0.5
 40
0.5
 40
0.625
 40
0.625
 40
0.75
 40
0.75
 40
0.875
 40
0.875
 40
1.0
 40
1.0
 40
1.0
 40
1.0
 10
-48.87260307637257
 20
6.408636331654633
 30
0.0
 10
-48.87260307637257
 20
6.408948235877687
 30
0.0
 10
-48.87260304916776
 20
6.383052603283431
 30
0.0
 10
-48.87260308376131
 20
6.279744583558567
 30
0.0
 10
-48.87260304960432
 20
6.201545543877728
 30
0.0
 10
-48.87260306141683
 20
5.998012160507641
 30
0.0
 10
-48.87260307139945
 20
5.872448008562059
 30
0.0
 10
-48.87260304618099
 20
5.573703277832464
 30
0.0
 10
-48.87260308697364
 20
5.398759550007525
 30
0.0
 10
-48.87260305726591
 20
5.009901015710056
 30
0.0
 10
-48.87260306142775
 20
4.796057866778937
 30
0.0
 10
-48.87260308625332
 20
4.330096734069229
 30
0.0
 10
-48.87260304597361
 20
4.076728584115699
 30
0.0
 10
-48.87260307512111
 20
3.535361059666684
 30
0.0
 10
-48.87260305742597
 20
3.249150873731196
 30
0.0
 10
-48.87260305267478
 20
2.655549550321666
 30
0.0
 10
-48.87260308061081
 20
2.347018658307206
 30
0.0
 10
-48.87260306388703
 20
2.026416441885885
 30
0.0
  0
LINE
  5
680
330
23F
100
AcDbEntity
  8
xian
 62
    18
420
        0
370
     0
100
AcDbLine
 10
-48.87260307637257
 20
6.408636331654633
 30
0.0
 11
-46.10003022800151
 21
6.505456749651784
 31
0.0
  0
LINE
  5
681
330
23F
100
AcDbEntity
  8
xian
 62
    18
420
        0
370
     0
100
AcDbLine
 10
-46.10002893114574
 20
6.505456817616504
 30
0.0
 11
-46.10003022799787
 21
6.505456749651784
 31
0.0
  0
LWPOLYLINE
  5
682
330
23F
100
AcDbEntity
  8
xian
 62
    18
420
        0
370
     0
100
AcDbPolyline
 90
        5
 70
   128
 43
0.0
 10
-46.0306588076171
 20
6.312519871788026
 10
-46.07993126671931
 20
6.497687644341567
 10
-46.10002611900995
 20
6.505456959559523
 10
-46.10002893114574
 20
6.505456817616504
 10
-46.10002893114574
 20
6.505456817616504
  0
SPLINE
  5
683
330
23F
100
AcDbEntity
  8
xian
 62
    18
420
        0
370
     0
100
AcDbSpline
210
0.0
220
0.0
230
1.0
 70
     8
 71
     3
 72
    14
 73
    10
 74
     0
 42
0.00000001
 43
0.0000000001
 40
0.0
 40
0.0
 40
0.0
 40
0.0
 40
0.25
 40
0.25
 40
0.5
 40
0.5
 40
0.75
 40
0.75
 40
1.0
 40
1.0
 40
1.0
 40
1.0
 10
-47.99260306302016
 20
6.061000829238764
 30
0.0
 10
-47.99260305825078
 20
6.093845794712251
 30
0.0
 10
-47.97528147537446
 20
6.124964308337439
 30
0.0
 10
-47.90752626051539
 20
6.180556024501129
 30
0.0
 10
-47.85623985236884
 20
6.20547859360704
 30
0.0
 10
-47.72580098867251
 20
6.246857986108807
 30
0.0
 10
-47.64558059288242
 20
6.263720529930651
 30
0.0
 10
-47.46804779302761
 20
6.28859470268253
 30
0.0
 10
-47.37134564136136
 20
6.296691940182427
 30
0.0
 10
-47.27260307153187
 20
6.300231714136316
 30
0.0
  0
SPLINE
  5
684
330
23F
100
AcDbEntity
  8
xian
 62
    18
420
        0
370
     0
100
AcDbSpline
210
0.0
220
0.0
230
1.0
 70
     8
 71
     3
 72
    12
 73
     8
 74
     0
 42
0.00000001
 43
0.0000000001
 40
0.0
 40
0.0
 40
0.0
 40
0.0
 40
0.5000000000001628
 40
0.5000000000001628
 40
0.7500000000000814
 40
0.7500000000000814
 40
1.0
 40
1.0
 40
1.0
 40
1.0
 10
-47.27260307153187
 20
-6.67471200750333
 30
0.0
 10
-47.47023056066313
 20
-6.667627356579032
 30
0.0
 10
-47.66049779080709
 20
-6.642129493653555
 30
0.0
 10
-47.8569333952189
 20
-6.579701213920998
 30
0.0
 10
-47.9075768643604
 20
-6.555076077809644
 30
0.0
 10
-47.97572317531444
 20
-6.499000328349211
 30
0.0
 10
-47.99260305825078
 20
-6.46834073163518
 30
0.0
 10
-47.99260306302016
 20
-6.435481122607598
 30
0.0
  0
LINE
  5
685
330
23F
100
AcDbEntity
  8
xian
 62
    18
420
        0
370
     0
100
AcDbLine
 10
-47.19260307155923
 20
-6.677579854389477
 30
0.0
 11
-47.27260307153187
 21
-6.67471200750333
 31
0.0
  0
SPLINE
  5
686
330
23F
100
AcDbEntity
  8
xian
 62
    18
420
        0
370
     0
100
AcDbSpline
210
0.0
220
0.0
230
1.0
 70
     8
 71
     3
 72
    14
 73
    10
 74
     0
 42
0.00000001
 43
0.0000000001
 40
0.0
 40
0.0
 40
0.0
 40
0.0
 40
0.25
 40
0.25
 40
0.5
 40
0.5
 40
0.75
 40
0.75
 40
1.0
 40
1.0
 40
1.0
 40
1.0
 10
-46.47260306211023
 20
-6.491897337044065
 30
0.0
 10
-46.47260305756276
 20
-6.524268245744679
 30
0.0
 10
-46.48973574875412
 20
-6.553795546084074
 30
0.0
 10
-46.557525245659
 20
-6.604119333111157
 30
0.0
 10
-46.60896538486918
 20
-6.625212841308893
 30
0.0
 10
-46.73987653838844
 20
-6.656991245110475
 30
0.0
 10
-46.82042054057524
 20
-6.667998074613933
 30
0.0
 10
-46.99799302854148
 20
-6.679981589999442
 30
0.0
 10
-47.09450196655666
 20
-6.681096549726134
 30
0.0
 10
-47.19260307155923
 20
-6.677579854389477
 30
0.0
  0
SPLINE
  5
687
330
23F
100
AcDbEntity
  8
xian
 62
    18
420
        0
370
     0
100
AcDbSpline
210
0.0
220
0.0
230
1.0
 70
     8
 71
     3
 72
    14
 73
    10
 74
     0
 42
0.00000001
 43
0.0000000001
 40
0.0
 40
0.0
 40
0.0
 40
0.0
 40
0.25
 40
0.25
 40
0.5
 40
0.5
 40
0.75
 40
0.75
 40
1.0
 40
1.0
 40
1.0
 40
1.0
 10
-47.19260307155923
 20
6.303099561020644
 30
0.0
 10
-47.09444669430445
 20
6.306618237738803
 30
0.0
 10
-46.99701647599863
 20
6.305460985655372
 30
0.0
 10
-46.82014074371614
 20
6.293473124851516
 30
0.0
 10
-46.73959524189626
 20
6.282481631838891
 30
0.0
 10
-46.6083315950716
 20
6.250539460159416
 30
0.0
 10
-46.55743712400431
 20
6.229649469971263
 30
0.0
 10
-46.48936138916247
 20
6.178960981342243
 30
0.0
 10
-46.47260305756276
 20
6.149795096893285
 30
0.0
 10
-46.47260306211023
 20
6.117417043673412
 30
0.0
  0
LINE
  5
688
330
23F
100
AcDbEntity
  8
xian
 62
    18
420
        0
370
     0
100
AcDbLine
 10
-47.27260307153187
 20
6.300231714136316
 30
0.0
 11
-47.19260307155923
 21
6.303099561020644
 31
0.0
  0
SPLINE
  5
689
330
23F
100
AcDbEntity
  8
xian
 62
    18
420
        0
370
     0
100
AcDbSpline
210
0.0
220
0.0
230
1.0
 70
     8
 71
     3
 72
    11
 73
     7
 74
     0
 42
0.00000001
 43
0.0000000001
 40
0.0
 40
0.0
 40
0.0
 40
0.0
 40
0.0000562697924551
 40
0.0000562697924551
 40
0.0000562697924551
 40
0.0001000768002071
 40
0.0001000768002071
 40
0.0001000768002071
 40
0.0001000768002071
 10
-52.07260306938838
 20
6.126919657561302
 30
0.0
 10
-52.0576094258547
 20
6.127491771314453
 30
0.0
 10
-52.04261571318489
 20
6.128063020751142
 30
0.0
 10
-52.02762193529702
 20
6.128633421325503
 30
0.0
 10
-52.01594901944623
 20
6.129077488054463
 30
0.0
 10
-52.00427606357402
 20
6.129521040298641
 30
0.0
 10
-51.99260306945939
 20
6.129964085033861
 30
0.0
  0
SPLINE
  5
68A
330
23F
100
AcDbEntity
  8
xian
 62
    18
420
        0
370
     0
100
AcDbSpline
210
0.0
220
0.0
230
1.0
 70
     8
 71
     3
 72
    10
 73
     6
 74
     0
 42
0.00000001
 43
0.0000000001
 40
0.0
 40
0.0
 40
0.0
 40
0.0
 40
0.5
 40
0.5
 40
1.0
 40
1.0
 40
1.0
 40
1.0
 10
-52.75932023829295
 20
5.895861216473349
 30
0.0
 10
-52.75918537424946
 20
5.958964269062562
 30
0.0
 10
-52.69127492861002
 20
6.014665172633613
 30
0.0
 10
-52.44044801522682
 20
6.095157451985869
 30
0.0
 10
-52.26021527139232
 20
6.119760922560089
 30
0.0
 10
-52.07260306938838
 20
6.126919657561302
 30
0.0
  0
SPLINE
  5
68B
330
23F
100
AcDbEntity
  8
xian
 62
    18
420
        0
370
     0
100
AcDbSpline
210
0.0
220
0.0
230
1.0
 70
     8
 71
     3
 72
    36
 73
    32
 74
     0
 42
0.00000001
 43
0.0000000001
 40
0.0
 40
0.0
 40
0.0
 40
0.0
 40
0.1250000000000022
 40
0.1250000000000022
 40
0.187500000000002
 40
0.187500000000002
 40
0.2500000000000018
 40
0.2500000000000018
 40
0.3125000000000017
 40
0.3125000000000017
 40
0.3750000000000014
 40
0.3750000000000014
 40
0.4375000000000013
 40
0.4375000000000013
 40
0.5000000000000011
 40
0.5000000000000011
 40
0.562500000000001
 40
0.562500000000001
 40
0.6250000000000009
 40
0.6250000000000009
 40
0.6875000000000008
 40
0.6875000000000008
 40
0.7500000000000006
 40
0.7500000000000006
 40
0.8125000000000003
 40
0.8125000000000003
 40
0.8750000000000003
 40
0.8750000000000003
 40
0.9375000000000001
 40
0.9375000000000001
 40
1.0
 40
1.0
 40
1.0
 40
1.0
 10
-52.75932023829295
 20
-6.270341509840363
 30
0.0
 10
-52.75979956628066
 20
-6.046063352969213
 30
0.0
 10
-52.76019952525598
 20
-5.732642335044147
 30
0.0
 10
-52.7607159930892
 20
-5.130492689826496
 30
0.0
 10
-52.76092293220131
 20
-4.909177017065303
 30
0.0
 10
-52.76121815226793
 20
-4.436018124752081
 30
0.0
 10
-52.76135826926907
 20
-4.182881762717443
 30
0.0
 10
-52.76164471146763
 20
-3.642988582108955
 30
0.0
 10
-52.76172782690697
 20
-3.355252080049467
 30
0.0
 10
-52.7619478132226
 20
-2.765379562973976
 30
0.0
 10
-52.76202367658402
 20
-2.460938660024112
 30
0.0
 10
-52.76214891879203
 20
-1.833038960465273
 30
0.0
 10
-52.76222918202325
 20
-1.507460643664671
 30
0.0
 10
-52.7622694897625
 20
-0.8499335400156269
 30
0.0
 10
-52.76230901236044
 20
-0.5194794103026652
 30
0.0
 10
-52.76230904190083
 20
0.1448036545862124
 30
0.0
 10
-52.76226932039276
 20
0.4770241508504114
 30
0.0
 10
-52.76222962090537
 20
1.127004930078328
 30
0.0
 10
-52.7621514664504
 20
1.446897716930834
 30
0.0
 10
-52.76202546632771
 20
2.07641115061051
 30
0.0
 10
-52.76194917658426
 20
2.387259038800038
 30
0.0
 10
-52.76172896094499
 20
2.977715653538325
 30
0.0
 10
-52.76164825460432
 20
3.259993745350584
 30
0.0
 10
-52.76136441689664
 20
3.798589734644338
 30
0.0
 10
-52.76122054571965
 20
4.056945790734971
 30
0.0
 10
-52.76092443796802
 20
4.533029460279067
 30
0.0
 10
-52.76071965904407
 20
4.751468045871661
 30
0.0
 10
-52.76037831074495
 20
5.149978219409604
 30
0.0
 10
-52.76016869845694
 20
5.33074200052215
 30
0.0
 10
-52.75974972291511
 20
5.648181796741482
 30
0.0
 10
-52.75955990669968
 20
5.783720072458891
 30
0.0
 10
-52.75932023829295
 20
5.895861216473349
 30
0.0
  0
SPLINE
  5
68C
330
23F
100
AcDbEntity
  8
xian
 62
    18
420
        0
370
     0
100
AcDbSpline
210
0.0
220
0.0
230
1.0
 70
     8
 71
     3
 72
    14
 73
    10
 74
     0
 42
0.00000001
 43
0.0000000001
 40
0.0
 40
0.0
 40
0.0
 40
0.0
 40
0.25
 40
0.25
 40
0.5
 40
0.5
 40
0.75
 40
0.75
 40
1.0
 40
1.0
 40
1.0
 40
1.0
 10
-52.07260306938838
 20
-6.501399950930135
 30
0.0
 10
-52.16640996264391
 20
-6.497820553198835
 30
0.0
 10
-52.25795543951313
 20
-6.489935565317864
 30
0.0
 10
-52.42702613159486
 20
-6.465742170585144
 30
0.0
 10
-52.50312474913584
 20
-6.449506905601083
 30
0.0
 10
-52.62819498372914
 20
-6.409405643240461
 30
0.0
 10
-52.67733574234876
 20
-6.385348682926633
 30
0.0
 10
-52.74241163970941
 20
-6.331888347012863
 30
0.0
 10
-52.75925279831131
 20
-6.301896760769523
 30
0.0
 10
-52.75932023829295
 20
-6.270341509840363
 30
0.0
  0
SPLINE
  5
68D
330
23F
100
AcDbEntity
  8
xian
 62
    18
420
        0
370
     0
100
AcDbSpline
210
0.0
220
0.0
230
1.0
 70
     8
 71
     3
 72
    11
 73
     7
 74
     0
 42
0.00000001
 43
0.0000000001
 40
0.000000000000002
 40
0.000000000000002
 40
0.000000000000002
 40
0.000000000000002
 40
0.0000438070082907
 40
0.0000438070082907
 40
0.0000438070082907
 40
0.0001000768014376
 40
0.0001000768014376
 40
0.0001000768014376
 40
0.0001000768014376
 10
-51.99260306945939
 20
-6.504444378400876
 30
0.0
 10
-52.00427606357402
 20
-6.504001333665655
 30
0.0
 10
-52.01594901944623
 20
-6.503557781421477
 30
0.0
 10
-52.02762193529702
 20
-6.503113714692517
 30
0.0
 10
-52.04261571318489
 20
-6.502543314118156
 30
0.0
 10
-52.0576094258547
 20
-6.501972064681467
 30
0.0
 10
-52.07260306938838
 20
-6.501399950930135
 30
0.0
  0
SPLINE
  5
68E
330
23F
100
AcDbEntity
  8
xian
 62
    18
420
        0
370
     0
100
AcDbSpline
210
0.0
220
0.0
230
1.0
 70
     8
 71
     3
 72
    10
 73
     6
 74
     0
 42
0.00000001
 43
0.0000000001
 40
0.0
 40
0.0
 40
0.0
 40
0.0
 40
0.5
 40
0.5
 40
1.0
 40
1.0
 40
1.0
 40
1.0
 10
-51.27935989544198
 20
-6.318990001123893
 30
0.0
 10
-51.27941547436489
 20
-6.383829350341329
 30
0.0
 10
-51.35029197107792
 20
-6.436288062734092
 30
0.0
 10
-51.61171480134067
 20
-6.500218063296415
 30
0.0
 10
-51.79980921232777
 20
-6.511761807183575
 30
0.0
 10
-51.99260306945939
 20
-6.504444378400876
 30
0.0
  0
SPLINE
  5
68F
330
23F
100
AcDbEntity
  8
xian
 62
    18
420
        0
370
     0
100
AcDbSpline
210
0.0
220
0.0
230
1.0
 70
     8
 71
     3
 72
    14
 73
    10
 74
     0
 42
0.00000001
 43
0.0000000001
 40
0.0
 40
0.0
 40
0.0
 40
0.0
 40
0.25
 40
0.25
 40
0.5
 40
0.5
 40
0.75
 40
0.75
 40
1.0
 40
1.0
 40
1.0
 40
1.0
 10
-51.99260306945939
 20
6.129964085033861
 30
0.0
 10
-51.8962998853865
 20
6.133619241383712
 30
0.0
 10
-51.801017998431
 20
6.132574182816824
 30
0.0
 10
-51.62598909842632
 20
6.120693365552142
 30
0.0
 10
-51.54545788979953
 20
6.109563142344995
 30
0.0
 10
-51.41588264916276
 20
6.077819326372264
 30
0.0
 10
-51.36464830416002
 20
6.05675513832466
 30
0.0
 10
-51.29674604015668
 20
6.006404267351172
 30
0.0
 10
-51.27938766285365
 20
5.976903658178343
 30
0.0
 10
-51.27935989544198
 20
5.944509707755059
 30
0.0
  0
ARC
  5
690
330
23F
100
AcDbEntity
  8
xian
 62
    18
420
        0
370
     0
100
AcDbCircle
 10
-52.75276489958992
 20
5.732045555090735
 30
0.0
 40
0.1639467699575788
100
AcDbArc
 50
39.915528259321
 51
92.29155715633764
  0
LINE
  5
691
330
23F
100
AcDbEntity
  8
xian
 62
    18
420
        0
370
     0
100
AcDbLine
 10
-52.62701915690263
 20
-6.211723527023423
 30
0.0
 11
-52.62701915690263
 21
5.837243233656408
 31
0.0
  0
ARC
  5
692
330
23F
100
AcDbEntity
  8
xian
 62
    18
420
        0
370
     0
100
AcDbCircle
 10
-52.75276489958992
 20
-6.106525848461387
 30
0.0
 40
0.1639467699558831
100
AcDbArc
 50
267.7084428432458
 51
320.0844717416314
  0
SPLINE
  5
693
330
23F
100
AcDbEntity
  8
xian
 62
    18
420
        0
370
     0
100
AcDbSpline
210
0.0
220
0.0
230
1.0
 70
     8
 71
     3
 72
     8
 73
     4
 74
     0
 42
0.00000001
 43
0.0000000001
 40
0.0
 40
0.0
 40
0.0
 40
0.0
 40
1.0
 40
1.0
 40
1.0
 40
1.0
 10
-43.76135698864959
 20
-7.077467717395848
 30
0.0
 10
-43.71978181172813
 20
-7.030669825615404
 30
0.0
 10
-43.67025180026462
 20
-6.998045177459061
 30
0.0
 10
-43.62487210104222
 20
-6.979580439043274
 30
0.0
  0
SPLINE
  5
694
330
23F
100
AcDbEntity
  8
xian
 62
    18
420
        0
370
     0
100
AcDbSpline
210
0.0
220
0.0
230
1.0
 70
     8
 71
     3
 72
     8
 73
     4
 74
     0
 42
0.00000001
 43
0.0000000001
 40
0.0
 40
0.0
 40
0.0
 40
0.0
 40
1.0
 40
1.0
 40
1.0
 40
1.0
 10
44.10731867427898
 20
-7.077467717395848
 30
0.0
 10
44.06574349735388
 20
-7.030669825615404
 30
0.0
 10
44.01621348589038
 20
-6.998045177457242
 30
0.0
 10
43.97083378666798
 20
-6.979580439043274
 30
0.0
  0
SPLINE
  5
695
330
23F
100
AcDbEntity
  8
xian
 62
    18
420
        0
370
     0
100
AcDbSpline
210
0.0
220
0.0
230
1.0
 70
     8
 71
     3
 72
     8
 73
     4
 74
     0
 42
0.00000001
 43
0.0000000001
 40
-0.0000184784611427
 40
-0.0000184784611427
 40
-0.0000184784611427
 40
-0.0000184784611427
 40
-0.0000027807014375
 40
-0.0000027807014375
 40
-0.0000027807014375
 40
-0.0000027807014375
 10
-46.08748347203141
 20
6.50599321957452
 30
0.0
 10
-46.09166419673488
 20
6.505781676605693
 30
0.0
 10
-46.09584670476829
 20
6.505602841563813
 30
0.0
 10
-46.10003022800151
 20
6.505456749651784
 30
0.0
  0
SPLINE
  5
696
330
23F
100
AcDbEntity
  8
xian
 62
    18
420
        0
370
     0
100
AcDbSpline
210
0.0
220
0.0
230
1.0
 70
     8
 71
     3
 72
    14
 73
    10
 74
     0
 42
0.00000001
 43
0.0000000001
 40
0.0
 40
0.0
 40
0.0
 40
0.0
 40
0.25
 40
0.25
 40
0.5
 40
0.5
 40
0.75
 40
0.75
 40
1.0
 40
1.0
 40
1.0
 40
1.0
 10
-45.32681354850569
 20
7.304964781998933
 30
0.0
 10
-45.32681354850569
 20
7.202644302009503
 30
0.0
 10
-45.34626584507418
 20
7.102392295759273
 30
0.0
 10
-45.42183567268216
 20
6.913626118208412
 30
0.0
 10
-45.47758999418943
 20
6.826996864141619
 30
0.0
 10
-45.61718640786125
 20
6.680410483311788
 30
0.0
 10
-45.70153295901104
 20
6.620260204785154
 30
0.0
 10
-45.88501268627874
 20
6.536016020067108
 30
0.0
 10
-45.98674055881633
 20
6.511090769983638
 30
0.0
 10
-46.08748347203141
 20
6.50599321957452
 30
0.0
  0
SPLINE
  5
697
330
23F
100
AcDbEntity
  8
xian
 62
    18
420
        0
370
     0
100
AcDbSpline
210
0.0
220
0.0
230
1.0
 70
     8
 71
     3
 72
     8
 73
     4
 74
     0
 42
0.00000001
 43
0.0000000001
 40
-0.0000184910123026
 40
-0.0000184910123026
 40
-0.0000184910123026
 40
-0.0000184910123026
 40
-0.0000027727303898
 40
-0.0000027727303898
 40
-0.0000027727303898
 40
-0.0000027727303898
 10
46.43342876032625
 20
6.505994049823129
 30
0.0
 10
46.43761494625801
 20
6.505782144386103
 30
0.0
 10
46.44180292103851
 20
6.505603032557701
 30
0.0
 10
46.44599191350721
 20
6.505456749655422
 30
0.0
  0
SPLINE
  5
698
330
23F
100
AcDbEntity
  8
xian
 62
    18
420
        0
370
     0
100
AcDbSpline
210
0.0
220
0.0
230
1.0
 70
     8
 71
     3
 72
    14
 73
    10
 74
     0
 42
0.00000001
 43
0.0000000001
 40
0.0
 40
0.0
 40
0.0
 40
0.0
 40
0.25
 40
0.25
 40
0.5
 40
0.5
 40
0.75
 40
0.75
 40
1.0
 40
1.0
 40
1.0
 40
1.0
 10
45.67277523413145
 20
7.304966089353911
 30
0.0
 10
45.67277523413145
 20
7.202646903875574
 30
0.0
 10
45.69222700583418
 20
7.102396253698316
 30
0.0
 10
45.76779491596539
 20
6.913631929237453
 30
0.0
 10
45.82354769962626
 20
6.827003460353807
 30
0.0
 10
45.9631407973859
 20
6.680417215067791
 30
0.0
 10
46.04748528288041
 20
6.620266586471188
 30
0.0
 10
46.23096139766789
 20
6.536020374145664
 30
0.0
 10
46.33268722388971
 20
6.511093603370682
 30
0.0
 10
46.43342876032625
 20
6.505994049823129
 30
0.0
  0
SPLINE
  5
699
330
23F
100
AcDbEntity
  8
xian
 62
    18
420
        0
370
     0
100
AcDbSpline
210
0.0
220
0.0
230
1.0
 70
     8
 71
     3
 72
    14
 73
    10
 74
     0
 42
0.00000001
 43
0.0000000001
 40
0.0
 40
0.0
 40
0.0
 40
0.0
 40
0.25
 40
0.25
 40
0.5
 40
0.5
 40
0.75
 40
0.75
 40
1.0
 40
1.0
 40
1.0
 40
1.0
 10
-45.32681354850569
 20
-7.679445075365947
 30
0.0
 10
-45.32681354850569
 20
-7.577124595376517
 30
0.0
 10
-45.34626584507418
 20
-7.476872589126287
 30
0.0
 10
-45.42183567268216
 20
-7.288106411575427
 30
0.0
 10
-45.47758999418943
 20
-7.201477157508634
 30
0.0
 10
-45.61718640786125
 20
-7.054890776678803
 30
0.0
 10
-45.70153295901104
 20
-6.994740498150349
 30
0.0
 10
-45.88501268627874
 20
-6.910496313434123
 30
0.0
 10
-45.98674055881633
 20
-6.885571063350653
 30
0.0
 10
-46.08748347203141
 20
-6.880473512941534
 30
0.0
  0
SPLINE
  5
69A
330
23F
100
AcDbEntity
  8
xian
 62
    18
420
        0
370
     0
100
AcDbSpline
210
0.0
220
0.0
230
1.0
 70
     8
 71
     3
 72
     8
 73
     4
 74
     0
 42
0.00000001
 43
0.0000000001
 40
-0.0000184784609568
 40
-0.0000184784609568
 40
-0.0000184784609568
 40
-0.0000184784609568
 40
-0.0000027807012536
 40
-0.0000027807012536
 40
-0.0000027807012536
 40
-0.0000027807012536
 10
-46.08748347203141
 20
-6.880473512941534
 30
0.0
 10
-46.09166419673488
 20
-6.880261969972707
 30
0.0
 10
-46.09584670476829
 20
-6.880083134930828
 30
0.0
 10
-46.10003022800151
 20
-6.879937043018799
 30
0.0
  0
SPLINE
  5
69B
330
23F
100
AcDbEntity
  8
xian
 62
    18
420
        0
370
     0
100
AcDbSpline
210
0.0
220
0.0
230
1.0
 70
     8
 71
     3
 72
     8
 73
     4
 74
     0
 42
0.00000001
 43
0.0000000001
 40
-0.0000184669009491
 40
-0.0000184669009491
 40
-0.0000184669009491
 40
-0.0000184669009491
 40
-0.0000027880984053
 40
-0.0000027880984053
 40
-0.0000027880984053
 40
-0.0000027880984053
 10
46.43346030435646
 20
-6.880472746315717
 30
0.0
 10
46.43763598430019
 20
-6.880261537973638
 30
0.0
 10
46.44181344248432
 20
-6.880082958507045
 30
0.0
 10
46.44599191356905
 20
-6.879937043020618
 30
0.0
  0
SPLINE
  5
69C
330
23F
100
AcDbEntity
  8
xian
 62
    18
420
        0
370
     0
100
AcDbSpline
210
0.0
220
0.0
230
1.0
 70
     8
 71
     3
 72
    14
 73
    10
 74
     0
 42
0.00000001
 43
0.0000000001
 40
0.0
 40
0.0
 40
0.0
 40
0.0
 40
0.25
 40
0.25
 40
0.5
 40
0.5
 40
0.75
 40
0.75
 40
1.0
 40
1.0
 40
1.0
 40
1.0
 10
45.67277523413145
 20
-7.679443871520561
 30
0.0
 10
45.67277523413145
 20
-7.577122195471019
 30
0.0
 10
45.6922280155079
 20
-7.476868936348182
 30
0.0
 10
45.76779961415673
 20
-7.288101046309748
 30
0.0
 10
45.82355535601823
 20
-7.201471066580779
 30
0.0
 10
45.96315483259536
 20
-7.054884559616766
 30
0.0
 10
46.04750329182138
 20
-6.994734604073528
 30
0.0
 10
46.23098635643259
 20
-6.910492291737682
 30
0.0
 10
46.33271611911118
 20
-6.885568446334218
 30
0.0
 10
46.43346030435646
 20
-6.880472746315717
 30
0.0
  0
SPLINE
  5
69D
330
23F
100
AcDbEntity
  8
xian
 62
    18
420
        0
370
     0
100
AcDbSpline
210
0.0
220
0.0
230
1.0
 70
     8
 71
     3
 72
    10
 73
     6
 74
     0
 42
0.00000001
 43
0.0000000001
 40
0.0
 40
0.0
 40
0.0
 40
0.0
 40
0.5
 40
0.5
 40
1.0
 40
1.0
 40
1.0
 40
1.0
 10
-6.449110548216367
 20
6.481725290097529
 30
0.0
 10
-6.422172135732353
 20
6.484268834399699
 30
0.0
 10
-6.393007376351988
 20
6.495166422526381
 30
0.0
 10
-6.3310903356803
 20
6.530463132232398
 30
0.0
 10
-6.297988420778665
 20
6.555470639328632
 30
0.0
 10
-6.265872617241939
 20
6.585071694493308
 30
0.0
  0
SPLINE
  5
69E
330
23F
100
AcDbEntity
  8
xian
 62
    18
420
        0
370
     0
100
AcDbSpline
210
0.0
220
0.0
230
1.0
 70
     8
 71
     3
 72
     8
 73
     4
 74
     0
 42
0.00000001
 43
0.0000000001
 40
0.0
 40
0.0
 40
0.0
 40
0.0
 40
1.0
 40
1.0
 40
1.0
 40
1.0
 10
-7.631969571368927
 20
9.164483547094278
 30
0.0
 10
-7.561854935739347
 20
9.040613490296891
 30
0.0
 10
-7.425426676022425
 20
8.961274704801326
 30
0.0
 10
-7.283095602867206
 20
8.961274704801326
 30
0.0
  0
ELLIPSE
  5
69F
330
23F
100
AcDbEntity
  8
xian
 62
    18
420
        0
370
     0
100
AcDbEllipse
 10
-1.878313713463967
 20
-0.1872401466844167
 30
0.0
 11
-5.418582930031107
 21
9.145035963328382
 31
0.0
210
0.0
220
0.0
230
1.0
 40
0.0465568420461993
 41
6.255606613199654
 42
6.992940702525434
  0
SPLINE
  5
6A0
330
23F
100
AcDbEntity
  8
xian
 62
    18
420
        0
370
     0
100
AcDbSpline
210
0.0
220
0.0
230
1.0
 70
     8
 71
     3
 72
    10
 73
     6
 74
     0
 42
0.00000001
 43
0.0000000001
 40
0.0
 40
0.0
 40
0.0
 40
0.0
 40
0.5
 40
0.5
 40
1.0
 40
1.0
 40
1.0
 40
1.0
 10
6.79507223384212
 20
6.481725290097529
 30
0.0
 10
6.768133821358105
 20
6.484268834399699
 30
0.0
 10
6.738969061977741
 20
6.495166422526381
 30
0.0
 10
6.677052021306053
 20
6.530463132232398
 30
0.0
 10
6.643950106408055
 20
6.555470639330451
 30
0.0
 10
6.611834302867691
 20
6.585071694493308
 30
0.0
  0
ELLIPSE
  5
6A1
330
23F
100
AcDbEntity
  8
xian
 62
    18
420
        0
370
     0
100
AcDbEllipse
 10
2.224275399089719
 20
-0.1872401466844167
 30
0.0
 11
5.418582930031335
 21
9.145035963328385
 31
0.0
210
0.0
220
0.0
230
1.0
 40
0.0465568420462172
 41
5.573429911834032
 42
6.310764001160202
  0
SPLINE
  5
6A2
330
23F
100
AcDbEntity
  8
xian
 62
    18
420
        0
370
     0
100
AcDbSpline
210
0.0
220
0.0
230
1.0
 70
     8
 71
     3
 72
     8
 73
     4
 74
     0
 42
0.00000001
 43
0.0000000001
 40
0.0
 40
0.0
 40
0.0
 40
0.0
 40
1.0
 40
1.0
 40
1.0
 40
1.0
 10
7.977931256994679
 20
9.164483547094278
 30
0.0
 10
7.9078166213651
 20
9.040613490296891
 30
0.0
 10
7.771388361648178
 20
8.961274704801326
 30
0.0
 10
7.629057288492958
 20
8.961274704801326
 30
0.0
  0
ARC
  5
6A3
330
23F
100
AcDbEntity
  8
xian
 62
    18
420
        0
370
     0
100
AcDbCircle
 10
-44.95080599960488
 20
-7.638092082414004
 30
0.0
 40
0.1835121959279829
100
AcDbArc
 50
186.6660202006013
 51
263.1311521271173
  0
ARC
  5
6A4
330
23F
100
AcDbEntity
  8
xian
 62
    18
420
        0
370
     0
100
AcDbCircle
 10
45.29676768523427
 20
-7.638092082414004
 30
0.0
 40
0.1835121959279829
100
AcDbArc
 50
276.8688478729345
 51
353.3339797993987
  0
ARC
  5
6A5
330
23F
100
AcDbEntity
  8
xian
 62
    18
420
        0
370
     0
100
AcDbCircle
 10
45.30287464684739
 20
7.095740178094274
 30
0.0
 40
0.1835801640155986
100
AcDbArc
 50
6.642417323815332
 51
83.11648332898146
  0
ARC
  5
6A6
330
23F
100
AcDbEntity
  8
xian
 62
    18
420
        0
370
     0
100
AcDbCircle
 10
-44.95691296122163
 20
7.095740178094274
 30
0.0
 40
0.1835801640154857
100
AcDbArc
 50
96.88351667101855
 51
173.3575826762379
  0
SPLINE
  5
6A7
330
23F
100
AcDbEntity
  8
xian
 62
    18
420
        0
370
     0
100
AcDbSpline
210
0.0
220
0.0
230
1.0
 70
     8
 71
     3
 72
    12
 73
     8
 74
     0
 42
0.00000001
 43
0.0000000001
 40
0.0
 40
0.0
 40
0.0
 40
0.0
 40
0.2500000000001133
 40
0.2500000000001133
 40
0.5000000000002266
 40
0.5000000000002266
 40
1.0
 40
1.0
 40
1.0
 40
1.0
 10
-49.02701915690045
 20
-2.347240146684271
 30
0.0
 10
-49.02701915690045
 20
-2.27789879303782
 30
0.0
 10
-49.03971261216134
 20
-2.208720762928351
 30
0.0
 10
-49.09220733897086
 20
-2.075406855072287
 30
0.0
 10
-49.13164229301469
 20
-2.013033974219069
 30
0.0
 10
-49.28508093101914
 20
-1.852992513144272
 30
0.0
 10
-49.43432104607996
 20
-1.787240146682961
 30
0.0
 10
-49.58701915690176
 20
-1.787240146682961
 30
0.0
  0
ARC
  5
6A8
330
23F
100
AcDbEntity
  8
xian
 62
    18
420
        0
370
     0
100
AcDbCircle
 10
-48.80033626788713
 20
-1.689673168615627
 30
0.0
 40
0.7927100876606637
100
AcDbArc
 50
178.0837940257126
 51
187.0699077456424
  0
LWPOLYLINE
  5
6A9
330
23F
100
AcDbEntity
  8
xian
 62
    18
420
        0
370
     0
100
AcDbPolyline
 90
        9
 70
   128
 43
0.0
 10
-49.02701915690045
 20
-2.347240146684271
 10
-49.02407950595511
 20
-2.357484547543208
 10
-49.01536857246242
 20
-2.367352511368153
 10
-49.00120644522099
 20
-2.37648143354454
 10
-48.98211352061548
 20
-2.38453586601463
 10
-48.95879138032319
 20
-2.391219843526414
 10
-48.93209701123556
 20
-2.396287759069309
 10
-48.9030113149463
 20
-2.399553388861022
 10
-48.87260306389066
 20
-2.400896735254718
  0
LWPOLYLINE
  5
6AA
330
23F
100
AcDbEntity
  8
xian
 62
    18
420
        0
370
     0
100
AcDbPolyline
 90
        9
 70
   128
 43
0.0
 10
49.21856477089682
 20
2.026415694637762
 10
49.24897301881287
 20
2.025072365782762
 10
49.27805871151872
 20
2.021806780678161
 10
49.3047530769029
 20
2.01673893530642
 10
49.32807521367363
 20
2.010055050839582
 10
49.34716813521595
 20
2.002000730826694
 10
49.3613302600927
 20
1.992871936336086
 10
49.37004119209382
 20
1.983004110674301
 10
49.37298084252984
 20
1.972759853317256
  0
SPLINE
  5
6AB
330
23F
100
AcDbEntity
  8
xian
 62
    18
420
        0
370
     0
100
AcDbSpline
210
0.0
220
0.0
230
1.0
 70
     8
 71
     3
 72
    12
 73
     8
 74
     0
 42
0.00000001
 43
0.0000000001
 40
0.0
 40
0.0
 40
0.0
 40
0.0
 40
0.2499999999999374
 40
0.2499999999999374
 40
0.4999999999998748
 40
0.4999999999998748
 40
1.0
 40
1.0
 40
1.0
 40
1.0
 10
49.37298084252984
 20
1.972759853317256
 30
0.0
 10
49.37298084252984
 20
1.90341879061998
 30
0.0
 10
49.38567464636003
 20
1.83423928412958
 30
0.0
 10
49.43816930608886
 20
1.700926147057543
 30
0.0
 10
49.4776056227413
 20
1.638551362188081
 30
0.0
 10
49.63104590258376
 20
1.478510000106325
 30
0.0
 10
49.78028397858657
 20
1.412759853315947
 30
0.0
 10
49.93298084252751
 20
1.412759853315947
 30
0.0
  0
ARC
  5
6AC
330
23F
100
AcDbEntity
  8
xian
 62
    18
420
        0
370
     0
100
AcDbCircle
 10
49.1464279708191
 20
1.315201522902498
 30
0.0
 40
0.7925799945933684
100
AcDbArc
 50
358.0837943955371
 51
7.070444186928095
  0
ARC
  5
6AD
330
23F
100
AcDbEntity
  8
xian
 62
    18
420
        0
370
     0
100
AcDbCircle
 10
49.14594791504646
 20
-1.689649522615582
 30
0.0
 40
0.7930603752843425
100
AcDbArc
 50
352.9315094850273
 51
1.916220193109365
  0
SPLINE
  5
6AE
330
23F
100
AcDbEntity
  8
xian
 62
    18
420
        0
370
     0
100
AcDbSpline
210
0.0
220
0.0
230
1.0
 70
     8
 71
     3
 72
    14
 73
    10
 74
     0
 42
0.00000001
 43
0.0000000001
 40
0.0
 40
0.0
 40
0.0
 40
0.0
 40
0.25
 40
0.25
 40
0.5
 40
0.5
 40
0.75
 40
0.75
 40
1.0
 40
1.0
 40
1.0
 40
1.0
 10
49.93298084252751
 20
-1.787240146682961
 30
0.0
 10
49.85668163146624
 20
-1.787240146682961
 30
0.0
 10
49.7814867656482
 20
-1.802882066951497
 30
0.0
 10
49.64300542017667
 20
-1.862275788475017
 30
0.0
 10
49.58009335104293
 20
-1.906232575058311
 30
0.0
 10
49.47812151452239
 20
-2.012396524070936
 30
0.0
 10
49.43822617726187
 20
-2.075429893320688
 30
0.0
 10
49.38597169212449
 20
-2.207798467090469
 30
0.0
 10
49.37298084252984
 20
-2.277920046144572
 30
0.0
 10
49.37298084252984
 20
-2.347240146684271
 30
0.0
  0
LWPOLYLINE
  5
6AF
330
23F
100
AcDbEntity
  8
xian
 62
    18
420
        0
370
     0
100
AcDbPolyline
 90
        9
 70
   128
 43
0.0
 10
49.21856484789464
 20
-2.400931769745511
 10
49.24897308450022
 20
-2.399587540847278
 10
49.27805876430579
 20
-2.396319775150914
 10
49.30475311634586
 20
-2.391248548690782
 10
49.3280752404346
 20
-2.384560206764945
 10
49.34716815095384
 20
-2.376500516560554
 10
49.36133026730681
 20
-2.367365636289832
 10
49.370041193931
 20
-2.357491232678512
 10
49.37298084252984
 20
-2.347240146684271
  0
SPLINE
  5
6B0
330
23F
100
AcDbEntity
  8
xian
 62
    18
420
        0
370
     0
100
AcDbSpline
210
0.0
220
0.0
230
1.0
 70
     8
 71
     3
 72
    14
 73
    10
 74
     0
 42
0.00000001
 43
0.0000000001
 40
0.0
 40
0.0
 40
0.0
 40
0.0
 40
0.25
 40
0.25
 40
0.5
 40
0.5
 40
0.75
 40
0.75
 40
1.0
 40
1.0
 40
1.0
 40
1.0
 10
-49.58701915690176
 20
1.412759853315947
 30
0.0
 10
-49.51072032116349
 20
1.412759853315947
 30
0.0
 10
-49.43552563035769
 20
1.428401797942569
 30
0.0
 10
-49.29704645377274
 20
1.487794068465518
 30
0.0
 10
-49.23413632896404
 20
1.531749053450766
 30
0.0
 10
-49.13216704600632
 20
1.637907090054795
 30
0.0
 10
-49.09227179814911
 20
1.700936107517918
 30
0.0
 10
-49.04001334444251
 20
1.833304703153771
 30
0.0
 10
-49.02701915690045
 20
1.903431245591491
 30
0.0
 10
-49.02701915690045
 20
1.972759853317256
 30
0.0
  0
LWPOLYLINE
  5
6B1
330
23F
100
AcDbEntity
  8
xian
 62
    18
420
        0
370
     0
100
AcDbPolyline
 90
        9
 70
   128
 43
0.0
 10
-49.02701915690045
 20
1.972759853317256
 10
-49.02407950595511
 20
1.983004254176194
 10
-49.01536857246242
 20
1.992872218001139
 10
-49.00120644522099
 20
2.002001140177526
 10
-48.98211352061548
 20
2.010055572647615
 10
-48.95879138031955
 20
2.016739550157581
 10
-48.93209701123192
 20
2.021807465702295
 10
-48.9030113149463
 20
2.025073095494008
 10
-48.87260306388703
 20
2.026416441885885
  0
ARC
  5
6B2
330
23F
100
AcDbEntity
  8
xian
 62
    18
420
        0
370
     0
100
AcDbCircle
 10
-48.80033626766522
 20
1.315192875228603
 30
0.0
 40
0.7927100878838204
100
AcDbArc
 50
172.9300922548827
 51
181.9162059723061
  0
LWPOLYLINE
  5
6B3
330
23F
100
AcDbEntity
  8
xian
 62
    18
420
        0
370
     0
100
AcDbPolyline
 90
        9
 70
   128
 43
0.0
 10
50.72257428149464
 20
-2.246684433914197
 10
50.69251158893462
 20
-2.251863716599473
 10
50.66335198063757
 20
-2.254994586462998
 10
50.63617123446533
 20
-2.255961537133771
 10
50.61197212264528
 20
-2.254728895151856
 10
50.5916474167309
 20
-2.251342136058156
 10
50.57594695083321
 20
-2.245926206676813
 10
50.56544995817171
 20
-2.238680915488657
 10
50.56054370156857
 20
-2.229873561142085
  0
SPLINE
  5
6B4
330
23F
100
AcDbEntity
  8
xian
 62
    18
420
        0
370
     0
100
AcDbSpline
210
0.0
220
0.0
230
1.0
 70
     8
 71
     3
 72
    10
 73
     6
 74
     0
 42
0.00000001
 43
0.0000000001
 40
0.0
 40
0.0
 40
0.0
 40
0.0
 40
0.5
 40
0.5
 40
1.0
 40
1.0
 40
1.0
 40
1.0
 10
50.56054370156857
 20
-2.229873561142085
 30
0.0
 10
50.5350279705774
 20
-2.110832297845263
 30
0.0
 10
50.46979641364965
 20
-1.998985015894504
 30
0.0
 10
50.27328473516831
 20
-1.835181570331769
 30
0.0
 10
50.14543415406229
 20
-1.787240146682961
 30
0.0
 10
50.01298084252926
 20
-1.787240146682961
 30
0.0
  0
ARC
  5
6B5
330
23F
100
AcDbEntity
  8
xian
 62
    18
420
        0
370
     0
100
AcDbCircle
 10
49.22610484325855
 20
-1.689659924342777
 30
0.0
 40
0.7929033598224633
100
AcDbArc
 50
352.9308599879607
 51
1.916220912788922
  0
SPLINE
  5
6B6
330
23F
100
AcDbEntity
  8
xian
 62
    18
420
        0
370
     0
100
AcDbSpline
210
0.0
220
0.0
230
1.0
 70
     8
 71
     3
 72
    10
 73
     6
 74
     0
 42
0.00000001
 43
0.0000000001
 40
0.0
 40
0.0
 40
0.0
 40
0.0
 40
0.5
 40
0.5
 40
1.0
 40
1.0
 40
1.0
 40
1.0
 10
-49.6670191569035
 20
-1.787240146682961
 30
0.0
 10
-49.7993086439717
 20
-1.787240146682961
 30
0.0
 10
-49.92699162966232
 20
-1.835048780314536
 30
0.0
 10
-50.12342526582211
 20
-1.998500779653113
 30
0.0
 10
-50.18870640454474
 20
-2.110104172972569
 30
0.0
 10
-50.21438968858706
 20
-2.228979836168946
 30
0.0
  0
LWPOLYLINE
  5
6B7
330
23F
100
AcDbEntity
  8
xian
 62
    18
420
        0
370
     0
100
AcDbPolyline
 90
        9
 70
   128
 43
0.0
 10
-50.21438968858342
 20
-2.228979836167127
 10
-50.21930570982362
 20
-2.237765940535609
 10
-50.2298068436437
 20
-2.244982254675051
 10
-50.24550589876958
 20
-2.250362703140126
 10
-50.26582402941198
 20
-2.253708901380377
 10
-50.29001207809847
 20
-2.254897470458672
 10
-50.31717819814435
 20
-2.253884586194544
 10
-50.34632073727038
 20
-2.250707595025232
 10
-50.37636516990528
 20
-2.245483636992503
  0
ARC
  5
6B8
330
23F
100
AcDbEntity
  8
xian
 62
    18
420
        0
370
     0
100
AcDbCircle
 10
-48.88049343542002
 20
-1.689683590135246
 30
0.0
 40
0.7925528324857423
100
AcDbArc
 50
178.0837933235515
 51
187.070558520263
  0
SPLINE
  5
6B9
330
23F
100
AcDbEntity
  8
xian
 62
    18
420
        0
370
     0
100
AcDbSpline
210
0.0
220
0.0
230
1.0
 70
     8
 71
     3
 72
    10
 73
     6
 74
     0
 42
0.00000001
 43
0.0000000001
 40
0.0
 40
0.0
 40
0.0
 40
0.0
 40
0.5
 40
0.5
 40
1.0
 40
1.0
 40
1.0
 40
1.0
 10
-50.21438968858342
 20
1.854499542796474
 30
0.0
 10
-50.1887064045411
 20
1.735623879601916
 30
0.0
 10
-50.12342526581846
 20
1.62402048628428
 30
0.0
 10
-49.92699162965869
 20
1.460568486947522
 30
0.0
 10
-49.7993086439717
 20
1.412759853315947
 30
0.0
 10
-49.6670191569035
 20
1.412759853315947
 30
0.0
  0
ARC
  5
6BA
330
23F
100
AcDbEntity
  8
xian
 62
    18
420
        0
370
     0
100
AcDbCircle
 10
-48.88049343544913
 20
1.315203296768231
 30
0.0
 40
0.7925528324567042
100
AcDbArc
 50
172.9294414796319
 51
181.9162066766047
  0
LWPOLYLINE
  5
6BB
330
23F
100
AcDbEntity
  8
xian
 62
    18
420
        0
370
     0
100
AcDbPolyline
 90
        9
 70
   128
 43
0.0
 10
-50.21438968858342
 20
1.854499542796474
 10
-50.21930570982362
 20
1.863285647166776
 10
-50.2298068436437
 20
1.870501961306217
 10
-50.24550589876958
 20
1.875882409769474
 10
-50.26582402941198
 20
1.879228608009725
 10
-50.29001207809847
 20
1.88041717708802
 10
-50.31717819814071
 20
1.879404292822073
 10
-50.34632073726675
 20
1.876227301652761
 10
-50.37636516990528
 20
1.871003343620031
  0
ARC
  5
6BC
330
23F
100
AcDbEntity
  8
xian
 62
    18
420
        0
370
     0
100
AcDbCircle
 10
49.22658478048401
 20
1.315211921295485
 30
0.0
 40
0.7924230974934869
100
AcDbArc
 50
358.0837936687661
 51
7.071093648986506
  0
SPLINE
  5
6BD
330
23F
100
AcDbEntity
  8
xian
 62
    18
420
        0
370
     0
100
AcDbSpline
210
0.0
220
0.0
230
1.0
 70
     8
 71
     3
 72
    10
 73
     6
 74
     0
 42
0.00000001
 43
0.0000000001
 40
0.0
 40
0.0
 40
0.0
 40
0.0
 40
0.5
 40
0.5
 40
1.0
 40
1.0
 40
1.0
 40
1.0
 10
50.01298084252926
 20
1.412759853315947
 30
0.0
 10
50.1452749688608
 20
1.412759853315947
 30
0.0
 10
50.27296135713481
 20
1.460571381770932
 30
0.0
 10
50.46939857485199
 20
1.624033955256891
 30
0.0
 10
50.53468003067542
 20
1.73564736264052
 30
0.0
 10
50.56035790067039
 20
1.854529754698887
 30
0.0
  0
LWPOLYLINE
  5
6BE
330
23F
100
AcDbEntity
  8
xian
 62
    18
420
        0
370
     0
100
AcDbPolyline
 90
        9
 70
   128
 43
0.0
 10
50.72233527036883
 20
1.871038484920063
 10
50.69229009246123
 20
1.876261155806787
 10
50.66314686086048
 20
1.879436984376297
 10
50.63598015787215
 20
1.880448870049804
 10
50.61179168635431
 20
1.879259502127752
 10
50.59147333447914
 20
1.875912735516976
 10
50.57577428963054
 20
1.870531973694596
 10
50.56527341402693
 20
1.863315618527849
 10
50.56035790067039
 20
1.854529754697068
  0
LINE
  5
6BF
330
23F
100
AcDbEntity
  8
xian
 62
    18
420
        0
370
     0
100
AcDbLine
 10
50.01298084252926
 20
-1.787240146682961
 30
0.0
 11
49.93298084252751
 21
-1.787240146682961
 31
0.0
  0
LINE
  5
6C0
330
23F
100
AcDbEntity
  8
xian
 62
    18
420
        0
370
     0
100
AcDbLine
 10
-49.58701915690176
 20
-1.787240146682961
 30
0.0
 11
-49.6670191569035
 21
-1.787240146682961
 31
0.0
  0
LINE
  5
6C1
330
23F
100
AcDbEntity
  8
xian
 62
    18
420
        0
370
     0
100
AcDbLine
 10
-49.6670191569035
 20
1.412759853315947
 30
0.0
 11
-49.58701915690176
 21
1.412759853315947
 31
0.0
  0
LINE
  5
6C2
330
23F
100
AcDbEntity
  8
xian
 62
    18
420
        0
370
     0
100
AcDbLine
 10
49.93298084252751
 20
1.412759853315947
 30
0.0
 11
50.01298084252926
 21
1.412759853315947
 31
0.0
  0
SPLINE
  5
6C3
330
23F
100
AcDbEntity
  8
xian
 62
    18
420
        0
370
     0
100
AcDbSpline
210
0.0
220
0.0
230
1.0
 70
     8
 71
     3
 72
    12
 73
     8
 74
     0
 42
0.00000001
 43
0.0000000001
 40
0.0
 40
0.0
 40
0.0
 40
0.0
 40
0.2500000000000005
 40
0.2500000000000005
 40
0.500000000000001
 40
0.500000000000001
 40
1.0
 40
1.0
 40
1.0
 40
1.0
 10
46.97298084252838
 20
5.837243233656408
 30
0.0
 10
46.97298084252838
 20
5.862801796556595
 30
0.0
 10
46.98638699610751
 20
5.886562115190827
 30
0.0
 10
47.04022455966264
 20
5.929488552412294
 30
0.0
 10
47.08020779608273
 20
5.948069104175374
 30
0.0
 10
47.23395611633828
 20
5.9935716831842
 30
0.0
 10
47.38129686349134
 20
6.00953320724875
 30
0.0
 10
47.53298084252969
 20
6.00953320724875
 30
0.0
  0
LINE
  5
6C4
330
23F
100
AcDbEntity
  8
xian
 62
    18
420
        0
370
     0
100
AcDbLine
 10
47.53298084252969
 20
6.00953320724875
 30
0.0
 11
47.6129808425278
 21
6.00953320724875
 31
0.0
  0
SPLINE
  5
6C5
330
23F
100
AcDbEntity
  8
xian
 62
    18
420
        0
370
     0
100
AcDbSpline
210
0.0
220
0.0
230
1.0
 70
     8
 71
     3
 72
    14
 73
    10
 74
     0
 42
0.00000001
 43
0.0000000001
 40
0.0
 40
0.0
 40
0.0
 40
0.0
 40
0.25
 40
0.25
 40
0.5
 40
0.5
 40
0.75
 40
0.75
 40
1.0
 40
1.0
 40
1.0
 40
1.0
 10
47.6129808425278
 20
6.00953320724875
 30
0.0
 10
47.68875981316091
 20
6.00953320724875
 30
0.0
 10
47.76321316258258
 20
6.005612647933958
 30
0.0
 10
47.90059372171822
 20
5.990097819341826
 30
0.0
 10
47.96309492584555
 20
5.978422474778199
 30
0.0
 10
48.06524708755683
 20
5.948247964806796
 30
0.0
 10
48.10569621973195
 20
5.929462004934975
 30
0.0
 10
48.15925264414113
 20
5.886877654833369
 30
0.0
 10
48.17298084252911
 20
5.862787491289054
 30
0.0
 10
48.17298084252911
 20
5.837243233656408
 30
0.0
  0
SPLINE
  5
6C6
330
23F
100
AcDbEntity
  8
xian
 62
    18
420
        0
370
     0
100
AcDbSpline
210
0.0
220
0.0
230
1.0
 70
     8
 71
     3
 72
    12
 73
     8
 74
     0
 42
0.00000001
 43
0.0000000001
 40
0.0
 40
0.0
 40
0.0
 40
0.0
 40
0.2499999999999963
 40
0.2499999999999963
 40
0.4999999999999926
 40
0.4999999999999926
 40
1.0
 40
1.0
 40
1.0
 40
1.0
 10
48.17298084252911
 20
-6.211723527023423
 30
0.0
 10
48.17298084252911
 20
-6.23728208992361
 30
0.0
 10
48.15957468894999
 20
-6.261042408557841
 30
0.0
 10
48.10573712539485
 20
-6.303968845779309
 30
0.0
 10
48.06575388897477
 20
-6.322549397542388
 30
0.0
 10
47.91200556871558
 20
-6.368051976553033
 30
0.0
 10
47.76466482156616
 20
-6.384013500615765
 30
0.0
 10
47.6129808425278
 20
-6.384013500615765
 30
0.0
  0
LINE
  5
6C7
330
23F
100
AcDbEntity
  8
xian
 62
    18
420
        0
370
     0
100
AcDbLine
 10
47.6129808425278
 20
-6.384013500615765
 30
0.0
 11
47.53298084252969
 21
-6.384013500615765
 31
0.0
  0
SPLINE
  5
6C8
330
23F
100
AcDbEntity
  8
xian
 62
    18
420
        0
370
     0
100
AcDbSpline
210
0.0
220
0.0
230
1.0
 70
     8
 71
     3
 72
    14
 73
    10
 74
     0
 42
0.00000001
 43
0.0000000001
 40
0.0
 40
0.0
 40
0.0
 40
0.0
 40
0.25
 40
0.25
 40
0.5
 40
0.5
 40
0.75
 40
0.75
 40
1.0
 40
1.0
 40
1.0
 40
1.0
 10
47.53298084252969
 20
-6.384013500615765
 30
0.0
 10
47.45720187189658
 20
-6.384013500615765
 30
0.0
 10
47.38274852247491
 20
-6.380092941300972
 30
0.0
 10
47.24536796333928
 20
-6.364578112708841
 30
0.0
 10
47.18286675921194
 20
-6.352902768145213
 30
0.0
 10
47.08071459750067
 20
-6.32272825817381
 30
0.0
 10
47.04026546532555
 20
-6.30394229830199
 30
0.0
 10
46.98670904091637
 20
-6.261357948200384
 30
0.0
 10
46.97298084252838
 20
-6.237267784656069
 30
0.0
 10
46.97298084252838
 20
-6.211723527023423
 30
0.0
  0
SPLINE
  5
6C9
330
23F
100
AcDbEntity
  8
xian
 62
    18
420
        0
370
     0
100
AcDbSpline
210
0.0
220
0.0
230
1.0
 70
     8
 71
     3
 72
    14
 73
    10
 74
     0
 42
0.00000001
 43
0.0000000001
 40
0.0
 40
0.0
 40
0.0
 40
0.0
 40
0.25
 40
0.25
 40
0.5
 40
0.5
 40
0.75
 40
0.75
 40
1.0
 40
1.0
 40
1.0
 40
1.0
 10
-51.98701915690321
 20
6.00953320724875
 30
0.0
 10
-51.91124018627011
 20
6.00953320724875
 30
0.0
 10
-51.83678683684843
 20
6.005612647933958
 30
0.0
 10
-51.69940627771279
 20
5.990097819341826
 30
0.0
 10
-51.63690507358547
 20
5.978422474778199
 30
0.0
 10
-51.53475291187419
 20
5.948247964806796
 30
0.0
 10
-51.49430377969906
 20
5.929462004934975
 30
0.0
 10
-51.44074735528988
 20
5.886877654833369
 30
0.0
 10
-51.4270191569019
 20
5.862787491289054
 30
0.0
 10
-51.4270191569019
 20
5.837243233656408
 30
0.0
  0
SPLINE
  5
6CA
330
23F
100
AcDbEntity
  8
xian
 62
    18
420
        0
370
     0
100
AcDbSpline
210
0.0
220
0.0
230
1.0
 70
     8
 71
     3
 72
    12
 73
     8
 74
     0
 42
0.00000001
 43
0.0000000001
 40
0.0
 40
0.0
 40
0.0
 40
0.0
 40
0.250000000000007
 40
0.250000000000007
 40
0.5000000000000141
 40
0.5000000000000141
 40
1.0
 40
1.0
 40
1.0
 40
1.0
 10
-51.4270191569019
 20
-6.211723527023423
 30
0.0
 10
-51.4270191569019
 20
-6.23728208992361
 30
0.0
 10
-51.44042531048103
 20
-6.261042408557841
 30
0.0
 10
-51.49426287403617
 20
-6.303968845779309
 30
0.0
 10
-51.53424611045625
 20
-6.322549397542388
 30
0.0
 10
-51.68799443071179
 20
-6.368051976553033
 30
0.0
 10
-51.83533517786486
 20
-6.384013500615765
 30
0.0
 10
-51.98701915690321
 20
-6.384013500615765
 30
0.0
  0
LINE
  5
6CB
330
23F
100
AcDbEntity
  8
xian
 62
    18
420
        0
370
     0
100
AcDbLine
 10
-51.98701915690321
 20
-6.384013500615765
 30
0.0
 11
-52.06701915690132
 21
-6.384013500615765
 31
0.0
  0
SPLINE
  5
6CC
330
23F
100
AcDbEntity
  8
xian
 62
    18
420
        0
370
     0
100
AcDbSpline
210
0.0
220
0.0
230
1.0
 70
     8
 71
     3
 72
    14
 73
    10
 74
     0
 42
0.00000001
 43
0.0000000001
 40
0.0
 40
0.0
 40
0.0
 40
0.0
 40
0.25
 40
0.25
 40
0.5
 40
0.5
 40
0.75
 40
0.75
 40
1.0
 40
1.0
 40
1.0
 40
1.0
 10
-52.06701915690132
 20
-6.384013500615765
 30
0.0
 10
-52.14279812753443
 20
-6.384013500615765
 30
0.0
 10
-52.21725147695611
 20
-6.380092941300972
 30
0.0
 10
-52.35463203609175
 20
-6.364578112708841
 30
0.0
 10
-52.41713324021907
 20
-6.352902768145213
 30
0.0
 10
-52.51928540193034
 20
-6.32272825817381
 30
0.0
 10
-52.55973453410547
 20
-6.30394229830199
 30
0.0
 10
-52.61329095851465
 20
-6.261357948200384
 30
0.0
 10
-52.62701915690263
 20
-6.237267784656069
 30
0.0
 10
-52.62701915690263
 20
-6.211723527023423
 30
0.0
  0
SPLINE
  5
6CD
330
23F
100
AcDbEntity
  8
xian
 62
    18
420
        0
370
     0
100
AcDbSpline
210
0.0
220
0.0
230
1.0
 70
     8
 71
     3
 72
    12
 73
     8
 74
     0
 42
0.00000001
 43
0.0000000001
 40
0.0
 40
0.0
 40
0.0
 40
0.0
 40
0.250000000000007
 40
0.250000000000007
 40
0.5000000000000141
 40
0.5000000000000141
 40
1.0
 40
1.0
 40
1.0
 40
1.0
 10
-52.62701915690263
 20
5.837243233656408
 30
0.0
 10
-52.62701915690263
 20
5.862801796556595
 30
0.0
 10
-52.6136130033235
 20
5.886562115190827
 30
0.0
 10
-52.55977543976837
 20
5.929488552412294
 30
0.0
 10
-52.51979220334829
 20
5.948069104175374
 30
0.0
 10
-52.36604388309274
 20
5.9935716831842
 30
0.0
 10
-52.21870313593967
 20
6.00953320724875
 30
0.0
 10
-52.06701915690132
 20
6.00953320724875
 30
0.0
  0
LINE
  5
6CE
330
23F
100
AcDbEntity
  8
xian
 62
    18
420
        0
370
     0
100
AcDbLine
 10
-52.06701915690132
 20
6.00953320724875
 30
0.0
 11
-51.98701915690321
 21
6.00953320724875
 31
0.0
  0
SPLINE
  5
6CF
330
23F
100
AcDbEntity
  8
xian
 62
    18
420
        0
370
     0
100
AcDbSpline
210
0.0
220
0.0
230
1.0
 70
     8
 71
     3
 72
    14
 73
    10
 74
     0
 42
0.00000001
 43
0.0000000001
 40
0.0
 40
0.0
 40
0.0
 40
0.0
 40
0.25
 40
0.25
 40
0.5
 40
0.5
 40
0.75
 40
0.75
 40
1.0
 40
1.0
 40
1.0
 40
1.0
 10
-47.18701915690394
 20
6.00953320724875
 30
0.0
 10
-47.11124018627083
 20
6.00953320724875
 30
0.0
 10
-47.03678683684915
 20
6.005612647933958
 30
0.0
 10
-46.89940627771352
 20
5.990097819341826
 30
0.0
 10
-46.83690507358619
 20
5.978422474778199
 30
0.0
 10
-46.73475291187492
 20
5.948247964806796
 30
0.0
 10
-46.69430377969615
 20
5.929462004934975
 30
0.0
 10
-46.64074735529061
 20
5.886877654833369
 30
0.0
 10
-46.62701915690263
 20
5.862787491289054
 30
0.0
 10
-46.62701915690263
 20
5.837243233656408
 30
0.0
  0
SPLINE
  5
6D0
330
23F
100
AcDbEntity
  8
xian
 62
    18
420
        0
370
     0
100
AcDbSpline
210
0.0
220
0.0
230
1.0
 70
     8
 71
     3
 72
    12
 73
     8
 74
     0
 42
0.00000001
 43
0.0000000001
 40
0.0
 40
0.0
 40
0.0
 40
0.0
 40
0.250000000000007
 40
0.250000000000007
 40
0.5000000000000141
 40
0.5000000000000141
 40
1.0
 40
1.0
 40
1.0
 40
1.0
 10
-46.62701915690263
 20
-6.211723527023423
 30
0.0
 10
-46.62701915690263
 20
-6.23728208992361
 30
0.0
 10
-46.64042531048176
 20
-6.261042408557841
 30
0.0
 10
-46.69426287403689
 20
-6.303968845779309
 30
0.0
 10
-46.73424611045334
 20
-6.322549397542388
 30
0.0
 10
-46.88799443071252
 20
-6.368051976553033
 30
0.0
 10
-47.03533517786195
 20
-6.384013500615765
 30
0.0
 10
-47.18701915690394
 20
-6.384013500615765
 30
0.0
  0
LINE
  5
6D1
330
23F
100
AcDbEntity
  8
xian
 62
    18
420
        0
370
     0
100
AcDbLine
 10
-47.18701915690394
 20
-6.384013500615765
 30
0.0
 11
-47.26701915690205
 21
-6.384013500615765
 31
0.0
  0
SPLINE
  5
6D2
330
23F
100
AcDbEntity
  8
xian
 62
    18
420
        0
370
     0
100
AcDbSpline
210
0.0
220
0.0
230
1.0
 70
     8
 71
     3
 72
    14
 73
    10
 74
     0
 42
0.00000001
 43
0.0000000001
 40
0.0
 40
0.0
 40
0.0
 40
0.0
 40
0.25
 40
0.25
 40
0.5
 40
0.5
 40
0.75
 40
0.75
 40
1.0
 40
1.0
 40
1.0
 40
1.0
 10
-47.26701915690205
 20
-6.384013500615765
 30
0.0
 10
-47.34279812753152
 20
-6.384013500615765
 30
0.0
 10
-47.41725147695683
 20
-6.380092941300972
 30
0.0
 10
-47.55463203608883
 20
-6.364578112708841
 30
0.0
 10
-47.6171332402198
 20
-6.352902768145213
 30
0.0
 10
-47.71928540192743
 20
-6.32272825817381
 30
0.0
 10
-47.7597345341062
 20
-6.30394229830199
 30
0.0
 10
-47.81329095851538
 20
-6.261357948200384
 30
0.0
 10
-47.82701915690336
 20
-6.237267784656069
 30
0.0
 10
-47.82701915690336
 20
-6.211723527023423
 30
0.0
  0
SPLINE
  5
6D3
330
23F
100
AcDbEntity
  8
xian
 62
    18
420
        0
370
     0
100
AcDbSpline
210
0.0
220
0.0
230
1.0
 70
     8
 71
     3
 72
    12
 73
     8
 74
     0
 42
0.00000001
 43
0.0000000001
 40
0.0
 40
0.0
 40
0.0
 40
0.0
 40
0.2500000000000037
 40
0.2500000000000037
 40
0.5000000000000075
 40
0.5000000000000075
 40
1.0
 40
1.0
 40
1.0
 40
1.0
 10
-47.82701915690336
 20
5.837243233656408
 30
0.0
 10
-47.82701915690336
 20
5.862801796556595
 30
0.0
 10
-47.81361300332423
 20
5.886562115190827
 30
0.0
 10
-47.75977543976909
 20
5.929488552412294
 30
0.0
 10
-47.71979220334901
 20
5.948069104175374
 30
0.0
 10
-47.56604388308983
 20
5.9935716831842
 30
0.0
 10
-47.4187031359404
 20
6.00953320724875
 30
0.0
 10
-47.26701915690205
 20
6.00953320724875
 30
0.0
  0
LINE
  5
6D4
330
23F
100
AcDbEntity
  8
xian
 62
    18
420
        0
370
     0
100
AcDbLine
 10
-47.26701915690205
 20
6.00953320724875
 30
0.0
 11
-47.18701915690394
 21
6.00953320724875
 31
0.0
  0
SPLINE
  5
6D5
330
23F
100
AcDbEntity
  8
xian
 62
    18
420
        0
370
     0
100
AcDbSpline
210
0.0
220
0.0
230
1.0
 70
     8
 71
     3
 72
    12
 73
     8
 74
     0
 42
0.00000001
 43
0.0000000001
 40
0.0
 40
0.0
 40
0.0
 40
0.0
 40
0.2500000000000037
 40
0.2500000000000037
 40
0.5000000000000075
 40
0.5000000000000075
 40
1.0
 40
1.0
 40
1.0
 40
1.0
 10
51.77298084252766
 20
5.837243233656408
 30
0.0
 10
51.77298084252766
 20
5.862801796556595
 30
0.0
 10
51.78638699610679
 20
5.886562115190827
 30
0.0
 10
51.84022455966192
 20
5.929488552412294
 30
0.0
 10
51.880207796082
 20
5.948069104175374
 30
0.0
 10
52.03395611633755
 20
5.9935716831842
 30
0.0
 10
52.18129686349062
 20
6.00953320724875
 30
0.0
 10
52.33298084252897
 20
6.00953320724875
 30
0.0
  0
LINE
  5
6D6
330
23F
100
AcDbEntity
  8
xian
 62
    18
420
        0
370
     0
100
AcDbLine
 10
52.33298084252897
 20
6.00953320724875
 30
0.0
 11
52.41298084252708
 21
6.00953320724875
 31
0.0
  0
SPLINE
  5
6D7
330
23F
100
AcDbEntity
  8
xian
 62
    18
420
        0
370
     0
100
AcDbSpline
210
0.0
220
0.0
230
1.0
 70
     8
 71
     3
 72
    14
 73
    10
 74
     0
 42
0.00000001
 43
0.0000000001
 40
0.0
 40
0.0
 40
0.0
 40
0.0
 40
0.25
 40
0.25
 40
0.5
 40
0.5
 40
0.75
 40
0.75
 40
1.0
 40
1.0
 40
1.0
 40
1.0
 10
52.41298084252708
 20
6.00953320724875
 30
0.0
 10
52.48875981316018
 20
6.00953320724875
 30
0.0
 10
52.56321316258186
 20
6.005612647933958
 30
0.0
 10
52.7005937217175
 20
5.990097819341826
 30
0.0
 10
52.76309492584482
 20
5.978422474778199
 30
0.0
 10
52.8652470875561
 20
5.948247964806796
 30
0.0
 10
52.90569621973123
 20
5.929462004934975
 30
0.0
 10
52.95925264414041
 20
5.886877654833369
 30
0.0
 10
52.97298084252838
 20
5.862787491289054
 30
0.0
 10
52.97298084252838
 20
5.837243233656408
 30
0.0
  0
SPLINE
  5
6D8
330
23F
100
AcDbEntity
  8
xian
 62
    18
420
        0
370
     0
100
AcDbSpline
210
0.0
220
0.0
230
1.0
 70
     8
 71
     3
 72
    12
 73
     8
 74
     0
 42
0.00000001
 43
0.0000000001
 40
0.0
 40
0.0
 40
0.0
 40
0.0
 40
0.2500000000000005
 40
0.2500000000000005
 40
0.500000000000001
 40
0.500000000000001
 40
1.0
 40
1.0
 40
1.0
 40
1.0
 10
52.97298084252838
 20
-6.211723527023423
 30
0.0
 10
52.97298084252838
 20
-6.23728208992361
 30
0.0
 10
52.95957468894926
 20
-6.261042408557841
 30
0.0
 10
52.90573712539412
 20
-6.303968845779309
 30
0.0
 10
52.86575388897404
 20
-6.322549397542388
 30
0.0
 10
52.7120055687185
 20
-6.368051976553033
 30
0.0
 10
52.56466482156543
 20
-6.384013500615765
 30
0.0
 10
52.41298084252708
 20
-6.384013500615765
 30
0.0
  0
LINE
  5
6D9
330
23F
100
AcDbEntity
  8
xian
 62
    18
420
        0
370
     0
100
AcDbLine
 10
52.41298084252708
 20
-6.384013500615765
 30
0.0
 11
52.33298084252897
 21
-6.384013500615765
 31
0.0
  0
SPLINE
  5
6DA
330
23F
100
AcDbEntity
  8
xian
 62
    18
420
        0
370
     0
100
AcDbSpline
210
0.0
220
0.0
230
1.0
 70
     8
 71
     3
 72
    14
 73
    10
 74
     0
 42
0.00000001
 43
0.0000000001
 40
0.0
 40
0.0
 40
0.0
 40
0.0
 40
0.25
 40
0.25
 40
0.5
 40
0.5
 40
0.75
 40
0.75
 40
1.0
 40
1.0
 40
1.0
 40
1.0
 10
52.33298084252897
 20
-6.384013500615765
 30
0.0
 10
52.25720187189586
 20
-6.384013500615765
 30
0.0
 10
52.18274852247418
 20
-6.380092941300972
 30
0.0
 10
52.04536796333854
 20
-6.364578112708841
 30
0.0
 10
51.98286675921122
 20
-6.352902768145213
 30
0.0
 10
51.88071459749995
 20
-6.32272825817381
 30
0.0
 10
51.84026546532482
 20
-6.30394229830199
 30
0.0
 10
51.78670904091564
 20
-6.261357948200384
 30
0.0
 10
51.77298084252766
 20
-6.237267784656069
 30
0.0
 10
51.77298084252766
 20
-6.211723527023423
 30
0.0
  0
LINE
  5
6DB
330
23F
100
AcDbEntity
  8
xian
 62
    18
420
        0
370
     0
100
AcDbLine
 10
-6.265872617241939
 20
6.585071694493308
 30
0.0
 11
6.611834302867691
 21
6.585071694493308
 31
0.0
  0
LINE
  5
6DC
330
23F
100
AcDbEntity
  8
xian
 62
    18
420
        0
370
     0
100
AcDbLine
 10
-50.22701915690118
 20
-6.587240146684052
 30
0.0
 11
-50.22701915690118
 21
-2.347240146684271
 31
0.0
  0
SPLINE
  5
6DD
330
23F
100
AcDbEntity
  8
xian
 62
    18
420
        0
370
     0
100
AcDbSpline
210
0.0
220
0.0
230
1.0
 70
     8
 71
     3
 72
     8
 73
     4
 74
     0
 42
0.00000001
 43
0.0000000001
 40
0.0
 40
0.0
 40
0.0
 40
0.0
 40
1.0
 40
1.0
 40
1.0
 40
1.0
 10
-50.22701915690118
 20
-2.347240146684271
 30
0.0
 10
-50.22701915690118
 20
-2.307292134712042
 30
0.0
 10
-50.22279204231086
 20
-2.267870321105874
 30
0.0
 10
-50.21438968858706
 20
-2.228979836167127
 30
0.0
  0
SPLINE
  5
6DE
330
23F
100
AcDbEntity
  8
xian
 62
    18
420
        0
370
     0
100
AcDbSpline
210
0.0
220
0.0
230
1.0
 70
     8
 71
     3
 72
     8
 73
     4
 74
     0
 42
0.00000001
 43
0.0000000001
 40
0.0
 40
0.0
 40
0.0
 40
0.0
 40
1.0
 40
1.0
 40
1.0
 40
1.0
 10
50.56054370156857
 20
-2.229873561142085
 30
0.0
 10
50.56885148289371
 20
-2.268632740117027
 30
0.0
 10
50.57298084252693
 20
-2.307760171514019
 30
0.0
 10
50.57298084252693
 20
-2.347240146684271
 30
0.0
  0
LINE
  5
6DF
330
23F
100
AcDbEntity
  8
xian
 62
    18
420
        0
370
     0
100
AcDbLine
 10
50.57298084252693
 20
-2.347240146684271
 30
0.0
 11
50.57298084252693
 21
-6.587240146684052
 31
0.0
  0
SPLINE
  5
6E0
330
23F
100
AcDbEntity
  8
xian
 62
    18
420
        0
370
     0
100
AcDbSpline
210
0.0
220
0.0
230
1.0
 70
     8
 71
     3
 72
     8
 73
     4
 74
     0
 42
0.00000001
 43
0.0000000001
 40
0.0
 40
0.0
 40
0.0
 40
0.0
 40
1.0
 40
1.0
 40
1.0
 40
1.0
 10
-50.21438968858706
 20
1.854499542796474
 30
0.0
 10
-50.22282679045815
 20
1.893550860340837
 30
0.0
 10
-50.22701915690118
 20
1.932976407186288
 30
0.0
 10
-50.22701915690118
 20
1.972759853317256
 30
0.0
  0
LINE
  5
6E1
330
23F
100
AcDbEntity
  8
xian
 62
    18
420
        0
370
     0
100
AcDbLine
 10
-50.22701915690118
 20
1.972759853317256
 30
0.0
 11
-50.22701915690118
 21
6.212759853317038
 31
0.0
  0
LINE
  5
6E2
330
23F
100
AcDbEntity
  8
xian
 62
    18
420
        0
370
     0
100
AcDbLine
 10
50.57298084252693
 20
6.212759853317038
 30
0.0
 11
50.57298084252693
 21
1.972759853317256
 31
0.0
  0
SPLINE
  5
6E3
330
23F
100
AcDbEntity
  8
xian
 62
    18
420
        0
370
     0
100
AcDbSpline
210
0.0
220
0.0
230
1.0
 70
     8
 71
     3
 72
     8
 73
     4
 74
     0
 42
0.00000001
 43
0.0000000001
 40
0.0
 40
0.0
 40
0.0
 40
0.0
 40
1.0
 40
1.0
 40
1.0
 40
1.0
 10
50.57298084252693
 20
1.972759853317256
 30
0.0
 10
50.57298084252693
 20
1.932822185784971
 30
0.0
 10
50.56875589273772
 20
1.893410447908536
 30
0.0
 10
50.56035790067039
 20
1.854529754697068
 30
0.0
  0
SPLINE
  5
6E4
330
23F
100
AcDbEntity
  8
xian
 62
    18
420
        0
370
     0
100
AcDbSpline
210
0.0
220
0.0
230
0.0
 70
    24
 71
     3
 72
    20
 73
    16
 74
     0
 42
0.00000001
 43
0.0000000001
 40
0.0
 40
0.0
 40
0.0
 40
0.0
 40
0.2499999999999995
 40
0.2499999999999995
 40
0.3749999999999992
 40
0.3749999999999992
 40
0.4999999999999991
 40
0.4999999999999991
 40
0.6249999999999988
 40
0.6249999999999988
 40
0.7499999999999984
 40
0.7499999999999984
 40
0.8749999999999982
 40
0.8749999999999982
 40
1.0
 40
1.0
 40
1.0
 40
1.0
 10
49.37298084252984
 20
-2.347240146684271
 30
0.0
 10
49.37298084252984
 20
-2.97368890832331
 30
0.0
 10
49.37298084252984
 20
-3.550258461615158
 30
0.0
 10
49.37298084252984
 20
-4.341307576876715
 30
0.0
 10
49.37298084252984
 20
-4.589836435063261
 30
0.0
 10
49.37298084252984
 20
-5.045708063249549
 30
0.0
 10
49.37298084252984
 20
-5.254884617485004
 30
0.0
 10
49.37298084252984
 20
-5.635125335100383
 30
0.0
 10
49.37298084252984
 20
-5.806342996036619
 30
0.0
 10
49.37298084252984
 20
-6.098569165082153
 30
0.0
 10
49.37298084252984
 20
-6.221526282737613
 30
0.0
 10
49.37298084252984
 20
-6.420693929305343
 30
0.0
 10
49.37298084252984
 20
-6.497120993351927
 30
0.0
 10
49.37298084252984
 20
-6.598056149230615
 30
0.0
 10
49.37298084252984
 20
-6.623518927055556
 30
0.0
 10
49.37298084252984
 20
-6.623214159850249
 30
0.0
  0
ARC
  5
6E5
330
23F
100
AcDbEntity
  8
xian
 62
    18
420
        0
370
     0
100
AcDbCircle
 10
49.21298014280478
 20
-6.623213416984071
 30
0.0
 40
0.1600006997246727
100
AcDbArc
 50
272.0002419717222
 51
359.9998301670482
  0
ARC
  5
6E6
330
23F
100
AcDbEntity
  8
xian
 62
    18
420
        0
370
     0
100
AcDbCircle
 10
49.21298032033451
 20
6.248733295054989
 30
0.0
 40
0.1600005221949749
100
AcDbArc
 50
0.0001084419158545
 51
87.99981941951172
  0
SPLINE
  5
6E7
330
23F
100
AcDbEntity
  8
xian
 62
    18
420
        0
370
     0
100
AcDbSpline
210
0.0
220
0.0
230
0.0
 70
    24
 71
     3
 72
    20
 73
    16
 74
     0
 42
0.00000001
 43
0.0000000001
 40
0.0
 40
0.0
 40
0.0
 40
0.0
 40
0.2500000000000019
 40
0.2500000000000019
 40
0.3750000000000015
 40
0.3750000000000015
 40
0.5000000000000013
 40
0.5000000000000013
 40
0.6250000000000009
 40
0.6250000000000009
 40
0.7500000000000007
 40
0.7500000000000007
 40
0.8750000000000003
 40
0.8750000000000003
 40
1.0
 40
1.0
 40
1.0
 40
1.0
 10
49.37298084252984
 20
6.248733866481416
 30
0.0
 10
49.37298084252984
 20
6.249343149649575
 30
0.0
 10
49.37298084252984
 20
6.149382221057749
 30
0.0
 10
49.37298084252984
 20
5.850483388154316
 30
0.0
 10
49.37298084252621
 20
5.726159636480588
 30
0.0
 10
49.37298084252621
 20
5.43515658391334
 30
0.0
 10
49.37298084252984
 20
5.267703778501527
 30
0.0
 10
49.37298084252984
 20
4.888576067482063
 30
0.0
 10
49.37298084252621
 20
4.675828633664423
 30
0.0
 10
49.37298084252984
 20
4.219832929809854
 30
0.0
 10
49.37298084252984
 20
3.975193844002205
 30
0.0
 10
49.37298084252984
 20
3.452290241735681
 30
0.0
 10
49.37298084252984
 20
3.172267441867006
 30
0.0
 10
49.37298084252984
 20
2.588415817690474
 30
0.0
 10
49.37298084252984
 20
2.285907240762753
 30
0.0
 10
49.37298084252984
 20
1.972759853317256
 30
0.0
  0
SPLINE
  5
6E8
330
23F
100
AcDbEntity
  8
xian
 62
    18
420
        0
370
     0
100
AcDbSpline
210
0.0
220
0.0
230
0.0
 70
    24
 71
     3
 72
    20
 73
    16
 74
     0
 42
0.00000001
 43
0.0000000001
 40
0.0
 40
0.0
 40
0.0
 40
0.0
 40
0.2499999999999985
 40
0.2499999999999985
 40
0.3749999999999987
 40
0.3749999999999987
 40
0.4999999999999991
 40
0.4999999999999991
 40
0.6249999999999992
 40
0.6249999999999992
 40
0.7499999999999995
 40
0.7499999999999995
 40
0.8749999999999998
 40
0.8749999999999998
 40
1.0
 40
1.0
 40
1.0
 40
1.0
 10
-49.02701915690045
 20
-6.623214159850249
 30
0.0
 10
-49.02701915690045
 20
-6.62382344947764
 30
0.0
 10
-49.02701915690409
 20
-6.523794377659214
 30
0.0
 10
-49.02701915690409
 20
-6.225002038801903
 30
0.0
 10
-49.02701915690045
 20
-6.100618553064123
 30
0.0
 10
-49.02701915690045
 20
-5.80951515950619
 30
0.0
 10
-49.02701915690045
 20
-5.642179127906274
 30
0.0
 10
-49.02701915690409
 20
-5.263083835046927
 30
0.0
 10
-49.02701915690409
 20
-5.05031117297949
 30
0.0
 10
-49.02701915690409
 20
-4.594320769907426
 30
0.0
 10
-49.02701915690045
 20
-4.349578952003867
 30
0.0
 10
-49.02701915690045
 20
-3.826761516966143
 30
0.0
 10
-49.02701915690045
 20
-3.546759087990722
 30
0.0
 10
-49.02701915690045
 20
-2.962890866974703
 30
0.0
 10
-49.02701915690045
 20
-2.660385896409934
 30
0.0
 10
-49.02701915690045
 20
-2.347240146684271
 30
0.0
  0
ARC
  5
6E9
330
23F
100
AcDbEntity
  8
xian
 62
    18
420
        0
370
     0
100
AcDbCircle
 10
-48.86701863470512
 20
-6.623213588420185
 30
0.0
 40
0.1600005221974402
100
AcDbArc
 50
180.0001084423848
 51
267.9998194187305
  0
SPLINE
  5
6EA
330
23F
100
AcDbEntity
  8
xian
 62
    18
420
        0
370
     0
100
AcDbSpline
210
0.0
220
0.0
230
0.0
 70
    24
 71
     3
 72
    20
 73
    16
 74
     0
 42
0.00000001
 43
0.0000000001
 40
0.0
 40
0.0
 40
0.0
 40
0.0
 40
0.250000000000001
 40
0.250000000000001
 40
0.3750000000000008
 40
0.3750000000000008
 40
0.5000000000000007
 40
0.5000000000000007
 40
0.6250000000000005
 40
0.6250000000000005
 40
0.7500000000000004
 40
0.7500000000000004
 40
0.8750000000000001
 40
0.8750000000000001
 40
1.0
 40
1.0
 40
1.0
 40
1.0
 10
-49.02701915690045
 20
1.972759853317256
 30
0.0
 10
-49.02701915690045
 20
2.599270460423213
 30
0.0
 10
-49.02701915690045
 20
3.175820290251067
 30
0.0
 10
-49.02701915690045
 20
3.966770838056618
 30
0.0
 10
-49.02701915690045
 20
4.215408948140975
 30
0.0
 10
-49.02701915690045
 20
4.671197857394872
 30
0.0
 10
-49.02701915690045
 20
4.880364664186345
 30
0.0
 10
-49.02701915690045
 20
5.260723473475081
 30
0.0
 10
-49.02701915690045
 20
5.431880409618315
 30
0.0
 10
-49.02701915690045
 20
5.724156401965956
 30
0.0
 10
-49.02701915690409
 20
5.846997885275413
 30
0.0
 10
-49.02701915690409
 20
6.046117811452859
 30
0.0
 10
-49.02701915690045
 20
6.122626157532067
 30
0.0
 10
-49.02701915690045
 20
6.223701995093506
 30
0.0
 10
-49.02701915690409
 20
6.249038620899227
 30
0.0
 10
-49.02701915690045
 20
6.248733866481416
 30
0.0
  0
ARC
  5
6EB
330
23F
100
AcDbEntity
  8
xian
 62
    18
420
        0
370
     0
100
AcDbCircle
 10
-48.86701845717539
 20
6.248733123615238
 30
0.0
 40
0.16000069972713
100
AcDbArc
 50
92.00024197240111
 51
179.9998301665792
  0
ARC
  5
6EC
330
23F
100
AcDbEntity
  8
xian
 62
    18
420
        0
370
     0
100
AcDbCircle
 10
-50.3572634012678
 20
1.841043705360789
 30
0.0
 40
0.1852368937955754
100
AcDbArc
 50
45.32193025568009
 51
100.8726400073003
  0
ARC
  5
6ED
330
23F
100
AcDbEntity
  8
xian
 62
    18
420
        0
370
     0
100
AcDbCircle
 10
-50.3572634012678
 20
-2.215523998727803
 30
0.0
 40
0.1852368937950904
100
AcDbArc
 50
259.1273599926997
 51
314.6780697444673
  0
ARC
  5
6EE
330
23F
100
AcDbEntity
  8
xian
 62
    18
420
        0
370
     0
100
AcDbCircle
 10
50.70322383298776
 20
1.841054407575938
 30
0.0
 40
0.1852284022545463
100
AcDbArc
 50
79.12632588518526
 51
134.6801216072789
  0
ARC
  5
6EF
330
23F
100
AcDbEntity
  8
xian
 62
    18
420
        0
370
     0
100
AcDbCircle
 10
50.70322197907376
 20
-2.21573044984143
 30
0.0
 40
0.1850879629055286
100
AcDbArc
 50
225.2776785118916
 51
280.88367422333
  0
SPLINE
  5
6F0
330
23F
100
AcDbEntity
  8
xian
 62
    18
420
        0
370
     0
100
AcDbSpline
210
0.0
220
0.0
230
1.0
 70
     8
 71
     3
 72
    10
 73
     6
 74
     0
 42
0.00000001
 43
0.0000000001
 40
0.0
 40
0.0
 40
0.0
 40
0.0
 40
0.5
 40
0.5
 40
1.0
 40
1.0
 40
1.0
 40
1.0
 10
50.73765118395318
 20
-6.73006893596721
 30
0.0
 10
50.69735530081311
 20
-6.73147609980333
 30
0.0
 10
50.65742977366904
 20
-6.71721499724299
 30
0.0
 10
50.5970943104287
 20
-6.664909971123051
 30
0.0
 10
50.57728327089285
 20
-6.627328322078028
 30
0.0
 10
50.57298084251238
 20
-6.587240146551266
 30
0.0
  0
SPLINE
  5
6F1
330
23F
100
AcDbEntity
  8
xian
 62
    18
420
        0
370
     0
100
AcDbSpline
210
0.0
220
0.0
230
1.0
 70
     8
 71
     3
 72
    10
 73
     6
 74
     0
 42
0.00000001
 43
0.0000000001
 40
0.0
 40
0.0
 40
0.0
 40
0.0
 40
0.5
 40
0.5
 40
1.0
 40
1.0
 40
1.0
 40
1.0
 10
50.73765118395318
 20
6.355588642600196
 30
0.0
 10
50.69735530089315
 20
6.356995806434497
 30
0.0
 10
50.65742977384002
 20
6.342734703941459
 30
0.0
 10
50.59709431062879
 20
6.290429678008877
 30
0.0
 10
50.57728327107111
 20
6.252848029818778
 30
0.0
 10
50.57298084253784
 20
6.212759853413444
 30
0.0
  0
SPLINE
  5
6F2
330
23F
100
AcDbEntity
  8
xian
 62
    18
420
        0
370
     0
100
AcDbSpline
210
0.0
220
0.0
230
1.0
 70
     8
 71
     3
 72
    10
 73
     6
 74
     0
 42
0.00000001
 43
0.0000000001
 40
0.0
 40
0.0
 40
0.0
 40
0.0
 40
0.5
 40
0.5
 40
1.0
 40
1.0
 40
1.0
 40
1.0
 10
-50.39168949832742
 20
-6.730068935965391
 30
0.0
 10
-50.35139361516553
 20
-6.731476099805149
 30
0.0
 10
-50.31146808800326
 20
-6.717214997228438
 30
0.0
 10
-50.25113262474838
 20
-6.664909971055749
 30
0.0
 10
-50.23132158520889
 20
-6.627328321312234
 30
0.0
 10
-50.22701915689754
 20
-6.587240146647673
 30
0.0
  0
SPLINE
  5
6F3
330
23F
100
AcDbEntity
  8
xian
 62
    18
420
        0
370
     0
100
AcDbSpline
210
0.0
220
0.0
230
1.0
 70
     8
 71
     3
 72
    10
 73
     6
 74
     0
 42
0.00000001
 43
0.0000000001
 40
0.0
 40
0.0
 40
0.0
 40
0.0
 40
0.5
 40
0.5
 40
1.0
 40
1.0
 40
1.0
 40
1.0
 10
-50.39168949832742
 20
6.355588642598377
 30
0.0
 10
-50.3513936151619
 20
6.356995806438135
 30
0.0
 10
-50.31146808799599
 20
6.342734703857786
 30
0.0
 10
-50.25113262474111
 20
6.290429677676002
 30
0.0
 10
-50.23132158520161
 20
6.25284802792521
 30
0.0
 10
-50.22701915689754
 20
6.212759853257011
 30
0.0
  0
ELLIPSE
  5
6F4
330
23F
100
AcDbEntity
  8
xian
 62
    18
420
        0
370
     0
100
AcDbEllipse
 10
23.22793854697307
 20
-7.905735710397493
 30
0.0
 11
1.049373968997542
 21
2.02996805358066
 31
0.0
210
0.0
220
0.0
230
1.0
 40
0.6532076275023086
 41
2.655279985778443
 42
2.744789065488461
  0
SPLINE
  5
6F5
330
23F
100
AcDbEntity
  8
xian
 62
    18
420
        0
370
     0
100
AcDbSpline
210
0.0
220
0.0
230
1.0
 70
     8
 71
     3
 72
     8
 73
     4
 74
     0
 42
0.00000001
 43
0.0000000001
 40
0.0
 40
0.0
 40
0.0
 40
0.0
 40
1.0
 40
1.0
 40
1.0
 40
1.0
 10
21.74764125624211
 20
-9.513066407838778
 30
0.0
 10
21.79530231933973
 20
-9.500072989465479
 30
0.0
 10
21.84230016104925
 20
-9.46724550840554
 30
0.0
 10
21.86937566708298
 20
-9.428036246436022
 30
0.0
  0
ELLIPSE
  5
6F6
330
23F
100
AcDbEntity
  8
xian
 62
    18
420
        0
370
     0
100
AcDbEllipse
 10
-22.88197686128183
 20
-7.905735710397493
 30
0.0
 11
-1.04937396899686
 21
2.029968053580773
 31
0.0
210
0.0
220
0.0
230
1.0
 40
0.6532076275023006
 41
3.536930247214651
 42
3.627905321401453
  0
SPLINE
  5
6F7
330
23F
100
AcDbEntity
  8
xian
 62
    18
420
        0
370
     0
100
AcDbSpline
210
0.0
220
0.0
230
1.0
 70
     8
 71
     3
 72
     8
 73
     4
 74
     0
 42
0.00000001
 43
0.0000000001
 40
0.0
 40
0.0
 40
0.0
 40
0.0
 40
1.0
 40
1.0
 40
1.0
 40
1.0
 10
-21.52341421277447
 20
-9.428036617520774
 30
0.0
 10
-21.49673807186332
 20
-9.46788637526879
 30
0.0
 10
-21.450149301382
 20
-9.501441850256014
 30
0.0
 10
-21.40287947725369
 20
-9.515141592353757
 30
0.0
  0
ELLIPSE
  5
6F8
330
23F
100
AcDbEntity
  8
xian
 62
    18
420
        0
370
     0
100
AcDbEllipse
 10
-22.96170024909293
 20
-7.905735710397493
 30
0.0
 11
-1.253668635351459
 21
2.141970965653513
 31
0.0
210
0.0
220
0.0
230
1.0
 40
0.0405539731022819
 41
3.171027483059023
 42
3.195372949513275
  0
SPLINE
  5
6F9
330
23F
100
AcDbEntity
  8
xian
 62
    18
420
        0
370
     0
100
AcDbSpline
210
0.0
220
0.0
230
1.0
 70
     8
 71
     3
 72
    10
 73
     6
 74
     0
 42
0.00000001
 43
0.0000000001
 40
0.0
 40
0.0
 40
0.0
 40
0.0
 40
0.5
 40
0.5
 40
1.0
 40
1.0
 40
1.0
 40
1.0
 10
-21.40291452057204
 20
-9.51513274348872
 30
0.0
 10
-21.49286323001502
 20
-9.660553645848267
 30
0.0
 10
-21.56615738221149
 20
-9.781210201714202
 30
0.0
 10
-21.67245133511528
 20
-9.964943239212516
 30
0.0
 10
-21.70244847130084
 20
-10.02341646927016
 30
0.0
 10
-21.70517436866498
 20
-10.04187685069882
 30
0.0
  0
ELLIPSE
  5
6FA
330
23F
100
AcDbEntity
  8
xian
 62
    18
420
        0
370
     0
100
AcDbEllipse
 10
-4.901389213468746
 20
-7.905735710397493
 30
0.0
 11
0.9416950405959598
 21
2.142155318299387
 31
0.0
210
0.0
220
0.0
230
1.0
 40
0.0449911438317061
 41
2.349407228268405
 42
3.108202153602901
  0
LINE
  5
6FB
330
23F
100
AcDbEntity
  8
xian
 62
    18
420
        0
370
     0
100
AcDbLine
 10
-5.845776855185931
 20
-10.04528254412253
 30
0.0
 11
-21.7060181695349
 21
-10.04528254412253
 31
0.0
  0
SPLINE
  5
6FC
330
23F
100
AcDbEntity
  8
xian
 62
    18
420
        0
370
     0
100
AcDbSpline
210
0.0
220
0.0
230
1.0
 70
     8
 71
     3
 72
    12
 73
     8
 74
     0
 42
0.00000001
 43
0.0000000001
 40
0.0
 40
0.0
 40
0.0
 40
0.0
 40
0.2499999999999981
 40
0.2499999999999981
 40
0.4999999999999963
 40
0.4999999999999963
 40
1.0
 40
1.0
 40
1.0
 40
1.0
 10
22.05114000061008
 20
-10.04190367914452
 30
0.0
 10
22.04978632816278
 20
-10.03266494020863
 30
0.0
 10
22.04162258423389
 20
-10.01368367960822
 30
0.0
 10
22.01295603084805
 20
-9.957385094157871
 30
0.0
 10
21.99213505011289
 20
-9.919540942026287
 30
0.0
 10
21.91286806973881
 20
-9.782465086578667
 30
0.0
 10
21.8376483339955
 20
-9.659274012650712
 30
0.0
 10
21.74760659769459
 20
-9.513075740533167
 30
0.0
  0
ELLIPSE
  5
6FD
330
23F
100
AcDbEntity
  8
xian
 62
    18
420
        0
370
     0
100
AcDbEllipse
 10
23.30766193478416
 20
-7.905735710397493
 30
0.0
 11
1.253668635352142
 21
2.1419709656534
 31
0.0
210
0.0
220
0.0
230
1.0
 40
0.0405539731021757
 41
3.087974236949842
 42
3.112157824133083
  0
LINE
  5
6FE
330
23F
100
AcDbEntity
  8
xian
 62
    18
420
        0
370
     0
100
AcDbLine
 10
22.05197985522614
 20
-10.04528254412253
 30
0.0
 11
6.191738540877167
 21
-10.04528254412253
 31
0.0
  0
ELLIPSE
  5
6FF
330
23F
100
AcDbEntity
  8
xian
 62
    18
420
        0
370
     0
100
AcDbEllipse
 10
5.247350899159982
 20
-7.905735710397493
 30
0.0
 11
-0.9416950405959598
 21
2.142155318299387
 31
0.0
210
0.0
220
0.0
230
1.0
 40
0.0449911438318146
 41
3.174983153588755
 42
3.933778078922373
  0
ARC
  5
700
330
23F
100
AcDbEntity
  8
xian
 62
    18
420
        0
370
     0
100
AcDbCircle
 10
-5.84607474314248
 20
-9.885025859015513
 30
0.0
 40
0.1602569619662566
100
AcDbArc
 50
270.1065022841799
 51
334.531878160363
  0
ARC
  5
701
330
23F
100
AcDbEntity
  8
xian
 62
    18
420
        0
370
     0
100
AcDbCircle
 10
6.192036428833716
 20
-9.885025859017332
 30
0.0
 40
0.1602569619656016
100
AcDbArc
 50
205.468121839526
 51
269.8934977161327
  0
SPLINE
  5
702
330
23F
100
AcDbEntity
  8
xian
 62
    18
420
        0
370
     0
100
AcDbSpline
210
0.0
220
0.0
230
1.0
 70
     8
 71
     3
 72
    14
 73
    10
 74
     0
 42
0.00000001
 43
0.0000000001
 40
0.0
 40
0.0
 40
0.0
 40
0.0
 40
0.25
 40
0.25
 40
0.5
 40
0.5
 40
0.75
 40
0.75
 40
1.0
 40
1.0
 40
1.0
 40
1.0
 10
21.86957036692843
 20
-9.427795719602727
 30
0.0
 10
21.91654931691232
 20
-9.502059848846329
 30
0.0
 10
21.95979856031704
 20
-9.571275476122536
 30
0.0
 10
22.03605549110875
 20
-9.694838666951909
 30
0.0
 10
22.06922156294172
 20
-9.749415650949231
 30
0.0
 10
22.12434685543417
 20
-9.843006561191941
 30
0.0
 10
22.14610356210983
 20
-9.881764282692529
 30
0.0
 10
22.17611949183561
 20
-9.939219553993098
 30
0.0
 10
22.18473139958519
 20
-9.958521263633883
 30
0.0
 10
22.18627052449597
 20
-9.967654536223562
 30
0.0
  0
SPLINE
  5
703
330
23F
100
AcDbEntity
  8
xian
 62
    18
420
        0
370
     0
100
AcDbSpline
210
0.0
220
0.0
230
1.0
 70
     8
 71
     3
 72
     8
 73
     4
 74
     0
 42
0.00000001
 43
0.0000000001
 40
0.0
 40
0.0
 40
0.0
 40
0.0
 40
1.0
 40
1.0
 40
1.0
 40
1.0
 10
22.05114000061008
 20
-10.04190367914452
 30
0.0
 10
22.10478247986907
 20
-10.04185296057039
 30
0.0
 10
22.15755291100072
 20
-10.01285759245729
 30
0.0
 10
22.18627052449597
 20
-9.967654536223562
 30
0.0
  0
SPLINE
  5
704
330
23F
100
AcDbEntity
  8
xian
 62
    18
420
        0
370
     0
100
AcDbSpline
210
0.0
220
0.0
230
1.0
 70
     8
 71
     3
 72
    10
 73
     6
 74
     0
 42
0.00000001
 43
0.0000000001
 40
0.0
 40
0.0
 40
0.0
 40
0.0
 40
0.5
 40
0.5
 40
1.0
 40
1.0
 40
1.0
 40
1.0
 10
-21.84030883880473
 20
-9.967654536223562
 30
0.0
 10
-21.83723864230774
 20
-9.949435732811252
 30
0.0
 10
-21.80567549430703
 20
-9.889264987701608
 30
0.0
 10
-21.69424595169108
 20
-9.700232087858239
 30
0.0
 10
-21.61732101027587
 20
-9.575935782168016
 30
0.0
 10
-21.52360868124083
 20
-9.427795719602727
 30
0.0
  0
SPLINE
  5
705
330
23F
100
AcDbEntity
  8
xian
 62
    18
420
        0
370
     0
100
AcDbSpline
210
0.0
220
0.0
230
1.0
 70
     8
 71
     3
 72
     8
 73
     4
 74
     0
 42
0.00000001
 43
0.0000000001
 40
0.0
 40
0.0
 40
0.0
 40
0.0
 40
1.0
 40
1.0
 40
1.0
 40
1.0
 10
-21.84030657744074
 20
-9.967641131817799
 30
0.0
 10
-21.81158894753457
 20
-10.01284390173714
 30
0.0
 10
-21.75881866604027
 20
-10.04183924938661
 30
0.0
 10
-21.7051763466377
 20
-10.04189027184475
 30
0.0
  0
SPLINE
  5
706
330
23F
100
AcDbEntity
  8
xian
 62
    18
420
        0
370
     0
100
AcDbSpline
210
0.0
220
0.0
230
1.0
 70
     8
 71
     3
 72
    11
 73
     7
 74
     0
 42
0.00000001
 43
0.0000000001
 40
0.0
 40
0.0
 40
0.0
 40
0.0
 40
0.000042541820323
 40
0.000042541820323
 40
0.000042541820323
 40
0.0000426018203228
 40
0.0000426018203228
 40
0.0000426018203228
 40
0.0000426018203228
 10
22.06538163663868
 20
-9.224601136378623
 30
0.0
 10
22.06111121273284
 20
-9.217089243180453
 30
0.0
 10
22.05673019424216
 20
-9.209615798270533
 30
0.0
 10
22.05224285519148
 20
-9.202182064660519
 30
0.0
 10
22.05223652635254
 20
-9.202171580294816
 30
0.0
 10
22.0522301970916
 20
-9.202161096072813
 30
0.0
 10
22.05222386803803
 20
-9.20215061179806
 30
0.0
  0
SPLINE
  5
707
330
23F
100
AcDbEntity
  8
xian
 62
    18
420
        0
370
     0
100
AcDbSpline
210
0.0
220
0.0
230
1.0
 70
     8
 71
     3
 72
    12
 73
     8
 74
     0
 42
0.00000001
 43
0.0000000001
 40
0.0
 40
0.0
 40
0.0
 40
0.0
 40
0.250000000000015
 40
0.250000000000015
 40
0.5000000000000301
 40
0.5000000000000301
 40
1.0
 40
1.0
 40
1.0
 40
1.0
 10
22.34489272600263
 20
-9.717191692165215
 30
0.0
 10
22.34168790154149
 20
-9.711526910608881
 30
0.0
 10
22.33253953900135
 20
-9.69554215601056
 30
0.0
 10
22.30413807309674
 20
-9.645378429026095
 30
0.0
 10
22.28486437936886
 20
-9.611174118139388
 30
0.0
 10
22.2113750705787
 20
-9.481525753444657
 30
0.0
 10
22.14503351555618
 20
-9.364712849062925
 30
0.0
 10
22.06538163663868
 20
-9.224601136378623
 30
0.0
  0
LINE
  5
708
330
23F
100
AcDbEntity
  8
xian
 62
    18
420
        0
370
     0
100
AcDbLine
 10
22.18627293431859
 20
-9.967650731134199
 30
0.0
 11
22.34489172161852
 21
-9.717193278078411
 31
0.0
  0
LINE
  5
709
330
23F
100
AcDbEntity
  8
xian
 62
    18
420
        0
370
     0
100
AcDbLine
 10
-21.99893104031139
 20
-9.717191692165215
 30
0.0
 11
-21.840311248631
 21
-9.96765073113238
 31
0.0
  0
SPLINE
  5
70A
330
23F
100
AcDbEntity
  8
xian
 62
    18
420
        0
370
     0
100
AcDbSpline
210
0.0
220
0.0
230
1.0
 70
     8
 71
     3
 72
    12
 73
     8
 74
     0
 42
0.00000001
 43
0.0000000001
 40
0.0
 40
0.0
 40
0.0
 40
0.0
 40
0.4999999999999515
 40
0.4999999999999515
 40
0.7499999999999757
 40
0.7499999999999757
 40
1.0
 40
1.0
 40
1.0
 40
1.0
 10
-21.71941995095108
 20
-9.224601136378623
 30
0.0
 10
-21.79907180509031
 20
-9.364712805481758
 30
0.0
 10
-21.86541360569458
 20
-9.481526140873029
 30
0.0
 10
-21.93890280985647
 20
-9.611174324161765
 30
0.0
 10
-21.95817646878345
 20
-9.645378573022753
 30
0.0
 10
-21.98657787831757
 20
-9.695542199913688
 30
0.0
 10
-21.99573156011388
 20
-9.711536358161538
 30
0.0
 10
-21.99893104031139
 20
-9.717191692165215
 30
0.0
  0
SPLINE
  5
70B
330
23F
100
AcDbEntity
  8
xian
 62
    18
420
        0
370
     0
100
AcDbSpline
210
0.0
220
0.0
230
1.0
 70
     8
 71
     3
 72
    11
 73
     7
 74
     0
 42
0.00000001
 43
0.0000000001
 40
-0.00000006
 40
-0.00000006
 40
-0.00000006
 40
-0.00000006
 40
0.0
 40
0.0
 40
0.0
 40
0.0000425418203228
 40
0.0000425418203228
 40
0.0000425418203228
 40
0.0000425418203228
 10
-21.70626218235043
 20
-9.20215061179806
 30
0.0
 10
-21.70626851140037
 20
-9.202161096072813
 30
0.0
 10
-21.70627484066131
 20
-9.202171580294816
 30
0.0
 10
-21.70628116950024
 20
-9.202182064660519
 30
0.0
 10
-21.71076850855093
 20
-9.209615798270533
 30
0.0
 10
-21.71514952704524
 20
-9.217089243180453
 30
0.0
 10
-21.71941995095108
 20
-9.224601136378623
 30
0.0
  0
SPLINE
  5
70C
330
23F
100
AcDbEntity
  8
xian
 62
    18
420
        0
370
     0
100
AcDbSpline
210
0.0
220
0.0
230
1.0
 70
     8
 71
     3
 72
    14
 73
    10
 74
     0
 42
0.00000001
 43
0.0000000001
 40
0.0
 40
0.0
 40
0.0
 40
0.0
 40
0.0000075655343225
 40
0.0000075655343225
 40
0.0000075655343225
 40
0.0000183081491478
 40
0.0000183081491478
 40
0.0000183081491478
 40
0.0000183681491476
 40
0.0000183681491476
 40
0.0000183681491476
 40
0.0000183681491476
 10
8.314647051272231
 20
8.91066089034939
 30
0.0
 10
8.314033690850237
 20
8.909275592024641
 30
0.0
 10
8.313423497532539
 20
8.907889454903852
 30
0.0
 10
8.312816483375399
 20
8.906502488198384
 30
0.0
 10
8.311954560088679
 20
8.9045330796107
 30
0.0
 10
8.311099042700561
 20
8.902561989107198
 30
0.0
 10
8.310249965113371
 20
8.900589243488866
 30
0.0
 10
8.310245222811545
 20
8.900578225231583
 30
0.0
 10
8.310240480844413
 20
8.900567206956111
 30
0.0
 10
8.31023573880816
 20
8.900556188558766
 30
0.0
  0
ARC
  5
70D
330
23F
100
AcDbEntity
  8
xian
 62
    18
420
        0
370
     0
100
AcDbCircle
 10
8.354018145211057
 20
8.733636695498717
 30
0.0
 40
0.1813495205410262
100
AcDbArc
 50
75.41908981162752
 51
102.5387954983924
  0
ARC
  5
70E
330
23F
100
AcDbEntity
  8
xian
 62
    18
420
        0
370
     0
100
AcDbCircle
 10
-8.008056459585304
 20
8.733636695498717
 30
0.0
 40
0.1813495205409769
100
AcDbArc
 50
77.46120450170936
 51
104.5809101884229
  0
SPLINE
  5
70F
330
23F
100
AcDbEntity
  8
xian
 62
    18
420
        0
370
     0
100
AcDbSpline
210
0.0
220
0.0
230
1.0
 70
     8
 71
     3
 72
    14
 73
    10
 74
     0
 42
0.00000001
 43
0.0000000001
 40
0.0
 40
0.0
 40
0.0
 40
0.0
 40
0.000007565534323
 40
0.000007565534323
 40
0.000007565534323
 40
0.0000183081491478
 40
0.0000183081491478
 40
0.0000183081491478
 40
0.0000183681491476
 40
0.0000183681491476
 40
0.0000183681491476
 40
0.0000183681491476
 10
-7.968685365646479
 20
8.91066089034939
 30
0.0
 10
-7.968072005224485
 20
8.909275592024641
 30
0.0
 10
-7.967461811906787
 20
8.907889454903852
 30
0.0
 10
-7.966854797746009
 20
8.906502488198384
 30
0.0
 10
-7.965992874462926
 20
8.9045330796107
 30
0.0
 10
-7.965137357074809
 20
8.902561989107198
 30
0.0
 10
-7.964288279487618
 20
8.900589243488866
 30
0.0
 10
-7.964283537182154
 20
8.900578225231583
 30
0.0
 10
-7.964278795284144
 20
8.900567206876075
 30
0.0
 10
-7.964274053182407
 20
8.900556188558766
 30
0.0
  0
SPLINE
  5
710
330
23F
100
AcDbEntity
  8
xian
 62
    18
420
        0
370
     0
100
AcDbSpline
210
0.0
220
0.0
230
1.0
 70
     8
 71
     3
 72
    11
 73
     7
 74
     0
 42
0.00000001
 43
0.0000000001
 40
0.0
 40
0.0
 40
0.0
 40
0.0
 40
0.0000100389223777
 40
0.0000100389223777
 40
0.0000100389223777
 40
0.0000199932553855
 40
0.0000199932553855
 40
0.0000199932553855
 40
0.0000199932553855
 10
8.399672328966744
 20
8.9091455103935
 30
0.0
 10
8.400443433259397
 20
8.911005745587317
 30
0.0
 10
8.401212757940129
 20
8.912862605588088
 30
0.0
 10
8.401980290181427
 20
8.914716060062346
 30
0.0
 10
8.40274135511504
 20
8.91655389713378
 30
0.0
 10
8.403500661198677
 20
8.918388394322391
 30
0.0
 10
8.40425819604502
 20
8.920219522040497
 30
0.0
  0
SPLINE
  5
711
330
23F
100
AcDbEntity
  8
xian
 62
    18
420
        0
370
     0
100
AcDbSpline
210
0.0
220
0.0
230
1.0
 70
     8
 71
     3
 72
    11
 73
     7
 74
     0
 42
0.00000001
 43
0.0000000001
 40
0.0
 40
0.0
 40
0.0
 40
0.0
 40
0.0000045234145975
 40
0.0000045234145975
 40
0.0000045234145975
 40
0.0000183236089544
 40
0.0000183236089544
 40
0.0000183236089544
 40
0.0000183236089544
 10
8.404318348136484
 20
8.920208233701487
 30
0.0
 10
8.404622679502836
 20
8.921048353560763
 30
0.0
 10
8.404925517919082
 20
8.921887966545909
 30
0.0
 10
8.405226862312019
 20
8.922727064500577
 30
0.0
 10
8.40614621005011
 20
8.925287002006371
 30
0.0
 10
8.407072662247855
 20
8.927838278719718
 30
0.0
 10
8.408006201777652
 20
8.930380820911523
 30
0.0
  0
LINE
  5
712
330
23F
100
AcDbEntity
  8
xian
 62
    18
420
        0
370
     0
100
AcDbLine
 10
8.408006201777652
 20
8.930380820911523
 30
0.0
 11
21.96262132633206
 21
8.930380820911523
 31
0.0
  0
SPLINE
  5
713
330
23F
100
AcDbEntity
  8
xian
 62
    18
420
        0
370
     0
100
AcDbSpline
210
0.0
220
0.0
230
1.0
 70
     8
 71
     3
 72
    10
 73
     6
 74
     0
 42
0.00000001
 43
0.0000000001
 40
0.0
 40
0.0
 40
0.0
 40
0.0
 40
0.5
 40
0.5
 40
1.0
 40
1.0
 40
1.0
 40
1.0
 10
22.43677563028109
 20
9.350209340058427
 30
0.0
 10
22.40577109716037
 20
9.295851664375732
 30
0.0
 10
22.34457273711019
 20
9.226538719794916
 30
0.0
 10
22.17877556840472
 20
9.081369323432227
 30
0.0
 10
22.07362781019697
 20
9.005189127103221
 30
0.0
 10
21.96262132633206
 20
8.930380820911523
 30
0.0
  0
SPLINE
  5
714
330
23F
100
AcDbEntity
  8
xian
 62
    18
420
        0
370
     0
100
AcDbSpline
210
0.0
220
0.0
230
1.0
 70
     8
 71
     3
 72
     8
 73
     4
 74
     0
 42
0.00000001
 43
0.0000000001
 40
0.0
 40
0.0
 40
0.0
 40
0.0
 40
1.0
 40
1.0
 40
1.0
 40
1.0
 10
22.43677563028109
 20
9.350209340058427
 30
0.0
 10
22.43783407111482
 20
9.352065016561027
 30
0.0
 10
22.43885858373983
 20
9.35390464525517
 30
0.0
 10
22.4398509644991
 20
9.355727703723459
 30
0.0
  0
ELLIPSE
  5
715
330
23F
100
AcDbEntity
  8
xian
 62
    18
420
        0
370
     0
100
AcDbEllipse
 10
21.21338129358196
 20
7.670607342090079
 30
0.0
 11
1.271851958170145
 21
1.799270283099872
 31
0.0
210
0.0
220
0.0
230
1.0
 40
0.0402946947064491
 41
5.952459720854296
 42
6.258494655451736
  0
LINE
  5
716
330
23F
100
AcDbEntity
  8
xian
 62
    18
420
        0
370
     0
100
AcDbLine
 10
35.41046133790883
 20
9.468063970185539
 30
0.0
 11
22.48663550920105
 21
9.468063970185539
 31
0.0
  0
SPLINE
  5
717
330
23F
100
AcDbEntity
  8
xian
 62
    18
420
        0
370
     0
100
AcDbSpline
210
0.0
220
0.0
230
1.0
 70
     8
 71
     3
 72
     8
 73
     4
 74
     0
 42
0.00000001
 43
0.0000000001
 40
0.0
 40
0.0
 40
0.0
 40
0.0
 40
0.0000131991711244
 40
0.0000131991711244
 40
0.0000131991711244
 40
0.0000131991711244
 10
35.41063565423906
 20
9.467471994788866
 30
0.0
 10
35.41051967298268
 20
9.46767953958988
 30
0.0
 10
35.41046151805427
 20
9.467876925398741
 30
0.0
 10
35.41046133790883
 20
9.468063970185539
 30
0.0
  0
SPLINE
  5
718
330
23F
100
AcDbEntity
  8
xian
 62
    18
420
        0
370
     0
100
AcDbSpline
210
0.0
220
0.0
230
1.0
 70
     8
 71
     3
 72
    12
 73
     8
 74
     0
 42
0.00000001
 43
0.0000000001
 40
0.0
 40
0.0
 40
0.0
 40
0.0
 40
0.249999999999992
 40
0.249999999999992
 40
0.4999999999999841
 40
0.4999999999999841
 40
1.0
 40
1.0
 40
1.0
 40
1.0
 10
35.41420299030438
 20
8.918403491616118
 30
0.0
 10
35.41812668912394
 20
8.99970065232992
 30
0.0
 10
35.42081472714495
 20
9.07244435020948
 30
0.0
 10
35.4240381205193
 20
9.201508347008712
 30
0.0
 10
35.42456294360386
 20
9.258231879712184
 30
0.0
 10
35.42309730207057
 20
9.399209524744946
 30
0.0
 10
35.4180736154151
 20
9.454161997951814
 30
0.0
 10
35.41063565423906
 20
9.467471994788866
 30
0.0
  0
ELLIPSE
  5
719
330
23F
100
AcDbEntity
  8
xian
 62
    18
420
        0
370
     0
100
AcDbEllipse
 10
-20.86741960795621
 20
7.670607342090079
 30
0.0
 11
-1.271851958170145
 21
1.799270283099872
 31
0.0
210
0.0
220
0.0
230
1.0
 40
0.0402946947063648
 41
0.0246906517282393
 42
0.3307255863242788
  0
SPLINE
  5
71A
330
23F
100
AcDbEntity
  8
xian
 62
    18
420
        0
370
     0
100
AcDbSpline
210
0.0
220
0.0
230
1.0
 70
     8
 71
     3
 72
     8
 73
     4
 74
     0
 42
0.00000001
 43
0.0000000001
 40
0.0
 40
0.0
 40
0.0
 40
0.0
 40
1.0
 40
1.0
 40
1.0
 40
1.0
 10
-22.09081394465534
 20
9.350209340058427
 30
0.0
 10
-22.09187238548907
 20
9.352065016561027
 30
0.0
 10
-22.09289689811408
 20
9.35390464525517
 30
0.0
 10
-22.09388927887335
 20
9.355727703723459
 30
0.0
  0
SPLINE
  5
71B
330
23F
100
AcDbEntity
  8
xian
 62
    18
420
        0
370
     0
100
AcDbSpline
210
0.0
220
0.0
230
1.0
 70
     8
 71
     3
 72
    10
 73
     6
 74
     0
 42
0.00000001
 43
0.0000000001
 40
0.0
 40
0.0
 40
0.0
 40
0.0
 40
0.5
 40
0.5
 40
1.0
 40
1.0
 40
1.0
 40
1.0
 10
-22.09081394465534
 20
9.350209340058427
 30
0.0
 10
-22.05980941153462
 20
9.295851664375732
 30
0.0
 10
-21.99861105148079
 20
9.226538719794916
 30
0.0
 10
-21.83281388277896
 20
9.081369323432227
 30
0.0
 10
-21.72766612456758
 20
9.005189127103221
 30
0.0
 10
-21.6166596407063
 20
8.930380820911523
 30
0.0
  0
LINE
  5
71C
330
23F
100
AcDbEntity
  8
xian
 62
    18
420
        0
370
     0
100
AcDbLine
 10
-8.0620445161519
 20
8.930380820911523
 30
0.0
 11
-21.6166596407063
 21
8.930380820911523
 31
0.0
  0
SPLINE
  5
71D
330
23F
100
AcDbEntity
  8
xian
 62
    18
420
        0
370
     0
100
AcDbSpline
210
0.0
220
0.0
230
1.0
 70
     8
 71
     3
 72
    11
 73
     7
 74
     0
 42
0.00000001
 43
0.0000000001
 40
0.0
 40
0.0
 40
0.0
 40
0.0
 40
0.0000045234145975
 40
0.0000045234145975
 40
0.0000045234145975
 40
0.0000183236089544
 40
0.0000183236089544
 40
0.0000183236089544
 40
0.0000183236089544
 10
-8.058356662507094
 20
8.920208233701487
 30
0.0
 10
-8.058660993877083
 20
8.921048353560763
 30
0.0
 10
-8.058963832293329
 20
8.921887966545909
 30
0.0
 10
-8.059265176682629
 20
8.922727064500577
 30
0.0
 10
-8.060184524420719
 20
8.925287002006371
 30
0.0
 10
-8.061110976622103
 20
8.927838278719718
 30
0.0
 10
-8.0620445161519
 20
8.930380820911523
 30
0.0
  0
SPLINE
  5
71E
330
23F
100
AcDbEntity
  8
xian
 62
    18
420
        0
370
     0
100
AcDbSpline
210
0.0
220
0.0
230
1.0
 70
     8
 71
     3
 72
    11
 73
     7
 74
     0
 42
0.00000001
 43
0.0000000001
 40
0.0
 40
0.0
 40
0.0
 40
0.0
 40
0.0000100389223772
 40
0.0000100389223772
 40
0.0000100389223772
 40
0.0000199932553855
 40
0.0000199932553855
 40
0.0000199932553855
 40
0.0000199932553855
 10
-8.053710643340991
 20
8.9091455103935
 30
0.0
 10
-8.054481747633644
 20
8.911005745587317
 30
0.0
 10
-8.055251072314376
 20
8.912862605588088
 30
0.0
 10
-8.056018604552036
 20
8.914716060062346
 30
0.0
 10
-8.056779669485649
 20
8.91655389713378
 30
0.0
 10
-8.057538975572924
 20
8.918388394322391
 30
0.0
 10
-8.058296510419268
 20
8.920219522040497
 30
0.0
  0
SPLINE
  5
71F
330
23F
100
AcDbEntity
  8
xian
 62
    18
420
        0
370
     0
100
AcDbSpline
210
0.0
220
0.0
230
1.0
 70
     8
 71
     3
 72
    12
 73
     8
 74
     0
 42
0.00000001
 43
0.0000000001
 40
0.0
 40
0.0
 40
0.0
 40
0.0
 40
0.250000000000008
 40
0.250000000000008
 40
0.500000000000016
 40
0.500000000000016
 40
1.0
 40
1.0
 40
1.0
 40
1.0
 10
-35.06824130467862
 20
8.918403491616118
 30
0.0
 10
-35.07216500349819
 20
8.99970065232992
 30
0.0
 10
-35.07485304151919
 20
9.07244435020948
 30
0.0
 10
-35.07807643488991
 20
9.201508347008712
 30
0.0
 10
-35.07860125797447
 20
9.258231879712184
 30
0.0
 10
-35.07713561644119
 20
9.399209524744946
 30
0.0
 10
-35.07211192978934
 20
9.454161997951814
 30
0.0
 10
-35.06467396861331
 20
9.467471994788866
 30
0.0
  0
SPLINE
  5
720
330
23F
100
AcDbEntity
  8
xian
 62
    18
420
        0
370
     0
100
AcDbSpline
210
0.0
220
0.0
230
1.0
 70
     8
 71
     3
 72
     8
 73
     4
 74
     0
 42
0.00000001
 43
0.0000000001
 40
0.0
 40
0.0
 40
0.0
 40
0.0
 40
0.0000131991711244
 40
0.0000131991711244
 40
0.0000131991711244
 40
0.0000131991711244
 10
-35.06467396861331
 20
9.467471994788866
 30
0.0
 10
-35.06455798735328
 20
9.46767953958988
 30
0.0
 10
-35.06449983242487
 20
9.467876925398741
 30
0.0
 10
-35.06449965227944
 20
9.468063970185539
 30
0.0
  0
LINE
  5
721
330
23F
100
AcDbEntity
  8
xian
 62
    18
420
        0
370
     0
100
AcDbLine
 10
-35.06449965227944
 20
9.468063970185539
 30
0.0
 11
-22.1406738235753
 21
9.468063970185539
 31
0.0
  0
SPLINE
  5
722
330
23F
100
AcDbEntity
  8
xian
 62
    18
420
        0
370
     0
100
AcDbSpline
210
0.0
220
0.0
230
1.0
 70
     8
 71
     3
 72
     8
 73
     4
 74
     0
 42
0.00000001
 43
0.0000000001
 40
0.0
 40
0.0
 40
0.0
 40
0.0
 40
1.0
 40
1.0
 40
1.0
 40
1.0
 10
-8.058356859601872
 20
8.920208777795778
 30
0.0
 10
-8.028266868420132
 20
8.927310033492176
 30
0.0
 10
-7.998179961545929
 20
8.927543876499839
 30
0.0
 10
-7.973274547942082
 20
8.921241627902418
 30
0.0
  0
SPLINE
  5
723
330
23F
100
AcDbEntity
  8
xian
 62
    18
420
        0
370
     0
100
AcDbSpline
210
0.0
220
0.0
230
1.0
 70
     8
 71
     3
 72
    14
 73
    10
 74
     0
 42
0.00000001
 43
0.0000000001
 40
-0.00000006
 40
-0.00000006
 40
-0.00000006
 40
-0.00000006
 40
0.0
 40
0.0
 40
0.0
 40
0.0000095866487491
 40
0.0000095866487491
 40
0.0000095866487491
 40
0.0000193156638053
 40
0.0000193156638053
 40
0.0000193156638053
 40
0.0000193156638053
 10
-7.973376326347306
 20
8.921265981860415
 30
0.0
 10
-7.973371506443754
 20
8.921255074767032
 30
0.0
 10
-7.973366686740291
 20
8.921244167620898
 30
0.0
 10
-7.973361866833101
 20
8.921233260314693
 30
0.0
 10
-7.972591754187988
 20
8.919490518588645
 30
0.0
 10
-7.971819867340627
 20
8.917744617187054
 30
0.0
 10
-7.971046218834771
 20
8.915995583904077
 30
0.0
 10
-7.97026108132627
 20
8.914220576754814
 30
0.0
 10
-7.969474125854276
 20
8.91244233589532
 30
0.0
 10
-7.968685365646479
 20
8.91066089034939
 30
0.0
  0
SPLINE
  5
724
330
23F
100
AcDbEntity
  8
xian
 62
    18
420
        0
370
     0
100
AcDbSpline
210
0.0
220
0.0
230
1.0
 70
     8
 71
     3
 72
    14
 73
    10
 74
     0
 42
0.00000001
 43
0.0000000001
 40
-0.00000006
 40
-0.00000006
 40
-0.00000006
 40
-0.00000006
 40
0.0
 40
0.0
 40
0.0
 40
0.0000095866487497
 40
0.0000095866487497
 40
0.0000095866487497
 40
0.0000193156638053
 40
0.0000193156638053
 40
0.0000193156638053
 40
0.0000193156638053
 10
8.319338011976697
 20
8.921265981860415
 30
0.0
 10
8.319333192138628
 20
8.921255074817963
 30
0.0
 10
8.319328372369682
 20
8.921244167620898
 30
0.0
 10
8.319323552462492
 20
8.921233260314693
 30
0.0
 10
8.318553439817378
 20
8.919490518588645
 30
0.0
 10
8.31778155296638
 20
8.917744617187054
 30
0.0
 10
8.317007904460524
 20
8.915995583904077
 30
0.0
 10
8.316222766952023
 20
8.914220576754814
 30
0.0
 10
8.315435811480028
 20
8.91244233589532
 30
0.0
 10
8.314647051272231
 20
8.91066089034939
 30
0.0
  0
SPLINE
  5
725
330
23F
100
AcDbEntity
  8
xian
 62
    18
420
        0
370
     0
100
AcDbSpline
210
0.0
220
0.0
230
1.0
 70
     8
 71
     3
 72
     8
 73
     4
 74
     0
 42
0.00000001
 43
0.0000000001
 40
0.0
 40
0.0
 40
0.0
 40
0.0
 40
1.0
 40
1.0
 40
1.0
 40
1.0
 10
8.319338875872972
 20
8.921267942088888
 30
0.0
 10
8.344253980197436
 20
8.927655644731203
 30
0.0
 10
8.374226419931119
 20
8.927286699796241
 30
0.0
 10
8.404259497470093
 20
8.920222667884445
 30
0.0
  0
ARC
  5
726
330
23F
100
AcDbEntity
  8
xian
 62
    18
420
        0
370
     0
100
AcDbCircle
 10
-8.022078158130852
 20
8.751973184678718
 30
0.0
 40
0.1828294134961413
100
AcDbArc
 50
75.47584940515981
 51
102.6267688233688
  0
SPLINE
  5
727
330
23F
100
AcDbEntity
  8
xian
 62
    18
420
        0
370
     0
100
AcDbSpline
210
0.0
220
0.0
230
1.0
 70
     8
 71
     3
 72
    11
 73
     7
 74
     0
 42
0.00000001
 43
0.0000000001
 40
0.0
 40
0.0
 40
0.0
 40
0.0
 40
0.0000140198540593
 40
0.0000140198540593
 40
0.0000140198540593
 40
0.000014079854059
 40
0.000014079854059
 40
0.000014079854059
 40
0.000014079854059
 10
-7.976226723626268
 20
8.928959738950652
 30
0.0
 10
-7.975240220963996
 20
8.926407388695224
 30
0.0
 10
-7.974260305979214
 20
8.923845667142813
 30
0.0
 10
-7.973287043235131
 20
8.921274637694295
 30
0.0
 10
-7.97328287801497
 20
8.921263634601928
 30
0.0
 10
-7.973278712907585
 20
8.921252631333118
 30
0.0
 10
-7.973274547942082
 20
8.921241627902418
 30
0.0
  0
SPLINE
  5
728
330
23F
100
AcDbEntity
  8
xian
 62
    18
420
        0
370
     0
100
AcDbSpline
210
0.0
220
0.0
230
1.0
 70
     8
 71
     3
 72
    11
 73
     7
 74
     0
 42
0.00000001
 43
0.0000000001
 40
0.0
 40
0.0
 40
0.0
 40
0.0
 40
0.0000140198540594
 40
0.0000140198540594
 40
0.0000140198540594
 40
0.0000140798540592
 40
0.0000140798540592
 40
0.0000140798540592
 40
0.0000140798540592
 10
8.322188409252021
 20
8.928959738950652
 30
0.0
 10
8.321201906593387
 20
8.926407388695224
 30
0.0
 10
8.320221991608605
 20
8.923845667142813
 30
0.0
 10
8.319248728860884
 20
8.921274637694295
 30
0.0
 10
8.319244563640722
 20
8.921263634601928
 30
0.0
 10
8.319240398667943
 20
8.921252631313109
 30
0.0
 10
8.319236233567835
 20
8.921241627902418
 30
0.0
  0
ARC
  5
729
330
23F
100
AcDbEntity
  8
xian
 62
    18
420
        0
370
     0
100
AcDbCircle
 10
8.368039843756605
 20
8.751973184691451
 30
0.0
 40
0.1828294134844676
100
AcDbArc
 50
77.37323117609992
 51
104.5241505954847
  0
SPLINE
  5
72A
330
23F
100
AcDbEntity
  8
xian
 62
    18
420
        0
370
     0
100
AcDbSpline
210
0.0
220
0.0
230
1.0
 70
     8
 71
     3
 72
    10
 73
     6
 74
     0
 42
0.00000001
 43
0.0000000001
 40
0.0
 40
0.0
 40
0.0
 40
0.0
 40
0.5
 40
0.5
 40
1.0
 40
1.0
 40
1.0
 40
1.0
 10
41.34325587830903
 20
8.447946392161611
 30
0.0
 10
41.33404133422596
 20
8.439130418606509
 30
0.0
 10
41.30479022703298
 20
8.407154791797438
 30
0.0
 10
41.21329108263603
 20
8.301288475464389
 30
0.0
 10
41.15293540694188
 20
8.229550687936352
 30
0.0
 10
41.07883987107856
 20
8.141883058842722
 30
0.0
  0
SPLINE
  5
72B
330
23F
100
AcDbEntity
  8
xian
 62
    18
420
        0
370
     0
100
AcDbSpline
210
0.0
220
0.0
230
1.0
 70
     8
 71
     3
 72
     8
 73
     4
 74
     0
 42
0.00000001
 43
0.0000000001
 40
0.0
 40
0.0
 40
0.0
 40
0.0
 40
0.0001452243030591
 40
0.0001452243030591
 40
0.0001452243030591
 40
0.0001452243030591
 10
41.07849663565434
 20
8.141462151805171
 30
0.0
 10
41.0632215883445
 20
8.122718142889425
 30
0.0
 10
41.04830846205664
 20
8.102882034072536
 30
0.0
 10
41.03382641539724
 20
8.08196871909422
 30
0.0
  0
SPLINE
  5
72C
330
23F
100
AcDbEntity
  8
xian
 62
    18
420
        0
370
     0
100
AcDbSpline
210
0.0
220
0.0
230
1.0
 70
     8
 71
     3
 72
     8
 73
     4
 74
     0
 42
0.00000001
 43
0.0000000001
 40
0.0
 40
0.0
 40
0.0
 40
0.0
 40
1.0
 40
1.0
 40
1.0
 40
1.0
 10
41.34325587830903
 20
8.447946392161611
 30
0.0
 10
39.36402565644971
 20
8.789243353125129
 30
0.0
 10
37.38675616385376
 20
9.128754160599783
 30
0.0
 10
35.41063565423906
 20
9.467471994788866
 30
0.0
  0
SPLINE
  5
72D
330
23F
100
AcDbEntity
  8
xian
 62
    18
420
        0
370
     0
100
AcDbSpline
210
0.0
220
0.0
230
1.0
 70
     8
 71
     3
 72
     8
 73
     4
 74
     0
 42
0.00000001
 43
0.0000000001
 40
0.0
 40
0.0
 40
0.0
 40
0.0
 40
0.0001452243030583
 40
0.0001452243030583
 40
0.0001452243030583
 40
0.0001452243030583
 10
-40.73253495002859
 20
8.141462151805171
 30
0.0
 10
-40.71725990271511
 20
8.122718142889425
 30
0.0
 10
-40.70234677643088
 20
8.102882034072536
 30
0.0
 10
-40.68786472976785
 20
8.08196871909422
 30
0.0
  0
SPLINE
  5
72E
330
23F
100
AcDbEntity
  8
xian
 62
    18
420
        0
370
     0
100
AcDbSpline
210
0.0
220
0.0
230
1.0
 70
     8
 71
     3
 72
    10
 73
     6
 74
     0
 42
0.00000001
 43
0.0000000001
 40
0.0
 40
0.0
 40
0.0
 40
0.0
 40
0.5
 40
0.5
 40
1.0
 40
1.0
 40
1.0
 40
1.0
 10
-40.99729419268328
 20
8.447946392161611
 30
0.0
 10
-40.98807964859656
 20
8.439130418606509
 30
0.0
 10
-40.95882854140358
 20
8.407154791797438
 30
0.0
 10
-40.86732939700664
 20
8.301288475464389
 30
0.0
 10
-40.80697372131249
 20
8.229550687936352
 30
0.0
 10
-40.73287818545281
 20
8.141883058842722
 30
0.0
  0
SPLINE
  5
72F
330
23F
100
AcDbEntity
  8
xian
 62
    18
420
        0
370
     0
100
AcDbSpline
210
0.0
220
0.0
230
1.0
 70
     8
 71
     3
 72
     8
 73
     4
 74
     0
 42
0.00000001
 43
0.0000000001
 40
0.0
 40
0.0
 40
0.0
 40
0.0
 40
1.0
 40
1.0
 40
1.0
 40
1.0
 10
-40.99729419268328
 20
8.447946392161611
 30
0.0
 10
-39.01806397082396
 20
8.789243353125129
 30
0.0
 10
-37.04079447822801
 20
9.12875416058705
 30
0.0
 10
-35.06467396861331
 20
9.467471994788866
 30
0.0
  0
ELLIPSE
  5
730
330
23F
100
AcDbEntity
  8
xian
 62
    18
420
        0
370
     0
100
AcDbEllipse
 10
21.2558216346763
 20
8.20251169981384
 30
0.0
 11
0.9310881973353842
 21
1.039247635593937
 31
0.0
210
0.0
220
0.0
230
1.0
 40
0.0424792076358115
 41
5.525650109652243
 42
6.2680590396741
  0
SPLINE
  5
731
330
23F
100
AcDbEntity
  8
xian
 62
    18
420
        0
370
     0
100
AcDbSpline
210
0.0
220
0.0
230
1.0
 70
     8
 71
     3
 72
    10
 73
     6
 74
     0
 42
0.00000001
 43
0.0000000001
 40
0.0
 40
0.0
 40
0.0
 40
0.0
 40
0.5
 40
0.5
 40
1.0
 40
1.0
 40
1.0
 40
1.0
 10
8.408006201777652
 20
8.930380820911523
 30
0.0
 10
8.438929436516673
 20
9.021067267229227
 30
0.0
 10
8.463918798038548
 20
9.095647870955872
 30
0.0
 10
8.495528508038887
 20
9.202972163457161
 30
0.0
 10
8.501632380593264
 20
9.234096648049671
 30
0.0
 10
8.499507201827555
 20
9.241042196046691
 30
0.0
  0
LINE
  5
732
330
23F
100
AcDbEntity
  8
xian
 62
    18
420
        0
370
     0
100
AcDbLine
 10
22.18747106074011
 20
9.241042196046691
 30
0.0
 11
8.499511930308699
 21
9.241042196046691
 31
0.0
  0
SPLINE
  5
733
330
23F
100
AcDbEntity
  8
xian
 62
    18
420
        0
370
     0
100
AcDbSpline
210
0.0
220
0.0
230
1.0
 70
     8
 71
     3
 72
    10
 73
     6
 74
     0
 42
0.00000001
 43
0.0000000001
 40
0.0
 40
0.0
 40
0.0
 40
0.0
 40
0.5
 40
0.5
 40
1.0
 40
1.0
 40
1.0
 40
1.0
 10
-8.0620445161519
 20
8.930380820911523
 30
0.0
 10
-8.09296775089092
 20
9.021067267227408
 30
0.0
 10
-8.117957112412796
 20
9.095647870955872
 30
0.0
 10
-8.149566822413135
 20
9.202972163457161
 30
0.0
 10
-8.155670694963873
 20
9.234096648049671
 30
0.0
 10
-8.153545516198164
 20
9.241042196046691
 30
0.0
  0
SPLINE
  5
734
330
23F
100
AcDbEntity
  8
xian
 62
    18
420
        0
370
     0
100
AcDbSpline
210
0.0
220
0.0
230
1.0
 70
     8
 71
     3
 72
     8
 73
     4
 74
     0
 42
0.00000001
 43
0.0000000001
 40
0.0
 40
0.0
 40
0.0
 40
0.0
 40
1.0
 40
1.0
 40
1.0
 40
1.0
 10
-8.153554971883522
 20
9.241042198313152
 30
0.0
 10
-8.125445217218612
 20
9.24102029347523
 30
0.0
 10
-8.097371121625428
 20
9.233434823061543
 30
0.0
 10
-8.073074279157253
 20
9.219300276859939
 30
0.0
  0
SPLINE
  5
735
330
23F
100
AcDbEntity
  8
xian
 62
    18
420
        0
370
     0
100
AcDbSpline
210
0.0
220
0.0
230
1.0
 70
     8
 71
     3
 72
    10
 73
     6
 74
     0
 42
0.00000001
 43
0.0000000001
 40
0.0
 40
0.0
 40
0.0
 40
0.0
 40
0.5
 40
0.5
 40
1.0
 40
1.0
 40
1.0
 40
1.0
 10
-8.073070228806273
 20
9.219297915498827
 30
0.0
 10
-8.0753583655503
 20
9.212718290531483
 30
0.0
 10
-8.068885204324715
 20
9.183516913795756
 30
0.0
 10
-8.03534451695009
 20
9.083065436567267
 30
0.0
 10
-8.008859620182875
 20
9.013389903508141
 30
0.0
 10
-7.976226723626268
 20
8.928959738950652
 30
0.0
  0
SPLINE
  5
736
330
23F
100
AcDbEntity
  8
xian
 62
    18
420
        0
370
     0
100
AcDbSpline
210
0.0
220
0.0
230
1.0
 70
     8
 71
     3
 72
    10
 73
     6
 74
     0
 42
0.00000001
 43
0.0000000001
 40
0.0
 40
0.0
 40
0.0
 40
0.0
 40
0.5
 40
0.5
 40
1.0
 40
1.0
 40
1.0
 40
1.0
 10
8.419031914432025
 20
9.219297915498827
 30
0.0
 10
8.421321065186248
 20
9.212719522247425
 30
0.0
 10
8.414846889950467
 20
9.183516913795756
 30
0.0
 10
8.381306202575842
 20
9.083065436567267
 30
0.0
 10
8.354821305812265
 20
9.013389903508141
 30
0.0
 10
8.322188409252021
 20
8.928959738950652
 30
0.0
  0
SPLINE
  5
737
330
23F
100
AcDbEntity
  8
xian
 62
    18
420
        0
370
     0
100
AcDbSpline
210
0.0
220
0.0
230
1.0
 70
     8
 71
     3
 72
     8
 73
     4
 74
     0
 42
0.00000001
 43
0.0000000001
 40
0.0
 40
0.0
 40
0.0
 40
0.0
 40
1.0
 40
1.0
 40
1.0
 40
1.0
 10
8.419031913686239
 20
9.219297917765288
 30
0.0
 10
8.443325567786132
 20
9.233436862616144
 30
0.0
 10
8.471398871820611
 20
9.241021426267252
 30
0.0
 10
8.499507204086739
 20
9.241042188657957
 30
0.0
  0
ELLIPSE
  5
738
330
23F
100
AcDbEntity
  8
xian
 62
    18
420
        0
370
     0
100
AcDbEllipse
 10
-20.90985994905054
 20
8.20251169981384
 30
0.0
 11
-0.931088197335157
 21
1.039247635593937
 31
0.0
210
0.0
220
0.0
230
1.0
 40
0.0424792076358162
 41
0.0151262675115214
 42
0.757535197526971
  0
LINE
  5
739
330
23F
100
AcDbEntity
  8
xian
 62
    18
420
        0
370
     0
100
AcDbLine
 10
-21.84150937511436
 20
9.241042196046691
 30
0.0
 11
-8.153550244679308
 21
9.241042196046691
 31
0.0
  0
ARC
  5
73A
330
23F
100
AcDbEntity
  8
xian
 62
    18
420
        0
370
     0
100
AcDbCircle
 10
-22.07625534099202
 20
9.204870585066601
 30
0.0
 40
0.1460661036762925
100
AcDbArc
 50
41.08590829930867
 51
95.72024485190985
  0
SPLINE
  5
73B
330
23F
100
AcDbEntity
  8
xian
 62
    18
420
        0
370
     0
100
AcDbSpline
210
0.0
220
0.0
230
1.0
 70
     8
 71
     3
 72
    10
 73
     6
 74
     0
 42
0.00000001
 43
0.0000000001
 40
0.0
 40
0.0
 40
0.0
 40
0.0
 40
0.5
 40
0.5
 40
1.0
 40
1.0
 40
1.0
 40
1.0
 10
-21.96616165988303
 20
9.300863751614087
 30
0.0
 10
-21.95086465716736
 20
9.269702879255419
 30
0.0
 10
-21.90789026603738
 20
9.218298145862718
 30
0.0
 10
-21.78519686223149
 20
9.09063634847007
 30
0.0
 10
-21.70462622227637
 20
9.013340174618861
 30
0.0
 10
-21.6166596407063
 20
8.930380820911523
 30
0.0
  0
ARC
  5
73C
330
23F
100
AcDbEntity
  8
xian
 62
    18
420
        0
370
     0
100
AcDbCircle
 10
-21.8412870630134
 20
9.401287394033715
 30
0.0
 40
0.1602453521957879
100
AcDbArc
 50
218.8060993699351
 51
269.9205122081267
  0
SPLINE
  5
73D
330
23F
100
AcDbEntity
  8
xian
 62
    18
420
        0
370
     0
100
AcDbSpline
210
0.0
220
0.0
230
1.0
 70
     8
 71
     3
 72
    10
 73
     6
 74
     0
 42
0.00000001
 43
0.0000000001
 40
0.0
 40
0.0
 40
0.0
 40
0.0
 40
0.5
 40
0.5
 40
1.0
 40
1.0
 40
1.0
 40
1.0
 10
22.31212334551242
 20
9.300863751614087
 30
0.0
 10
22.29682634279311
 20
9.269702879255419
 30
0.0
 10
22.25385195166314
 20
9.218298145862718
 30
0.0
 10
22.13115854785724
 20
9.09063634847007
 30
0.0
 10
22.05058790791668
 20
9.013340174609766
 30
0.0
 10
21.96262132633206
 20
8.930380820911523
 30
0.0
  0
ARC
  5
73E
330
23F
100
AcDbEntity
  8
xian
 62
    18
420
        0
370
     0
100
AcDbCircle
 10
22.42221702661777
 20
9.204870585066601
 30
0.0
 40
0.1460661036764734
100
AcDbArc
 50
84.27975514829755
 51
138.9140917006913
  0
ARC
  5
73F
330
23F
100
AcDbEntity
  8
xian
 62
    18
420
        0
370
     0
100
AcDbCircle
 10
22.18724874863915
 20
9.401287394035534
 30
0.0
 40
0.1602453521974117
100
AcDbArc
 50
270.0794877920296
 51
321.1939006298045
  0
LINE
  5
740
330
23F
100
AcDbEntity
  8
xian
 62
    18
420
        0
370
     0
100
AcDbLine
 10
-7.810505401423824
 20
8.882293552767805
 30
0.0
 11
-7.973325437142875
 21
8.921253804881416
 31
0.0
  0
SPLINE
  5
741
330
23F
100
AcDbEntity
  8
xian
 62
    18
420
        0
370
     0
100
AcDbSpline
210
0.0
220
0.0
230
1.0
 70
     8
 71
     3
 72
    23
 73
    19
 74
     0
 42
0.00000001
 43
0.0000000001
 40
-0.00000006
 40
-0.00000006
 40
-0.00000006
 40
-0.00000006
 40
0.0
 40
0.0
 40
0.0
 40
0.0000107765329666
 40
0.0000107765329666
 40
0.0000107765329666
 40
0.0000216137006336
 40
0.0000216137006336
 40
0.0000216137006336
 40
0.000032451421463
 40
0.000032451421463
 40
0.000032451421463
 40
0.0000339834677909
 40
0.0000339834677909
 40
0.0000339834677909
 40
0.0000340434677909
 40
0.0000340434677909
 40
0.0000340434677909
 40
0.0000340434677909
 10
-7.801398414606182
 20
8.863793636161062
 30
0.0
 10
-7.801403801379592
 20
8.863804558888659
 30
0.0
 10
-7.801409188233037
 20
8.863815481741767
 30
0.0
 10
-7.801414574926411
 20
8.863826404340215
 30
0.0
 10
-7.802382072936552
 20
8.865788200084352
 30
0.0
 10
-7.803346979614389
 20
8.867745863501113
 30
0.0
 10
-7.804309269628674
 20
8.869699345908884
 30
0.0
 10
-7.805276973970421
 20
8.87166381958923
 30
0.0
 10
-7.806242038809386
 20
8.873624078667489
 30
0.0
 10
-7.807204438308644
 20
8.87558007345251
 30
0.0
 10
-7.808166886920616
 20
8.877536168056394
 30
0.0
 10
-7.809126676628466
 20
8.879488011554713
 30
0.0
 10
-7.810083781500679
 20
8.881435554061681
 30
0.0
 10
-7.810219080617343
 20
8.881710864305205
 30
0.0
 10
-7.810354326153856
 20
8.881986088756093
 30
0.0
 10
-7.810489518041094
 20
8.882261227270646
 30
0.0
 10
-7.810494812584465
 20
8.882272002567333
 30
0.0
 10
-7.810500106960489
 20
8.882282777603904
 30
0.0
 10
-7.810505401423824
 20
8.882293552767805
 30
0.0
  0
SPLINE
  5
742
330
23F
100
AcDbEntity
  8
xian
 62
    18
420
        0
370
     0
100
AcDbSpline
210
0.0
220
0.0
230
1.0
 70
     8
 71
     3
 72
    23
 73
    19
 74
     0
 42
0.00000001
 43
0.0000000001
 40
-0.00000006
 40
-0.00000006
 40
-0.00000006
 40
-0.00000006
 40
0.0
 40
0.0
 40
0.0
 40
0.0000107765329666
 40
0.0000107765329666
 40
0.0000107765329666
 40
0.0000216137006336
 40
0.0000216137006336
 40
0.0000216137006336
 40
0.0000324514214629
 40
0.0000324514214629
 40
0.0000324514214629
 40
0.0000339834677915
 40
0.0000339834677915
 40
0.0000339834677915
 40
0.0000340434677909
 40
0.0000340434677909
 40
0.0000340434677909
 40
0.0000340434677909
 10
8.147360100231935
 20
8.863793636161062
 30
0.0
 10
8.147365486936223
 20
8.863804558981428
 30
0.0
 10
8.14737087385879
 20
8.863815481741767
 30
0.0
 10
8.147376260552164
 20
8.863826404340215
 30
0.0
 10
8.148343758565943
 20
8.865788200084352
 30
0.0
 10
8.149308665243779
 20
8.867745863501113
 30
0.0
 10
8.150270955258065
 20
8.869699345908884
 30
0.0
 10
8.151238659596174
 20
8.87166381958923
 30
0.0
 10
8.152203724435139
 20
8.873624078667489
 30
0.0
 10
8.153166123934397
 20
8.87558007345251
 30
0.0
 10
8.154128572550007
 20
8.877536168056394
 30
0.0
 10
8.155088362254218
 20
8.879488011552894
 30
0.0
 10
8.156045467126432
 20
8.881435554061681
 30
0.0
 10
8.156180766243096
 20
8.881710864305205
 30
0.0
 10
8.156316011779608
 20
8.881986088754274
 30
0.0
 10
8.156451203670485
 20
8.882261227270646
 30
0.0
 10
8.156456498213856
 20
8.882272002567333
 30
0.0
 10
8.156461792520758
 20
8.882282777696673
 30
0.0
 10
8.156467087053215
 20
8.882293552767805
 30
0.0
  0
LINE
  5
743
330
23F
100
AcDbEntity
  8
xian
 62
    18
420
        0
370
     0
100
AcDbLine
 10
8.156467087053215
 20
8.882293552767805
 30
0.0
 11
8.319287122768628
 21
8.921253804881416
 31
0.0
  0
SPLINE
  5
744
330
23F
100
AcDbEntity
  8
xian
 62
    18
420
        0
370
     0
100
AcDbSpline
210
0.0
220
0.0
230
1.0
 70
     8
 71
     3
 72
     8
 73
     4
 74
     0
 42
0.00000001
 43
0.0000000001
 40
0.0
 40
0.0
 40
0.0
 40
0.0
 40
1.0
 40
1.0
 40
1.0
 40
1.0
 10
41.02158119173623
 20
-7.663750363517465
 30
0.0
 10
40.99466495530873
 20
-7.605771678743622
 30
0.0
 10
40.95477048511315
 20
-7.550235809960213
 30
0.0
 10
40.92162370476876
 20
-7.519341749466548
 30
0.0
  0
SPLINE
  5
745
330
23F
100
AcDbEntity
  8
xian
 62
    18
420
        0
370
     0
100
AcDbSpline
210
0.0
220
0.0
230
1.0
 70
     8
 71
     3
 72
    14
 73
    10
 74
     0
 42
0.00000001
 43
0.0000000001
 40
0.0
 40
0.0
 40
0.0
 40
0.0
 40
0.0002812933032751
 40
0.0002812933032751
 40
0.0002812933032751
 40
0.000549396002813
 40
0.000549396002813
 40
0.000549396002813
 40
0.0005511658543259
 40
0.0005511658543259
 40
0.0005511658543259
 40
0.0005511658543259
 10
40.804868325514
 20
-7.943358672031536
 30
0.0
 10
40.84187685247093
 20
-7.895607227434084
 30
0.0
 10
40.87881398825925
 20
-7.847948958780762
 30
0.0
 10
40.9156785321677
 20
-7.800385445139909
 30
0.0
 10
40.95081440838043
 20
-7.755052299778981
 30
0.0
 10
40.98588457256414
 20
-7.709804932610495
 30
0.0
 10
41.02088798428235
 20
-7.664644716165639
 30
0.0
 10
41.02111905633797
 20
-7.664346594825474
 30
0.0
 10
41.02135012549047
 20
-7.664048477276082
 30
0.0
 10
41.02158119173623
 20
-7.663750363517465
 30
0.0
  0
ARC
  5
746
330
23F
100
AcDbEntity
  8
xian
 62
    18
420
        0
370
     0
100
AcDbCircle
 10
40.60068064805387
 20
-8.092122769787238
 30
0.0
 40
0.2526328648591169
100
AcDbArc
 50
36.07578973895425
 51
74.93210226656707
  0
SPLINE
  5
747
330
23F
100
AcDbEntity
  8
xian
 62
    18
420
        0
370
     0
100
AcDbSpline
210
0.0
220
0.0
230
1.0
 70
     8
 71
     3
 72
     8
 73
     4
 74
     0
 42
0.00000001
 43
0.0000000001
 40
0.0
 40
0.0
 40
0.0
 40
0.0
 40
1.0
 40
1.0
 40
1.0
 40
1.0
 10
44.14833714790733
 20
-7.118595877671396
 30
0.0
 10
43.10703357333045
 20
-7.304250854433121
 30
0.0
 10
42.06670091357159
 20
-7.489717062757335
 30
0.0
 10
41.02729010845291
 20
-7.674954186026297
 30
0.0
  0
SPLINE
  5
748
330
23F
100
AcDbEntity
  8
xian
 62
    18
420
        0
370
     0
100
AcDbSpline
210
0.0
220
0.0
230
1.0
 70
     8
 71
     3
 72
     8
 73
     4
 74
     0
 42
0.00000001
 43
0.0000000001
 40
0.0
 40
0.0
 40
0.0
 40
0.0
 40
0.0000161699903285
 40
0.0000161699903285
 40
0.0000161699903285
 40
0.0000161699903285
 10
41.02158119173623
 20
-7.663750363517465
 30
0.0
 10
41.02335935266387
 20
-7.667580595580147
 30
0.0
 10
41.02526880257141
 20
-7.671322248388605
 30
0.0
 10
41.02729010845291
 20
-7.674954186028116
 30
0.0
  0
ARC
  5
749
330
23F
100
AcDbEntity
  8
xian
 62
    18
420
        0
370
     0
100
AcDbCircle
 10
-40.25471896243175
 20
-8.092122769781781
 30
0.0
 40
0.2526328648530654
100
AcDbArc
 50
105.0678977323453
 51
143.9242102613062
  0
SPLINE
  5
74A
330
23F
100
AcDbEntity
  8
xian
 62
    18
420
        0
370
     0
100
AcDbSpline
210
0.0
220
0.0
230
1.0
 70
     8
 71
     3
 72
    14
 73
    10
 74
     0
 42
0.00000001
 43
0.0000000001
 40
0.0
 40
0.0
 40
0.0
 40
0.0
 40
0.0002812933032751
 40
0.0002812933032751
 40
0.0002812933032751
 40
0.000549396002813
 40
0.000549396002813
 40
0.000549396002813
 40
0.000551165854325
 40
0.000551165854325
 40
0.000551165854325
 40
0.000551165854325
 10
-40.45890663988461
 20
-7.943358672031536
 30
0.0
 10
-40.49591516684517
 20
-7.895607227434084
 30
0.0
 10
-40.5328523026335
 20
-7.847948958780762
 30
0.0
 10
-40.56971684654195
 20
-7.800385445139909
 30
0.0
 10
-40.60485272275468
 20
-7.755052299778981
 30
0.0
 10
-40.63992288693839
 20
-7.709804932610495
 30
0.0
 10
-40.6749262986566
 20
-7.664644716165639
 30
0.0
 10
-40.67515737071221
 20
-7.664346594825474
 30
0.0
 10
-40.67538843986471
 20
-7.664048477276082
 30
0.0
 10
-40.67561950611048
 20
-7.663750363517465
 30
0.0
  0
SPLINE
  5
74B
330
23F
100
AcDbEntity
  8
xian
 62
    18
420
        0
370
     0
100
AcDbSpline
210
0.0
220
0.0
230
1.0
 70
     8
 71
     3
 72
     8
 73
     4
 74
     0
 42
0.00000001
 43
0.0000000001
 40
0.0
 40
0.0
 40
0.0
 40
0.0
 40
1.0
 40
1.0
 40
1.0
 40
1.0
 10
-40.67561950611048
 20
-7.663750363517465
 30
0.0
 10
-40.64870326967934
 20
-7.605771678745441
 30
0.0
 10
-40.60880879949104
 20
-7.550235809956575
 30
0.0
 10
-40.575662019143
 20
-7.519341749466548
 30
0.0
  0
SPLINE
  5
74C
330
23F
100
AcDbEntity
  8
xian
 62
    18
420
        0
370
     0
100
AcDbSpline
210
0.0
220
0.0
230
1.0
 70
     8
 71
     3
 72
     8
 73
     4
 74
     0
 42
0.00000001
 43
0.0000000001
 40
0.0
 40
0.0
 40
0.0
 40
0.0
 40
0.0000161699903285
 40
0.0000161699903285
 40
0.0000161699903285
 40
0.0000161699903285
 10
-40.67561950611048
 20
-7.663750363517465
 30
0.0
 10
-40.67739766703448
 20
-7.667580595580147
 30
0.0
 10
-40.67930711694566
 20
-7.671322248388605
 30
0.0
 10
-40.68132842282716
 20
-7.674954186026297
 30
0.0
  0
SPLINE
  5
74D
330
23F
100
AcDbEntity
  8
xian
 62
    18
420
        0
370
     0
100
AcDbSpline
210
0.0
220
0.0
230
1.0
 70
     8
 71
     3
 72
     8
 73
     4
 74
     0
 42
0.00000001
 43
0.0000000001
 40
0.0
 40
0.0
 40
0.0
 40
0.0
 40
1.0
 40
1.0
 40
1.0
 40
1.0
 10
-43.80237546227795
 20
-7.118595877671396
 30
0.0
 10
-42.7610718877047
 20
-7.304250854454949
 30
0.0
 10
-41.72073922794583
 20
-7.489717062755516
 30
0.0
 10
-40.68132842282716
 20
-7.674954186026297
 30
0.0
  0
LINE
  5
74E
330
23F
100
AcDbEntity
  8
xian
 62
    18
420
        0
370
     0
100
AcDbLine
 10
-7.908727282855352
 20
9.123485750258623
 30
0.0
 11
-8.073070228806273
 21
9.219297915498827
 31
0.0
  0
LINE
  5
74F
330
23F
100
AcDbEntity
  8
xian
 62
    18
420
        0
370
     0
100
AcDbLine
 10
-7.871434199657187
 20
9.101743831071871
 30
0.0
 11
-7.908727282855352
 21
9.123485750258623
 31
0.0
  0
SPLINE
  5
750
330
23F
100
AcDbEntity
  8
xian
 62
    18
420
        0
370
     0
100
AcDbSpline
210
0.0
220
0.0
230
1.0
 70
     8
 71
     3
 72
    11
 73
     7
 74
     0
 42
0.00000001
 43
0.0000000001
 40
0.0
 40
0.0
 40
0.0
 40
0.0
 40
0.2493122203757077
 40
0.4999067054755239
 40
0.7577731700799088
 40
1.0
 40
1.0
 40
1.0
 40
1.0
 10
-7.810505401423824
 20
8.882293552767805
 30
0.0
 10
-7.81257356005949
 20
8.895668413864768
 30
0.0
 10
-7.816720514297003
 20
8.922486925757766
 30
0.0
 10
-7.823877384744946
 20
8.958971417257998
 30
0.0
 10
-7.832578457710724
 20
8.992675359317217
 30
0.0
 10
-7.840910401548853
 20
9.013184128889406
 30
0.0
 10
-7.844946089219547
 20
9.023117823848224
 30
0.0
  0
SPLINE
  5
751
330
23F
100
AcDbEntity
  8
xian
 62
    18
420
        0
370
     0
100
AcDbSpline
210
0.0
220
0.0
230
1.0
 70
     8
 71
     3
 72
    11
 73
     7
 74
     0
 42
0.00000001
 43
0.0000000001
 40
0.0
 40
0.0
 40
0.0
 40
0.0
 40
0.2490659207330029
 40
0.4998943417846327
 40
0.7450016081038486
 40
0.9999999999999998
 40
0.9999999999999998
 40
0.9999999999999998
 40
0.9999999999999998
 10
8.156467087049577
 20
8.88229355275871
 30
0.0
 10
8.158563958625791
 20
8.895608170763807
 30
0.0
 10
8.162772540166088
 20
8.922331626881714
 30
0.0
 10
8.169699970031842
 20
8.958375667227301
 30
0.0
 10
8.178362384994443
 20
8.992133117741104
 30
0.0
 10
8.186671200778846
 20
9.012654298683628
 30
0.0
 10
8.190907774848938
 20
9.023117823848224
 30
0.0
  0
LINE
  5
752
330
23F
100
AcDbEntity
  8
xian
 62
    18
420
        0
370
     0
100
AcDbLine
 10
8.21739588528294
 20
9.101743831071871
 30
0.0
 11
8.254688968481104
 21
9.123485750258623
 31
0.0
  0
LINE
  5
753
330
23F
100
AcDbEntity
  8
xian
 62
    18
420
        0
370
     0
100
AcDbLine
 10
8.254688968481104
 20
9.123485750258623
 30
0.0
 11
8.419031914432025
 21
9.219297915498827
 31
0.0
  0
ARC
  5
754
330
23F
100
AcDbEntity
  8
xian
 62
    18
420
        0
370
     0
100
AcDbCircle
 10
-21.90343968888988
 20
-9.374265663762344
 30
0.0
 40
0.2371976701165622
100
AcDbArc
 50
39.12169674668168
 51
74.21717170297296
  0
ARC
  5
755
330
23F
100
AcDbEntity
  8
xian
 62
    18
420
        0
370
     0
100
AcDbCircle
 10
22.24940137458839
 20
-9.374265663773257
 30
0.0
 40
0.2371976701295216
100
AcDbArc
 50
105.7828282977858
 51
140.8783032521707
  0
SPLINE
  5
756
330
23F
100
AcDbEntity
  8
xian
 62
    18
420
        0
370
     0
100
AcDbSpline
210
0.0
220
0.0
230
1.0
 70
     8
 71
     3
 72
    11
 73
     7
 74
     0
 42
0.00000001
 43
0.0000000001
 40
0.0000012095494271
 40
0.0000012095494271
 40
0.0000012095494271
 40
0.0000012095494271
 40
0.0000610459172033
 40
0.0000610459172033
 40
0.0000610459172033
 40
0.0001101536331403
 40
0.0001101536331403
 40
0.0001101536331403
 40
0.0001101536331403
 10
41.03284512818141
 20
-7.685830307289506
 30
0.0
 10
41.02501806696023
 20
-7.695887422323721
 30
0.0
 10
41.01718771109813
 20
-7.705948935557898
 30
0.0
 10
41.00935407222573
 20
-7.716014831417851
 30
0.0
 10
41.00292500325235
 20
-7.724275914144527
 30
0.0
 10
40.99649372143836
 20
-7.732539950800855
 30
0.0
 10
40.99006023321567
 20
-7.740806932783016
 30
0.0
  0
SPLINE
  5
757
330
23F
100
AcDbEntity
  8
xian
 62
    18
420
        0
370
     0
100
AcDbSpline
210
0.0
220
0.0
230
1.0
 70
     8
 71
     3
 72
     8
 73
     4
 74
     0
 42
0.00000001
 43
0.0000000001
 40
0.0
 40
0.0
 40
0.0
 40
0.0
 40
1.0
 40
1.0
 40
1.0
 40
1.0
 10
41.03284512818141
 20
-7.685830307289506
 30
0.0
 10
41.05996642634932
 20
-7.743957218426658
 30
0.0
 10
41.10020291311889
 20
-7.799636971820291
 30
0.0
 10
41.13344519537281
 20
-7.830351262708063
 30
0.0
  0
ARC
  5
758
330
23F
100
AcDbEntity
  8
xian
 62
    18
420
        0
370
     0
100
AcDbCircle
 10
41.19270073324083
 20
-7.595452440787994
 30
0.0
 40
0.2493814359447552
100
AcDbArc
 50
215.6519602379286
 51
255.1258068833271
  0
SPLINE
  5
759
330
23F
100
AcDbEntity
  8
xian
 62
    18
420
        0
370
     0
100
AcDbSpline
210
0.0
220
0.0
230
1.0
 70
     8
 71
     3
 72
     8
 73
     4
 74
     0
 42
0.00000001
 43
0.0000000001
 40
0.0000000000000004
 40
0.0000000000000004
 40
0.0000000000000004
 40
0.0000000000000004
 40
0.0000157121592102
 40
0.0000157121592102
 40
0.0000157121592102
 40
0.0000157121592102
 10
41.02729010845291
 20
-7.674954186026297
 30
0.0
 10
41.0292536450463
 20
-7.678482322233321
 30
0.0
 10
41.03111124285283
 20
-7.682114209415885
 30
0.0
 10
41.03284512818141
 20
-7.685830307289506
 30
0.0
  0
SPLINE
  5
75A
330
23F
100
AcDbEntity
  8
xian
 62
    18
420
        0
370
     0
100
AcDbSpline
210
0.0
220
0.0
230
1.0
 70
     8
 71
     3
 72
     8
 73
     4
 74
     0
 42
0.00000001
 43
0.0000000001
 40
0.0
 40
0.0
 40
0.0
 40
0.0
 40
1.0
 40
1.0
 40
1.0
 40
1.0
 10
-40.68688344255565
 20
-7.685830307289506
 30
0.0
 10
-40.71400474072357
 20
-7.743957218426658
 30
0.0
 10
-40.75424122751861
 20
-7.799636971805739
 30
0.0
 10
-40.78748350974706
 20
-7.830351262708063
 30
0.0
  0
SPLINE
  5
75B
330
23F
100
AcDbEntity
  8
xian
 62
    18
420
        0
370
     0
100
AcDbSpline
210
0.0
220
0.0
230
1.0
 70
     8
 71
     3
 72
     8
 73
     4
 74
     0
 42
0.00000001
 43
0.0000000001
 40
0.0000000000000004
 40
0.0000000000000004
 40
0.0000000000000004
 40
0.0000000000000004
 40
0.000015712159211
 40
0.000015712159211
 40
0.000015712159211
 40
0.000015712159211
 10
-40.68132842282716
 20
-7.674954186026297
 30
0.0
 10
-40.68329195941692
 20
-7.678482322233321
 30
0.0
 10
-40.68514955722707
 20
-7.682114209415885
 30
0.0
 10
-40.68688344255565
 20
-7.685830307289506
 30
0.0
  0
SPLINE
  5
75C
330
23F
100
AcDbEntity
  8
xian
 62
    18
420
        0
370
     0
100
AcDbSpline
210
0.0
220
0.0
230
1.0
 70
     8
 71
     3
 72
    11
 73
     7
 74
     0
 42
0.00000001
 43
0.0000000001
 40
0.0000012095494271
 40
0.0000012095494271
 40
0.0000012095494271
 40
0.0000012095494271
 40
0.0000610459172033
 40
0.0000610459172033
 40
0.0000610459172033
 40
0.0001101536331403
 40
0.0001101536331403
 40
0.0001101536331403
 40
0.0001101536331403
 10
-40.68688344255565
 20
-7.685830307289506
 30
0.0
 10
-40.67905638133447
 20
-7.69588742232554
 30
0.0
 10
-40.67122602547238
 20
-7.705948935557898
 30
0.0
 10
-40.66339238659998
 20
-7.716014831417851
 30
0.0
 10
-40.65696331762296
 20
-7.724275914144527
 30
0.0
 10
-40.6505320358126
 20
-7.732539950800855
 30
0.0
 10
-40.64409854758991
 20
-7.740806932783016
 30
0.0
  0
ARC
  5
75D
330
23F
100
AcDbEntity
  8
xian
 62
    18
420
        0
370
     0
100
AcDbCircle
 10
-40.84673904761507
 20
-7.595452440787994
 30
0.0
 40
0.2493814359439208
100
AcDbArc
 50
284.8741931165588
 51
324.3480397620714
  0
SPLINE
  5
75E
330
23F
100
AcDbEntity
  8
xian
 62
    18
420
        0
370
     0
100
AcDbSpline
210
0.0
220
0.0
230
1.0
 70
     8
 71
     3
 72
    17
 73
    13
 74
     0
 42
0.00000001
 43
0.0000000001
 40
-0.0000000599999999
 40
-0.0000000599999999
 40
-0.0000000599999999
 40
-0.0000000599999999
 40
0.0
 40
0.0
 40
0.0
 40
0.0000534344648446
 40
0.0000534344648446
 40
0.0000534344648446
 40
0.0007532638292701
 40
0.0007532638292701
 40
0.0007532638292701
 40
0.0010502253571151
 40
0.0010502253571151
 40
0.0010502253571151
 40
0.0010502253571151
 10
-40.04142422278596
 20
-8.482072047725523
 30
0.0
 10
-40.04143222784546
 20
-8.482061717315446
 30
0.0
 10
-40.04144023289405
 20
-8.482051386905368
 30
0.0
 10
-40.04144823794627
 20
-8.482041056502566
 30
0.0
 10
-40.04857733116
 20
-8.472841063423402
 30
0.0
 10
-40.05570397127735
 20
-8.463644271489101
 30
0.0
 10
-40.0628281501165
 20
-8.45445069129164
 30
0.0
 10
-40.15613133607326
 20
-8.334045190296819
 30
0.0
 10
-40.24901445554928
 20
-8.214187852134273
 30
0.0
 10
-40.34145909919675
 20
-8.094902665470726
 30
0.0
 10
-40.38068720039587
 20
-8.044285007281359
 30
0.0
 10
-40.41983685095397
 20
-7.993769726324899
 30
0.0
 10
-40.45890663988461
 20
-7.943358672031536
 30
0.0
  0
LINE
  5
75F
330
23F
100
AcDbEntity
  8
xian
 62
    18
420
        0
370
     0
100
AcDbLine
 10
-40.05222866379767
 20
-8.496691024636675
 30
0.0
 11
-40.04093697996791
 21
-8.481412782566621
 31
0.0
  0
SPLINE
  5
760
330
23F
100
AcDbEntity
  8
xian
 62
    18
420
        0
370
     0
100
AcDbSpline
210
0.0
220
0.0
230
1.0
 70
     8
 71
     3
 72
    11
 73
     7
 74
     0
 42
0.00000001
 43
0.0000000001
 40
0.0
 40
0.0
 40
0.0
 40
0.0
 40
0.0001428178366629
 40
0.0001428178366629
 40
0.0001428178366629
 40
0.0001428778366619
 40
0.0001428778366619
 40
0.0001428778366619
 40
0.0001428778366619
 10
-40.11130841778572
 20
-8.425678775682172
 30
0.0
 10
-40.09225793739164
 20
-8.450175346029936
 30
0.0
 10
-40.07256719360952
 20
-8.473866562029797
 30
0.0
 10
-40.05230878972793
 20
-8.496736068775135
 30
0.0
 10
-40.05230027885477
 20
-8.496745676611681
 30
0.0
 10
-40.05229176781426
 20
-8.496755284288155
 30
0.0
 10
-40.05228325681014
 20
-8.496764891853672
 30
0.0
  0
SPLINE
  5
761
330
23F
100
AcDbEntity
  8
xian
 62
    18
420
        0
370
     0
100
AcDbSpline
210
0.0
220
0.0
230
1.0
 70
     8
 71
     3
 72
    14
 73
    10
 74
     0
 42
0.00000001
 43
0.0000000001
 40
0.0
 40
0.0
 40
0.0
 40
0.0
 40
0.0001736471305431
 40
0.0001736471305431
 40
0.0001736471305431
 40
0.0007059918034138
 40
0.0007059918034138
 40
0.0007059918034138
 40
0.0013432887755845
 40
0.0013432887755845
 40
0.0013432887755845
 40
0.0013432887755845
 10
-40.64409854758991
 20
-7.740806932783016
 30
0.0
 10
-40.62134944022978
 20
-7.770039357585119
 30
0.0
 10
-40.59857270477436
 20
-7.799308660958558
 30
0.0
 10
-40.57576862516429
 20
-7.828614463196572
 30
0.0
 10
-40.50585965119603
 20
-7.918455342594825
 30
0.0
 10
-40.43569251278381
 20
-8.008640756244858
 30
0.0
 10
-40.36527537386496
 20
-8.099159821771536
 30
0.0
 10
-40.28097612786291
 20
-8.207523908837174
 30
0.0
 10
-40.19631582830766
 20
-8.316369720538205
 30
0.0
 10
-40.11130841778572
 20
-8.425678775682172
 30
0.0
  0
SPLINE
  5
762
330
23F
100
AcDbEntity
  8
xian
 62
    18
420
        0
370
     0
100
AcDbSpline
210
0.0
220
0.0
230
1.0
 70
     8
 71
     3
 72
    11
 73
     7
 74
     0
 42
0.00000001
 43
0.0000000001
 40
0.0
 40
0.0
 40
0.0
 40
0.0
 40
0.0001428178366629
 40
0.0001428178366629
 40
0.0001428178366629
 40
0.0001428778366619
 40
0.0001428778366619
 40
0.0001428778366619
 40
0.0001428778366619
 10
40.45727010341147
 20
-8.425678775682172
 30
0.0
 10
40.4382196230174
 20
-8.450175346029936
 30
0.0
 10
40.41852887923892
 20
-8.473866562029797
 30
0.0
 10
40.39827047535368
 20
-8.496736068775135
 30
0.0
 10
40.39826196448416
 20
-8.496745676611681
 30
0.0
 10
40.39825345341455
 20
-8.496755284159007
 30
0.0
 10
40.39824494243589
 20
-8.496764891853672
 30
0.0
  0
LINE
  5
763
330
23F
100
AcDbEntity
  8
xian
 62
    18
420
        0
370
     0
100
AcDbLine
 10
40.39819034941979
 20
-8.496691024640313
 30
0.0
 11
40.38689866559002
 21
-8.481412782572078
 31
0.0
  0
SPLINE
  5
764
330
23F
100
AcDbEntity
  8
xian
 62
    18
420
        0
370
     0
100
AcDbSpline
210
0.0
220
0.0
230
1.0
 70
     8
 71
     3
 72
    17
 73
    13
 74
     0
 42
0.00000001
 43
0.0000000001
 40
-0.0000000599999999
 40
-0.0000000599999999
 40
-0.0000000599999999
 40
-0.0000000599999999
 40
0.0
 40
0.0
 40
0.0
 40
0.0000534344648436
 40
0.0000534344648436
 40
0.0000534344648436
 40
0.0007532638292692
 40
0.0007532638292692
 40
0.0007532638292692
 40
0.0010502253571151
 40
0.0010502253571151
 40
0.0010502253571151
 40
0.0010502253571151
 10
40.38738590841171
 20
-8.482072047725523
 30
0.0
 10
40.38739391346394
 20
-8.482061717311808
 30
0.0
 10
40.38740191852343
 20
-8.482051386905368
 30
0.0
 10
40.38740992357202
 20
-8.482041056502566
 30
0.0
 10
40.39453901678939
 20
-8.472841063423402
 30
0.0
 10
40.4016656569031
 20
-8.463644271487282
 30
0.0
 10
40.40878983574589
 20
-8.45445069129164
 30
0.0
 10
40.50209302170265
 20
-8.334045190296819
 30
0.0
 10
40.59497614117503
 20
-8.214187852134273
 30
0.0
 10
40.68742078482614
 20
-8.094902665470726
 30
0.0
 10
40.72664888602162
 20
-8.044285007281359
 30
0.0
 10
40.76579853657972
 20
-7.993769726324899
 30
0.0
 10
40.804868325514
 20
-7.943358672031536
 30
0.0
  0
SPLINE
  5
765
330
23F
100
AcDbEntity
  8
xian
 62
    18
420
        0
370
     0
100
AcDbSpline
210
0.0
220
0.0
230
1.0
 70
     8
 71
     3
 72
    14
 73
    10
 74
     0
 42
0.00000001
 43
0.0000000001
 40
0.0
 40
0.0
 40
0.0
 40
0.0
 40
0.0001736471305431
 40
0.0001736471305431
 40
0.0001736471305431
 40
0.0007059918034128
 40
0.0007059918034128
 40
0.0007059918034128
 40
0.0013432887755845
 40
0.0013432887755845
 40
0.0013432887755845
 40
0.0013432887755845
 10
40.99006023321567
 20
-7.740806932783016
 30
0.0
 10
40.96731112585553
 20
-7.770039357585119
 30
0.0
 10
40.94453439040012
 20
-7.799308660958558
 30
0.0
 10
40.92173031079005
 20
-7.828614463196572
 30
0.0
 10
40.85182133682178
 20
-7.918455342594825
 30
0.0
 10
40.78165419841321
 20
-8.008640756244858
 30
0.0
 10
40.71123705949434
 20
-8.099159821771536
 30
0.0
 10
40.6269378134923
 20
-8.207523908837174
 30
0.0
 10
40.54227751393341
 20
-8.316369720538205
 30
0.0
 10
40.45727010341147
 20
-8.425678775682172
 30
0.0
  0
SPLINE
  5
766
330
23F
100
AcDbEntity
  8
xian
 62
    18
420
        0
370
     0
100
AcDbSpline
210
0.0
220
0.0
230
1.0
 70
     8
 71
     3
 72
    12
 73
     8
 74
     0
 42
0.00000001
 43
0.0000000001
 40
0.0
 40
0.0
 40
0.0
 40
0.0
 40
0.2499999999999714
 40
0.2499999999999714
 40
0.4999999999999428
 40
0.4999999999999428
 40
1.0
 40
1.0
 40
1.0
 40
1.0
 10
-22.13413841118086
 20
-9.642826860430432
 30
0.0
 10
-22.13059246284388
 20
-9.637208174974148
 30
0.0
 10
-22.12116292284986
 20
-9.621040804599033
 30
0.0
 10
-22.09112910651379
 20
-9.570264231824694
 30
0.0
 10
-22.07073214355546
 20
-9.535631984776046
 30
0.0
 10
-21.99297272703984
 20
-9.404468993390764
 30
0.0
 10
-21.9228420826264
 20
-9.286578105500666
 30
0.0
 10
-21.83892385449212
 20
-9.146010451728216
 30
0.0
  0
SPLINE
  5
767
330
23F
100
AcDbEntity
  8
xian
 62
    18
420
        0
370
     0
100
AcDbSpline
210
0.0
220
0.0
230
1.0
 70
     8
 71
     3
 72
     8
 73
     4
 74
     0
 42
0.00000001
 43
0.0000000001
 40
0.0
 40
0.0
 40
0.0
 40
0.0
 40
1.0
 40
1.0
 40
1.0
 40
1.0
 10
-22.13413839614145
 20
-9.642826836598032
 30
0.0
 10
-22.08046253797215
 20
-9.642866527989099
 30
0.0
 10
-22.02765796328163
 20
-9.671917532599763
 30
0.0
 10
-21.99893104031139
 20
-9.717191692165215
 30
0.0
  0
SPLINE
  5
768
330
23F
100
AcDbEntity
  8
xian
 62
    18
420
        0
370
     0
100
AcDbSpline
210
0.0
220
0.0
230
1.0
 70
     8
 71
     3
 72
    12
 73
     8
 74
     0
 42
0.00000001
 43
0.0000000001
 40
0.0
 40
0.0
 40
0.0
 40
0.0
 40
0.4999999999999949
 40
0.4999999999999949
 40
0.7499999999999975
 40
0.7499999999999975
 40
1.0
 40
1.0
 40
1.0
 40
1.0
 10
22.18488554018336
 20
-9.146010451728216
 30
0.0
 10
22.26880379858199
 20
-9.286578156195901
 30
0.0
 10
22.3389341806535
 20
-9.404468604188878
 30
0.0
 10
22.41669371221292
 20
-9.535631786229714
 30
0.0
 10
22.4370907130608
 20
-9.570264097819745
 30
0.0
 10
22.4671245891725
 20
-9.621040772055494
 30
0.0
 10
22.47655414653059
 20
-9.637208171796373
 30
0.0
 10
22.48010009687209
 20
-9.642826860430432
 30
0.0
  0
SPLINE
  5
769
330
23F
100
AcDbEntity
  8
xian
 62
    18
420
        0
370
     0
100
AcDbSpline
210
0.0
220
0.0
230
1.0
 70
     8
 71
     3
 72
     8
 73
     4
 74
     0
 42
0.00000001
 43
0.0000000001
 40
0.0
 40
0.0
 40
0.0
 40
0.0
 40
1.0
 40
1.0
 40
1.0
 40
1.0
 10
22.3448927409147
 20
-9.717191718587855
 30
0.0
 10
22.37362230211807
 20
-9.671922370465836
 30
0.0
 10
22.42642423860821
 20
-9.642866552119812
 30
0.0
 10
22.48010009687209
 20
-9.642826860430432
 30
0.0
  0
ARC
  5
76A
330
23F
100
AcDbEntity
  8
xian
 62
    18
420
        0
370
     0
100
AcDbCircle
 10
40.66417350458073
 20
-8.273369830614683
 30
0.0
 40
0.2569183375387291
100
AcDbArc
 50
216.3581048535322
 51
254.7810390722136
  0
ARC
  5
76B
330
23F
100
AcDbEntity
  8
xian
 62
    18
420
        0
370
     0
100
AcDbCircle
 10
-40.31821181895497
 20
-8.273369830614683
 30
0.0
 40
0.2569183375385597
100
AcDbArc
 50
285.2189609277361
 51
323.6418951464679
  0
LINE
  5
76C
330
23F
100
AcDbEntity
  8
xian
 62
    18
420
        0
370
     0
100
AcDbLine
 10
-35.04682113709782
 20
-9.642826860430432
 30
0.0
 11
-35.04694568142872
 21
-9.642356884920445
 31
0.0
  0
SPLINE
  5
76D
330
23F
100
AcDbEntity
  8
xian
 62
    18
420
        0
370
     0
100
AcDbSpline
210
0.0
220
0.0
230
1.0
 70
     8
 71
     3
 72
    10
 73
     6
 74
     0
 42
0.00000001
 43
0.0000000001
 40
0.0
 40
0.0
 40
0.0
 40
0.0
 40
0.5
 40
0.5
 40
1.0
 40
1.0
 40
1.0
 40
1.0
 10
-35.04705769992938
 20
-9.155221723374779
 30
0.0
 10
-35.05451984396564
 20
-9.300022248195091
 30
0.0
 10
-35.0576009791555
 20
-9.414528958410301
 30
0.0
 10
-35.0568202719594
 20
-9.582716813098159
 30
0.0
 10
-35.05289029548726
 20
-9.630611240165308
 30
0.0
 10
-35.04694579521379
 20
-9.642356660098812
 30
0.0
  0
LINE
  5
76E
330
23F
100
AcDbEntity
  8
xian
 62
    18
420
        0
370
     0
100
AcDbLine
 10
-22.13413158228354
 20
-9.642826860430432
 30
0.0
 11
-35.04682113709782
 21
-9.642826860430432
 31
0.0
  0
SPLINE
  5
76F
330
23F
100
AcDbEntity
  8
xian
 62
    18
420
        0
370
     0
100
AcDbSpline
210
0.0
220
0.0
230
1.0
 70
     8
 71
     3
 72
    10
 73
     6
 74
     0
 42
0.00000001
 43
0.0000000001
 40
0.0
 40
0.0
 40
0.0
 40
0.0
 40
0.5
 40
0.5
 40
1.0
 40
1.0
 40
1.0
 40
1.0
 10
35.39301938555877
 20
-9.155221723374779
 30
0.0
 10
35.40048152959503
 20
-9.300022248195091
 30
0.0
 10
35.40356266478125
 20
-9.414528958410301
 30
0.0
 10
35.40278195758879
 20
-9.582716813098159
 30
0.0
 10
35.39885198111301
 20
-9.630611240165308
 30
0.0
 10
35.39290748084318
 20
-9.642356660098812
 30
0.0
  0
SPLINE
  5
770
330
23F
100
AcDbEntity
  8
xian
 62
    18
420
        0
370
     0
100
AcDbSpline
210
0.0
220
0.0
230
1.0
 70
     8
 71
     3
 72
     8
 73
     4
 74
     0
 42
0.00000001
 43
0.0000000001
 40
0.0
 40
0.0
 40
0.0
 40
0.0
 40
1.0
 40
1.0
 40
1.0
 40
1.0
 10
35.39290736705812
 20
-9.642356884920445
 30
0.0
 10
35.39286585228115
 20
-9.642520928786325
 30
0.0
 10
35.39282433750418
 20
-9.642677588013611
 30
0.0
 10
35.39278282272722
 20
-9.642826860430432
 30
0.0
  0
LINE
  5
771
330
23F
100
AcDbEntity
  8
xian
 62
    18
420
        0
370
     0
100
AcDbLine
 10
22.48009326797478
 20
-9.642826860430432
 30
0.0
 11
35.39278282272722
 21
-9.642826860430432
 31
0.0
  0
SPLINE
  5
772
330
23F
100
AcDbEntity
  8
xian
 62
    18
420
        0
370
     0
100
AcDbSpline
210
0.0
220
0.0
230
1.0
 70
     8
 71
     3
 72
    14
 73
    10
 74
     0
 42
0.00000001
 43
0.0000000001
 40
0.0
 40
0.0
 40
0.0
 40
0.0
 40
0.25
 40
0.25
 40
0.5
 40
0.5
 40
0.75
 40
0.75
 40
1.0
 40
1.0
 40
1.0
 40
1.0
 10
40.2187571000752
 20
-8.424354563803717
 30
0.0
 10
40.16917209430107
 20
-8.484193677792063
 30
0.0
 10
40.12267700267261
 20
-8.540465126023264
 30
0.0
 10
40.03742929098303
 20
-8.644361625605597
 30
0.0
 10
39.99874095320706
 20
-8.691834763694714
 30
0.0
 10
39.93328702229997
 20
-8.772350781056957
 30
0.0
 10
39.90615798099611
 20
-8.80620833345165
 30
0.0
 10
39.86692255655658
 20
-8.855360117109739
 30
0.0
 10
39.854667193252
 20
-8.870941858551304
 30
0.0
 10
39.85031453525085
 20
-8.876970113271454
 30
0.0
  0
SPLINE
  5
773
330
23F
100
AcDbEntity
  8
xian
 62
    18
420
        0
370
     0
100
AcDbSpline
210
0.0
220
0.0
230
1.0
 70
     8
 71
     3
 72
     8
 73
     4
 74
     0
 42
0.00000001
 43
0.0000000001
 40
0.0
 40
0.0
 40
0.0
 40
0.0
 40
1.0
 40
1.0
 40
1.0
 40
1.0
 10
39.85031453525085
 20
-8.876970113271454
 30
0.0
 10
38.36364506265386
 20
-9.132809914299286
 30
0.0
 10
36.8779443588021
 20
-9.387818803254049
 30
0.0
 10
35.39290736705448
 20
-9.642356884920445
 30
0.0
  0
SPLINE
  5
774
330
23F
100
AcDbEntity
  8
xian
 62
    18
420
        0
370
     0
100
AcDbSpline
210
0.0
220
0.0
230
1.0
 70
     8
 71
     3
 72
     8
 73
     4
 74
     0
 42
0.00000001
 43
0.0000000001
 40
0.0
 40
0.0
 40
0.0
 40
0.0
 40
1.0
 40
1.0
 40
1.0
 40
1.0
 10
-39.50435284962509
 20
-8.876970113271454
 30
0.0
 10
-38.01768337702447
 20
-9.132809914299286
 30
0.0
 10
-36.53198267317634
 20
-9.387818803254049
 30
0.0
 10
-35.04694568142872
 20
-9.642356884920445
 30
0.0
  0
SPLINE
  5
775
330
23F
100
AcDbEntity
  8
xian
 62
    18
420
        0
370
     0
100
AcDbSpline
210
0.0
220
0.0
230
1.0
 70
     8
 71
     3
 72
    14
 73
    10
 74
     0
 42
0.00000001
 43
0.0000000001
 40
0.0
 40
0.0
 40
0.0
 40
0.0
 40
0.25
 40
0.25
 40
0.5
 40
0.5
 40
0.75
 40
0.75
 40
1.0
 40
1.0
 40
1.0
 40
1.0
 10
-39.87279541444946
 20
-8.424354563803717
 30
0.0
 10
-39.82321040867532
 20
-8.484193677792063
 30
0.0
 10
-39.77671531704686
 20
-8.540465126023264
 30
0.0
 10
-39.69146760535728
 20
-8.644361625605597
 30
0.0
 10
-39.65277926758131
 20
-8.691834763694714
 30
0.0
 10
-39.58732533667421
 20
-8.772350781056957
 30
0.0
 10
-39.56019629537036
 20
-8.80620833345165
 30
0.0
 10
-39.52096087092718
 20
-8.855360117109739
 30
0.0
 10
-39.50870550762625
 20
-8.870941858551304
 30
0.0
 10
-39.50435284962509
 20
-8.876970113271454
 30
0.0
  0
SPLINE
  5
776
330
23F
100
AcDbEntity
  8
xian
 62
    18
420
        0
370
     0
100
AcDbSpline
210
0.0
220
0.0
230
1.0
 70
     8
 71
     3
 72
    14
 73
    10
 74
     0
 42
0.00000001
 43
0.0000000001
 40
0.0
 40
0.0
 40
0.0
 40
0.0
 40
0.1250000000005227
 40
0.1250000000005227
 40
0.2500000000010453
 40
0.2500000000010453
 40
0.500000000000696
 40
0.500000000000696
 40
1.0
 40
1.0
 40
1.0
 40
1.0
 10
40.22011693261743
 20
-8.423240424266623
 30
0.0
 10
40.22578461673333
 20
-8.418585855060882
 30
0.0
 10
40.23491172606305
 20
-8.41810776708553
 30
0.0
 10
40.25054341589134
 20
-8.41772081473573
 30
0.0
 10
40.25839199390907
 20
-8.418459256428832
 30
0.0
 10
40.28140965405987
 20
-8.422300233971327
 30
0.0
 10
40.296554378888
 20
-8.427145147377814
 30
0.0
 10
40.33986196832052
 20
-8.445647761551299
 30
0.0
 10
40.36582735963679
 20
-8.463455845012504
 30
0.0
 10
40.38684150353879
 20
-8.481484513029499
 30
0.0
  0
SPLINE
  5
777
330
23F
100
AcDbEntity
  8
xian
 62
    18
420
        0
370
     0
100
AcDbSpline
210
0.0
220
0.0
230
1.0
 70
     8
 71
     3
 72
    14
 73
    10
 74
     0
 42
0.00000001
 43
0.0000000001
 40
0.0
 40
0.0
 40
0.0
 40
0.0
 40
0.1249999999996794
 40
0.1249999999996794
 40
0.2499999999993587
 40
0.2499999999993587
 40
0.4999999999986599
 40
0.4999999999986599
 40
1.0
 40
1.0
 40
1.0
 40
1.0
 10
-39.87415524698804
 20
-8.423240424266623
 30
0.0
 10
-39.87982293115488
 20
-8.418585855102719
 30
0.0
 10
-39.88895004043366
 20
-8.418107767045512
 30
0.0
 10
-39.90458173025832
 20
-8.417720814704807
 30
0.0
 10
-39.91243030827604
 20
-8.418459256417918
 30
0.0
 10
-39.93544796841957
 20
-8.42230023394768
 30
0.0
 10
-39.95059269333865
 20
-8.427145147124974
 30
0.0
 10
-39.9939002827457
 20
-8.445647761325744
 30
0.0
 10
-40.0198656739783
 20
-8.463455844959753
 30
0.0
 10
-40.04087981788029
 20
-8.481484512965835
 30
0.0
  0
ARC
  5
778
330
23F
100
AcDbEntity
  8
xian
 62
    18
420
        0
370
     0
100
AcDbCircle
 10
-22.08036280498777
 20
9.209065045592069
 30
0.0
 40
0.1472851003522157
100
AcDbArc
 50
39.99750949431251
 51
95.26939568065163
  0
SPLINE
  5
779
330
23F
100
AcDbEntity
  8
xian
 62
    18
420
        0
370
     0
100
AcDbSpline
210
0.0
220
0.0
230
1.0
 70
     8
 71
     3
 72
     8
 73
     4
 74
     0
 42
0.00000001
 43
0.0000000001
 40
0.0
 40
0.0
 40
0.0
 40
0.0
 40
0.0000170798086229
 40
0.0000170798086229
 40
0.0000170798086229
 40
0.0000170798086229
 10
-21.96753175721529
 20
9.303733178792754
 30
0.0
 10
-21.96709303875536
 20
9.302786691985602
 30
0.0
 10
-21.96663675958257
 20
9.301830202712153
 30
0.0
 10
-21.96616165988303
 20
9.300863751614087
 30
0.0
  0
SPLINE
  5
77A
330
23F
100
AcDbEntity
  8
xian
 62
    18
420
        0
370
     0
100
AcDbSpline
210
0.0
220
0.0
230
1.0
 70
     8
 71
     3
 72
     8
 73
     4
 74
     0
 42
0.00000001
 43
0.0000000001
 40
0.0
 40
0.0
 40
0.0
 40
0.0
 40
0.0000170798086232
 40
0.0000170798086232
 40
0.0000170798086232
 40
0.0000170798086232
 10
22.31349344284104
 20
9.303733178792754
 30
0.0
 10
22.31305472438476
 20
9.302786691985602
 30
0.0
 10
22.31259844520832
 20
9.301830202712153
 30
0.0
 10
22.31212334551242
 20
9.300863751614087
 30
0.0
  0
ARC
  5
77B
330
23F
100
AcDbEntity
  8
xian
 62
    18
420
        0
370
     0
100
AcDbCircle
 10
22.42632449061352
 20
9.209065045599345
 30
0.0
 40
0.1472851003454981
100
AcDbArc
 50
84.730604318301
 51
140.0024905069735
  0
ELLIPSE
  5
77C
330
23F
100
AcDbEntity
  8
xian
 62
    18
420
        0
370
     0
100
AcDbEllipse
 10
21.0870237719239
 20
7.768401293749775
 30
0.0
 11
1.272107765869805
 21
1.639154066608625
 31
0.0
210
0.0
220
0.0
230
1.0
 40
0.0414023594088302
 41
5.956104586584675
 42
6.262139521192751
  0
ARC
  5
77D
330
23F
100
AcDbEntity
  8
xian
 62
    18
420
        0
370
     0
100
AcDbCircle
 10
22.48685742302701
 20
9.307820098192678
 30
0.0
 40
0.1602440256505108
100
AcDbArc
 50
90.07934604425923
 51
142.1777297283261
  0
ARC
  5
77E
330
23F
100
AcDbEntity
  8
xian
 62
    18
420
        0
370
     0
100
AcDbCircle
 10
-22.14089573740125
 20
9.307820098190859
 30
0.0
 40
0.1602440256519897
100
AcDbArc
 50
37.82227027186122
 51
89.92065395548022
  0
ELLIPSE
  5
77F
330
23F
100
AcDbEntity
  8
xian
 62
    18
420
        0
370
     0
100
AcDbEllipse
 10
-20.74106208629814
 20
7.768401293749775
 30
0.0
 11
-1.272107765870032
 21
1.639154066608625
 31
0.0
210
0.0
220
0.0
230
1.0
 40
0.0414023594088275
 41
0.0210457859850801
 42
0.3270807205816164
  0
LINE
  5
780
330
23F
100
AcDbEntity
  8
xian
 62
    18
420
        0
370
     0
100
AcDbLine
 10
8.281595164287182
 20
9.462303224307106
 30
0.0
 11
8.419035964783006
 21
9.219300276859939
 31
0.0
  0
ELLIPSE
  5
781
330
23F
100
AcDbEntity
  8
xian
 62
    18
420
        0
370
     0
100
AcDbEllipse
 10
8.362330735129262
 20
9.323820584630084
 30
0.0
 11
0.0789158954605682
 21
-0.139527673935504
 31
0.0
210
0.0
220
0.0
230
1.0
 40
0.9981362710530634
 41
2.627655606577997
 42
3.154707794989811
  0
LINE
  5
782
330
23F
100
AcDbEntity
  8
xian
 62
    18
420
        0
370
     0
100
AcDbLine
 10
8.499516658789843
 20
9.241042196046691
 30
0.0
 11
8.362074818432347
 21
9.484046982028303
 31
0.0
  0
LINE
  5
783
330
23F
100
AcDbEntity
  8
xian
 62
    18
420
        0
370
     0
100
AcDbLine
 10
-8.153554973164091
 20
9.241042196046691
 30
0.0
 11
-8.016113132802956
 21
9.484046982028303
 31
0.0
  0
ELLIPSE
  5
784
330
23F
100
AcDbEntity
  8
xian
 62
    18
420
        0
370
     0
100
AcDbEllipse
 10
-8.016369049503509
 20
9.323820584630084
 30
0.0
 11
-0.0789158954607956
 21
-0.139527673935504
 31
0.0
210
0.0
220
0.0
230
1.0
 40
0.9981362710536011
 41
3.128477512176504
 42
3.655529700584142
  0
LINE
  5
785
330
23F
100
AcDbEntity
  8
xian
 62
    18
420
        0
370
     0
100
AcDbLine
 10
-7.935633478657791
 20
9.462303224307106
 30
0.0
 11
-8.073074279157253
 21
9.219300276859939
 31
0.0
  0
LINE
  5
786
330
23F
100
AcDbEntity
  8
xian
 62
    18
420
        0
370
     0
100
AcDbLine
 10
-7.908727282855352
 20
9.123485750258623
 30
0.0
 11
-7.771291064932256
 21
9.366480595461325
 31
0.0
  0
ELLIPSE
  5
787
330
23F
100
AcDbEntity
  8
xian
 62
    18
420
        0
370
     0
100
AcDbEllipse
 10
-7.852026635774336
 20
9.227997955784303
 30
0.0
 11
0.0789158954605682
 21
0.1395276739352766
 31
0.0
210
0.0
220
0.0
230
1.0
 40
0.9981362710549943
 41
5.743017977360573
 42
6.270070165774027
  0
LINE
  5
788
330
23F
100
AcDbEntity
  8
xian
 62
    18
420
        0
370
     0
100
AcDbLine
 10
8.254688968481104
 20
9.123485750258623
 30
0.0
 11
8.117252750558009
 21
9.366480595461325
 31
0.0
  0
ELLIPSE
  5
789
330
23F
100
AcDbEntity
  8
xian
 62
    18
420
        0
370
     0
100
AcDbEllipse
 10
8.197988321403727
 20
9.227997955784303
 30
0.0
 11
-0.0789158954605682
 21
0.1395276739352766
 31
0.0
210
0.0
220
0.0
230
1.0
 40
0.9981362710562287
 41
0.0131151413981896
 42
0.5401673298118006
  0
LINE
  5
78A
330
23F
100
AcDbEntity
  8
xian
 62
    18
420
        0
370
     0
100
AcDbLine
 10
22.07292935515875
 20
9.484046982028303
 30
0.0
 11
22.18747106074011
 21
9.241042196046691
 31
0.0
  0
LINE
  5
78B
330
23F
100
AcDbEntity
  8
xian
 62
    18
420
        0
370
     0
100
AcDbLine
 10
22.07292935515875
 20
9.484046982028303
 30
0.0
 11
8.362074818432347
 21
9.484046982028303
 31
0.0
  0
LINE
  5
78C
330
23F
100
AcDbEntity
  8
xian
 62
    18
420
        0
370
     0
100
AcDbLine
 10
-21.72696766952936
 20
9.484046982028303
 30
0.0
 11
-21.84150937511436
 21
9.241042196046691
 31
0.0
  0
LINE
  5
78D
330
23F
100
AcDbEntity
  8
xian
 62
    18
420
        0
370
     0
100
AcDbLine
 10
-21.72696766952936
 20
9.484046982028303
 30
0.0
 11
-8.016113132802956
 21
9.484046982028303
 31
0.0
  0
LINE
  5
78E
330
23F
100
AcDbEntity
  8
xian
 62
    18
420
        0
370
     0
100
AcDbLine
 10
8.281595164287182
 20
9.462303224307106
 30
0.0
 11
8.117252750558009
 21
9.366480595461325
 31
0.0
  0
LINE
  5
78F
330
23F
100
AcDbEntity
  8
xian
 62
    18
420
        0
370
     0
100
AcDbLine
 10
-7.935633478657791
 20
9.462303224307106
 30
0.0
 11
-7.771291064932256
 21
9.366480595461325
 31
0.0
  0
ELLIPSE
  5
790
330
23F
100
AcDbEntity
  8
xian
 62
    18
420
        0
370
     0
100
AcDbEllipse
 10
-21.72675439287991
 20
9.644273379426522
 30
0.0
 11
-0.0683364109463582
 21
-0.1449784149118614
 31
0.0
210
0.0
220
0.0
230
1.0
 40
0.9982738964240834
 41
5.812210163961124
 42
6.722990160378982
  0
LINE
  5
791
330
23F
100
AcDbEntity
  8
xian
 62
    18
420
        0
370
     0
100
AcDbLine
 10
-21.96753175721529
 20
9.303733178792754
 30
0.0
 11
-21.85332195998194
 21
9.546033808002903
 31
0.0
  0
ELLIPSE
  5
792
330
23F
100
AcDbEntity
  8
xian
 62
    18
420
        0
370
     0
100
AcDbEllipse
 10
22.07271607850566
 20
9.644273379426522
 30
0.0
 11
0.0683364109463582
 21
-0.1449784149118614
 31
0.0
210
0.0
220
0.0
230
1.0
 40
0.9982738964228003
 41
5.843380453988232
 42
6.754160450398581
  0
LINE
  5
793
330
23F
100
AcDbEntity
  8
xian
 62
    18
420
        0
370
     0
100
AcDbLine
 10
22.31349344284104
 20
9.303733178792754
 30
0.0
 11
22.19928364560769
 21
9.546033808002903
 31
0.0
  0
LINE
  5
794
330
23F
100
AcDbEntity
  8
xian
 62
    18
420
        0
370
     0
100
AcDbLine
 10
22.25834298990526
 20
9.622343152801477
 30
0.0
 11
22.36027798754299
 21
9.406083999347174
 31
0.0
  0
LINE
  5
795
330
23F
100
AcDbEntity
  8
xian
 62
    18
420
        0
370
     0
100
AcDbLine
 10
22.19928364560769
 20
9.546033808002903
 30
0.0
 11
22.25834298990526
 21
9.622343152801477
 31
0.0
  0
LINE
  5
796
330
23F
100
AcDbEntity
  8
xian
 62
    18
420
        0
370
     0
100
AcDbLine
 10
-21.91238130427951
 20
9.622343152801477
 30
0.0
 11
-22.01431630191724
 21
9.406083999347174
 31
0.0
  0
LINE
  5
797
330
23F
100
AcDbEntity
  8
xian
 62
    18
420
        0
370
     0
100
AcDbLine
 10
-21.85332195998194
 20
9.546033808002903
 30
0.0
 11
-21.91238130427951
 21
9.622343152801477
 31
0.0
  0
SPLINE
  5
798
330
23F
100
AcDbEntity
  8
xian
 62
    18
420
        0
370
     0
100
AcDbSpline
210
0.0
220
0.0
230
1.0
 70
     8
 71
     3
 72
    11
 73
     7
 74
     0
 42
0.00000001
 43
0.0000000001
 40
0.0
 40
0.0
 40
0.0
 40
0.0
 40
0.0000040679245087
 40
0.0000040679245087
 40
0.0000040679245087
 40
0.0001575260624377
 40
0.0001575260624377
 40
0.0001575260624377
 40
0.0001575260624377
 10
40.53598840921336
 20
-8.600457829517836
 30
0.0
 10
40.53652860634179
 20
-8.599799880550563
 30
0.0
 10
40.53706840081509
 20
-8.599141321681599
 30
0.0
 10
40.53760779143272
 20
-8.598482153329314
 30
0.0
 10
40.55794773907769
 20
-8.573625492224891
 30
0.0
 10
40.57767904212892
 20
-8.54788261165595
 30
0.0
 10
40.59673025260349
 20
-8.521277958609061
 30
0.0
  0
SPLINE
  5
799
330
23F
100
AcDbEntity
  8
xian
 62
    18
420
        0
370
     0
100
AcDbSpline
210
0.0
220
0.0
230
1.0
 70
     8
 71
     3
 72
     8
 73
     4
 74
     0
 42
0.00000001
 43
0.0000000001
 40
0.0
 40
0.0
 40
0.0
 40
0.0
 40
1.0
 40
1.0
 40
1.0
 40
1.0
 10
40.53596081463479
 20
-8.600452310201944
 30
0.0
 10
40.48616896229873
 20
-8.587899757811101
 30
0.0
 10
40.42981404064926
 20
-8.545648881121451
 30
0.0
 10
40.39823864574578
 20
-8.496772002888974
 30
0.0
  0
SPLINE
  5
79A
330
23F
100
AcDbEntity
  8
xian
 62
    18
420
        0
370
     0
100
AcDbSpline
210
0.0
220
0.0
230
1.0
 70
     8
 71
     3
 72
     8
 73
     4
 74
     0
 42
0.00000001
 43
0.0000000001
 40
0.0
 40
0.0
 40
0.0
 40
0.0
 40
1.0
 40
1.0
 40
1.0
 40
1.0
 10
-40.05217407077793
 20
-8.496617157423315
 30
0.0
 10
-40.08397457748356
 20
-8.545354330017289
 30
0.0
 10
-40.14029902194375
 20
-8.587788249404184
 30
0.0
 10
-40.18999912968206
 20
-8.600452312741253
 30
0.0
  0
SPLINE
  5
79B
330
23F
100
AcDbEntity
  8
xian
 62
    18
420
        0
370
     0
100
AcDbSpline
210
0.0
220
0.0
230
1.0
 70
     8
 71
     3
 72
    11
 73
     7
 74
     0
 42
0.00000001
 43
0.0000000001
 40
0.0
 40
0.0
 40
0.0
 40
0.0
 40
0.0000040679245098
 40
0.0000040679245098
 40
0.0000040679245098
 40
0.0001575260624381
 40
0.0001575260624381
 40
0.0001575260624381
 40
0.0001575260624381
 10
-40.19002672358396
 20
-8.600457829517836
 30
0.0
 10
-40.1905669207124
 20
-8.599799880550563
 30
0.0
 10
-40.19110671518933
 20
-8.599141321681599
 30
0.0
 10
-40.19164610580697
 20
-8.598482153329314
 30
0.0
 10
-40.21198605345193
 20
-8.573625492224891
 30
0.0
 10
-40.23171735650317
 20
-8.54788261165595
 30
0.0
 10
-40.25076856697774
 20
-8.521277958609061
 30
0.0
  0
SPLINE
  5
79C
330
23F
100
AcDbEntity
  8
xian
 62
    18
420
        0
370
     0
100
AcDbSpline
210
0.0
220
0.0
230
1.0
 70
     8
 71
     3
 72
     8
 73
     4
 74
     0
 42
0.00000001
 43
0.0000000001
 40
0.0
 40
0.0
 40
0.0
 40
0.0
 40
1.0
 40
1.0
 40
1.0
 40
1.0
 10
-39.92972523470667
 20
-8.903704651471343
 30
0.0
 10
-39.99550649470689
 20
-8.826992626818537
 30
0.0
 10
-40.08691541678922
 20
-8.721209932000419
 30
0.0
 10
-40.18999912967842
 20
-8.600452312741253
 30
0.0
  0
SPLINE
  5
79D
330
23F
100
AcDbEntity
  8
xian
 62
    18
420
        0
370
     0
100
AcDbSpline
210
0.0
220
0.0
230
1.0
 70
     8
 71
     3
 72
     8
 73
     4
 74
     0
 42
0.00000001
 43
0.0000000001
 40
0.0
 40
0.0
 40
0.0
 40
0.0
 40
1.0
 40
1.0
 40
1.0
 40
1.0
 10
-39.83127273503919
 20
-9.022185543000887
 30
0.0
 10
-39.83993389106468
 20
-9.009443566497793
 30
0.0
 10
-39.87453263826024
 20
-8.968068511623641
 30
0.0
 10
-39.9297252347103
 20
-8.903704651471343
 30
0.0
  0
SPLINE
  5
79E
330
23F
100
AcDbEntity
  8
xian
 62
    18
420
        0
370
     0
100
AcDbSpline
210
0.0
220
0.0
230
1.0
 70
     8
 71
     3
 72
     8
 73
     4
 74
     0
 42
0.00000001
 43
0.0000000001
 40
0.0
 40
0.0
 40
0.0
 40
0.0
 40
0.0000081218167836
 40
0.0000081218167836
 40
0.0000081218167836
 40
0.0000081218167836
 10
-39.83095131752703
 20
-9.022663060746708
 30
0.0
 10
-39.83105537463485
 20
-9.022508377833219
 30
0.0
 10
-39.83116134896113
 20
-9.022349410121023
 30
0.0
 10
-39.83127273502828
 20
-9.022185543002706
 30
0.0
  0
SPLINE
  5
79F
330
23F
100
AcDbEntity
  8
xian
 62
    18
420
        0
370
     0
100
AcDbSpline
210
0.0
220
0.0
230
1.0
 70
     8
 71
     3
 72
     8
 73
     4
 74
     0
 42
0.00000001
 43
0.0000000001
 40
0.0
 40
0.0
 40
0.0
 40
0.0
 40
0.0000150286437676
 40
0.0000150286437676
 40
0.0000150286437676
 40
0.0000150286437676
 10
-39.83030695483171
 20
-9.023492899379562
 30
0.0
 10
-39.8305285207905
 20
-9.023228623260365
 30
0.0
 10
-39.83074290976288
 20
-9.022952075672947
 30
0.0
 10
-39.83095011116598
 20
-9.022663273031866
 30
0.0
  0
SPLINE
  5
7A0
330
23F
100
AcDbEntity
  8
xian
 62
    18
420
        0
370
     0
100
AcDbSpline
210
0.0
220
0.0
230
1.0
 70
     8
 71
     3
 72
     8
 73
     4
 74
     0
 42
0.00000001
 43
0.0000000001
 40
0.0
 40
0.0
 40
0.0
 40
0.0
 40
1.0
 40
1.0
 40
1.0
 40
1.0
 10
-39.83030695483171
 20
-9.023492899379562
 30
0.0
 10
-41.55562988150336
 20
-8.726461767935688
 30
0.0
 10
-43.28223593378493
 20
-8.428377717877083
 30
0.0
 10
-45.01105196864659
 20
-8.127566784678492
 30
0.0
  0
SPLINE
  5
7A1
330
23F
100
AcDbEntity
  8
xian
 62
    18
420
        0
370
     0
100
AcDbSpline
210
0.0
220
0.0
230
1.0
 70
     8
 71
     3
 72
    10
 73
     6
 74
     0
 42
0.00000001
 43
0.0000000001
 40
0.0
 40
0.0
 40
0.0
 40
0.0
 40
0.5
 40
0.5
 40
1.0
 40
1.0
 40
1.0
 40
1.0
 10
-44.97275351721031
 20
-7.820287122207446
 30
0.0
 10
-44.97928526295868
 20
-7.912293467437848
 30
0.0
 10
-44.98590903993386
 20
-7.985205534043416
 30
0.0
 10
-44.99880595009085
 20
-8.088274689100217
 30
0.0
 10
-45.00503715049194
 20
-8.118638009422284
 30
0.0
 10
-45.01105196864659
 20
-8.127566784678492
 30
0.0
  0
SPLINE
  5
7A2
330
23F
100
AcDbEntity
  8
xian
 62
    18
420
        0
370
     0
100
AcDbSpline
210
0.0
220
0.0
230
1.0
 70
     8
 71
     3
 72
    10
 73
     6
 74
     0
 42
0.00000001
 43
0.0000000001
 40
0.0
 40
0.0
 40
0.0
 40
0.0
 40
0.5
 40
0.5
 40
1.0
 40
1.0
 40
1.0
 40
1.0
 10
45.31871520283607
 20
-7.820287122207446
 30
0.0
 10
45.32524694858807
 20
-7.912293467437848
 30
0.0
 10
45.33187072556325
 20
-7.985205534043416
 30
0.0
 10
45.34476763572024
 20
-8.088274689100217
 30
0.0
 10
45.3509988361177
 20
-8.118638009422284
 30
0.0
 10
45.35701365427235
 20
-8.127566784678492
 30
0.0
  0
SPLINE
  5
7A3
330
23F
100
AcDbEntity
  8
xian
 62
    18
420
        0
370
     0
100
AcDbSpline
210
0.0
220
0.0
230
1.0
 70
     8
 71
     3
 72
     8
 73
     4
 74
     0
 42
0.00000001
 43
0.0000000001
 40
0.0
 40
0.0
 40
0.0
 40
0.0
 40
1.0
 40
1.0
 40
1.0
 40
1.0
 10
40.1762686404611
 20
-9.023492899379562
 30
0.0
 10
41.90159156713275
 20
-8.726461767935688
 30
0.0
 10
43.62819761941432
 20
-8.428377717875264
 30
0.0
 10
45.35701365427598
 20
-8.127566784678492
 30
0.0
  0
SPLINE
  5
7A4
330
23F
100
AcDbEntity
  8
xian
 62
    18
420
        0
370
     0
100
AcDbSpline
210
0.0
220
0.0
230
1.0
 70
     8
 71
     3
 72
     8
 73
     4
 74
     0
 42
0.00000001
 43
0.0000000001
 40
0.0
 40
0.0
 40
0.0
 40
0.0
 40
0.0000150286437676
 40
0.0000150286437676
 40
0.0000150286437676
 40
0.0000150286437676
 10
40.1762686404611
 20
-9.023492899379562
 30
0.0
 10
40.17649020641624
 20
-9.023228623260365
 30
0.0
 10
40.17670459538862
 20
-9.022952075672947
 30
0.0
 10
40.17691179679537
 20
-9.022663273031866
 30
0.0
  0
SPLINE
  5
7A5
330
23F
100
AcDbEntity
  8
xian
 62
    18
420
        0
370
     0
100
AcDbSpline
210
0.0
220
0.0
230
1.0
 70
     8
 71
     3
 72
     8
 73
     4
 74
     0
 42
0.00000001
 43
0.0000000001
 40
0.0
 40
0.0
 40
0.0
 40
0.0
 40
0.0000081218167835
 40
0.0000081218167835
 40
0.0000081218167835
 40
0.0000081218167835
 10
40.17691300315277
 20
-9.022663060746708
 30
0.0
 10
40.17701706026423
 20
-9.022508377833219
 30
0.0
 10
40.17712303458688
 20
-9.022349410121023
 30
0.0
 10
40.17723442065403
 20
-9.022185543002706
 30
0.0
  0
SPLINE
  5
7A6
330
23F
100
AcDbEntity
  8
xian
 62
    18
420
        0
370
     0
100
AcDbSpline
210
0.0
220
0.0
230
1.0
 70
     8
 71
     3
 72
     8
 73
     4
 74
     0
 42
0.00000001
 43
0.0000000001
 40
0.0
 40
0.0
 40
0.0
 40
0.0
 40
1.0
 40
1.0
 40
1.0
 40
1.0
 10
40.17723442066494
 20
-9.022185543000887
 30
0.0
 10
40.18589557668678
 20
-9.009443566497793
 30
0.0
 10
40.22049432388962
 20
-8.968068511623641
 30
0.0
 10
40.27568692033606
 20
-8.903704651471343
 30
0.0
  0
SPLINE
  5
7A7
330
23F
100
AcDbEntity
  8
xian
 62
    18
420
        0
370
     0
100
AcDbSpline
210
0.0
220
0.0
230
1.0
 70
     8
 71
     3
 72
     8
 73
     4
 74
     0
 42
0.00000001
 43
0.0000000001
 40
0.0
 40
0.0
 40
0.0
 40
0.0
 40
1.0
 40
1.0
 40
1.0
 40
1.0
 10
40.27568692033241
 20
-8.903704651471343
 30
0.0
 10
40.34146818033264
 20
-8.826992626818537
 30
0.0
 10
40.43287710241862
 20
-8.7212099319986
 30
0.0
 10
40.53596081530781
 20
-8.600452312741253
 30
0.0
  0
SPLINE
  5
7A8
330
23F
100
AcDbEntity
  8
xian
 62
    18
420
        0
370
     0
100
AcDbSpline
210
0.0
220
0.0
230
1.0
 70
     8
 71
     3
 72
     8
 73
     4
 74
     0
 42
0.00000001
 43
0.0000000001
 40
0.0
 40
0.0
 40
0.0
 40
0.0
 40
1.0
 40
1.0
 40
1.0
 40
1.0
 10
-40.05217407078157
 20
-8.496617157423315
 30
0.0
 10
-39.94189911727949
 20
-8.623442830705243
 30
0.0
 10
-39.84407299582085
 20
-8.735969401555848
 30
0.0
 10
-39.77349163629401
 20
-8.81834119153973
 30
0.0
  0
ARC
  5
7A9
330
23F
100
AcDbEntity
  8
xian
 62
    18
420
        0
370
     0
100
AcDbCircle
 10
-39.92507984140753
 20
-8.726554354576364
 30
0.0
 40
0.1772111942535531
100
AcDbArc
 50
268.4978831402674
 51
328.8050452853453
  0
ARC
  5
7AA
330
23F
100
AcDbEntity
  8
xian
 62
    18
420
        0
370
     0
100
AcDbCircle
 10
40.27104152703327
 20
-8.726554354580002
 30
0.0
 40
0.1772111942498444
100
AcDbArc
 50
211.194954713924
 51
271.5021168603056
  0
SPLINE
  5
7AB
330
23F
100
AcDbEntity
  8
xian
 62
    18
420
        0
370
     0
100
AcDbSpline
210
0.0
220
0.0
230
1.0
 70
     8
 71
     3
 72
     8
 73
     4
 74
     0
 42
0.00000001
 43
0.0000000001
 40
0.0
 40
0.0
 40
0.0
 40
0.0
 40
1.0
 40
1.0
 40
1.0
 40
1.0
 10
40.39813575640732
 20
-8.496617157423315
 30
0.0
 10
40.28785889224605
 20
-8.623441667770748
 30
0.0
 10
40.1900346814466
 20
-8.735969401555848
 30
0.0
 10
40.1194533219234
 20
-8.81834119153973
 30
0.0
  0
SPLINE
  5
7AC
330
23F
100
AcDbEntity
  8
xian
 62
    18
420
        0
370
     0
100
AcDbSpline
210
0.0
220
0.0
230
1.0
 70
     8
 71
     3
 72
     8
 73
     4
 74
     0
 42
0.00000001
 43
0.0000000001
 40
0.0
 40
0.0
 40
0.0
 40
0.0
 40
1.0
 40
1.0
 40
1.0
 40
1.0
 10
-39.77349163629401
 20
-8.81834119153973
 30
0.0
 10
-39.84086450690006
 20
-8.732949965193256
 30
0.0
 10
-39.93588029116722
 20
-8.613242701700073
 30
0.0
 10
-40.04093697996427
 20
-8.481412782572078
 30
0.0
  0
SPLINE
  5
7AD
330
23F
100
AcDbEntity
  8
xian
 62
    18
420
        0
370
     0
100
AcDbSpline
210
0.0
220
0.0
230
1.0
 70
     8
 71
     3
 72
     8
 73
     4
 74
     0
 42
0.00000001
 43
0.0000000001
 40
0.0
 40
0.0
 40
0.0
 40
0.0
 40
1.0
 40
1.0
 40
1.0
 40
1.0
 10
40.1194533219234
 20
-8.81834119153973
 30
0.0
 10
40.18682619252581
 20
-8.732949965193256
 30
0.0
 10
40.28184390363754
 20
-8.613243922436595
 30
0.0
 10
40.38689866559002
 20
-8.481412782572078
 30
0.0
  0
ARC
  5
7AE
330
23F
100
AcDbEntity
  8
xian
 62
    18
420
        0
370
     0
100
AcDbCircle
 10
-39.53192933276364
 20
-9.034937850923597
 30
0.0
 40
0.1603566916641401
100
AcDbArc
 50
80.09764190772894
 51
147.8665750469039
  0
SPLINE
  5
7AF
330
23F
100
AcDbEntity
  8
xian
 62
    18
420
        0
370
     0
100
AcDbSpline
210
0.0
220
0.0
230
1.0
 70
     8
 71
     3
 72
    10
 73
     6
 74
     0
 42
0.00000001
 43
0.0000000001
 40
0.0
 40
0.0
 40
0.0
 40
0.0
 40
0.5
 40
0.5
 40
1.0
 40
1.0
 40
1.0
 40
1.0
 10
-39.77349163629401
 20
-8.81834119153973
 30
0.0
 10
-39.74358173871656
 20
-8.854721715584673
 30
0.0
 10
-39.71959346264771
 20
-8.884295816389567
 30
0.0
 10
-39.68377519111959
 20
-8.928741796991744
 30
0.0
 10
-39.67212615392123
 20
-8.943480128466035
 30
0.0
 10
-39.66772126704086
 20
-8.949645300561314
 30
0.0
  0
SPLINE
  5
7B0
330
23F
100
AcDbEntity
  8
xian
 62
    18
420
        0
370
     0
100
AcDbSpline
210
0.0
220
0.0
230
1.0
 70
     8
 71
     3
 72
    10
 73
     6
 74
     0
 42
0.00000001
 43
0.0000000001
 40
0.0
 40
0.0
 40
0.0
 40
0.0
 40
0.5
 40
0.5
 40
1.0
 40
1.0
 40
1.0
 40
1.0
 10
40.1194533219234
 20
-8.81834119153973
 30
0.0
 10
40.08954342434231
 20
-8.854721715584673
 30
0.0
 10
40.06555514827346
 20
-8.884295816389567
 30
0.0
 10
40.02973687674534
 20
-8.928741796991744
 30
0.0
 10
40.01808783955062
 20
-8.943480128466035
 30
0.0
 10
40.01368295267025
 20
-8.949645300561314
 30
0.0
  0
ARC
  5
7B1
330
23F
100
AcDbEntity
  8
xian
 62
    18
420
        0
370
     0
100
AcDbCircle
 10
39.87789101838939
 20
-9.034937850927235
 30
0.0
 40
0.160356691667112
100
AcDbArc
 50
32.13342495400058
 51
99.90235809110588
  0
SPLINE
  5
7B2
330
23F
100
AcDbEntity
  8
xian
 62
    18
420
        0
370
     0
100
AcDbSpline
210
0.0
220
0.0
230
1.0
 70
     8
 71
     3
 72
     8
 73
     4
 74
     0
 42
0.00000001
 43
0.0000000001
 40
0.0
 40
0.0
 40
0.0
 40
0.0
 40
1.0
 40
1.0
 40
1.0
 40
1.0
 10
-40.73287818544918
 20
8.141883058842722
 30
0.0
 10
-40.77767813098103
 20
8.120663375926596
 30
0.0
 10
-40.81648579825627
 20
8.079205580143025
 30
0.0
 10
-40.83361916072749
 20
8.034262604605828
 30
0.0
  0
SPLINE
  5
7B3
330
23F
100
AcDbEntity
  8
xian
 62
    18
420
        0
370
     0
100
AcDbSpline
210
0.0
220
0.0
230
1.0
 70
     8
 71
     3
 72
     8
 73
     4
 74
     0
 42
0.00000001
 43
0.0000000001
 40
0.0
 40
0.0
 40
0.0
 40
0.0
 40
1.0
 40
1.0
 40
1.0
 40
1.0
 10
41.07883986413731
 20
8.141883062065971
 30
0.0
 10
41.12368073790571
 20
8.120677522043479
 30
0.0
 10
41.16251170001783
 20
8.079246690911531
 30
0.0
 10
41.17958757557357
 20
8.034263522227774
 30
0.0
  0
SPLINE
  5
7B4
330
23F
100
AcDbEntity
  8
xian
 62
    18
420
        0
370
     0
100
AcDbSpline
210
0.0
220
0.0
230
1.0
 70
     8
 71
     3
 72
    10
 73
     6
 74
     0
 42
0.00000001
 43
0.0000000001
 40
0.0
 40
0.0
 40
0.0
 40
0.0
 40
0.5
 40
0.5
 40
1.0
 40
1.0
 40
1.0
 40
1.0
 10
-40.83361916072749
 20
8.034262604607647
 30
0.0
 10
-40.91228276404286
 20
8.121880869573942
 30
0.0
 10
-40.97629595073226
 20
8.195514467090106
 30
0.0
 10
-41.07486022518492
 20
8.304079775813079
 30
0.0
 10
-41.10694356869567
 20
8.337447964528109
 30
0.0
 10
-41.11821446508907
 20
8.347445311639603
 30
0.0
  0
ARC
  5
7B5
330
23F
100
AcDbEntity
  8
xian
 62
    18
420
        0
370
     0
100
AcDbCircle
 10
-40.96843602607691
 20
8.290230405260444
 30
0.0
 40
0.1603344202106141
100
AcDbArc
 50
100.3690226888366
 51
159.0932957728413
  0
ARC
  5
7B6
330
23F
100
AcDbEntity
  8
xian
 62
    18
420
        0
370
     0
100
AcDbCircle
 10
41.31439771170266
 20
8.290230405256806
 30
0.0
 40
0.160334420213123
100
AcDbArc
 50
20.90670422776857
 51
79.63097731074395
  0
SPLINE
  5
7B7
330
23F
100
AcDbEntity
  8
xian
 62
    18
420
        0
370
     0
100
AcDbSpline
210
0.0
220
0.0
230
1.0
 70
     8
 71
     3
 72
    10
 73
     6
 74
     0
 42
0.00000001
 43
0.0000000001
 40
0.0
 40
0.0
 40
0.0
 40
0.0
 40
0.5
 40
0.5
 40
1.0
 40
1.0
 40
1.0
 40
1.0
 10
41.17958084635325
 20
8.034262604607647
 30
0.0
 10
41.25824444966861
 20
8.121880869573942
 30
0.0
 10
41.32225763636165
 20
8.195514467088287
 30
0.0
 10
41.4208219108143
 20
8.304079775813079
 30
0.0
 10
41.45290525432142
 20
8.337447964528109
 30
0.0
 10
41.46417615071482
 20
8.347445311639603
 30
0.0
  0
SPLINE
  5
7B8
330
23F
100
AcDbEntity
  8
xian
 62
    18
420
        0
370
     0
100
AcDbSpline
210
0.0
220
0.0
230
1.0
 70
     8
 71
     3
 72
    11
 73
     7
 74
     0
 42
0.00000001
 43
0.0000000001
 40
0.0
 40
0.0
 40
0.0
 40
0.0
 40
0.0000483732772717
 40
0.0000483732772717
 40
0.0000483732772717
 40
0.0000484332772712
 40
0.0000484332772712
 40
0.0000484332772712
 40
0.0000484332772712
 10
-40.88076895757398
 20
7.983481250816112
 30
0.0
 10
-40.87544058595518
 20
7.976962278502469
 30
0.0
 10
-40.86998391470183
 20
7.970508687971232
 30
0.0
 10
-40.86440399136768
 20
7.964120908694894
 30
0.0
 10
-40.86439707028762
 20
7.964112985586325
 30
0.0
 10
-40.86439014896746
 20
7.964105062696035
 30
0.0
 10
-40.86438322755634
 20
7.96409713966932
 30
0.0
  0
SPLINE
  5
7B9
330
23F
100
AcDbEntity
  8
xian
 62
    18
420
        0
370
     0
100
AcDbSpline
210
0.0
220
0.0
230
1.0
 70
     8
 71
     3
 72
    10
 73
     6
 74
     0
 42
0.00000001
 43
0.0000000001
 40
0.0
 40
0.0
 40
0.0
 40
0.0
 40
0.5
 40
0.5
 40
1.0
 40
1.0
 40
1.0
 40
1.0
 10
-41.13928789792476
 20
8.299209444889129
 30
0.0
 10
-41.13148204439198
 20
8.290026899987424
 30
0.0
 10
-41.10336359353527
 20
8.256655289314949
 30
0.0
 10
-41.01364014029309
 20
8.147062577827455
 30
0.0
 10
-40.9542146710562
 20
8.073338078938832
 30
0.0
 10
-40.88076895757398
 20
7.983481250816112
 30
0.0
  0
LINE
  5
7BA
330
23F
100
AcDbEntity
  8
xian
 62
    18
420
        0
370
     0
100
AcDbLine
 10
-41.11995785659087
 20
8.349359356720015
 30
0.0
 11
-41.13928582014409
 21
8.299214835480597
 31
0.0
  0
SPLINE
  5
7BB
330
23F
100
AcDbEntity
  8
xian
 62
    18
420
        0
370
     0
100
AcDbSpline
210
0.0
220
0.0
230
1.0
 70
     8
 71
     3
 72
    11
 73
     7
 74
     0
 42
0.00000001
 43
0.0000000001
 40
0.0
 40
0.0
 40
0.0
 40
0.0
 40
0.0000430797968883
 40
0.0000430797968883
 40
0.0000430797968883
 40
0.0000431397968881
 40
0.0000431397968881
 40
0.0000431397968881
 40
0.0000431397968881
 10
-41.11821446508907
 20
8.347445311639603
 30
0.0
 10
-41.11892179885103
 20
8.348072720580603
 30
0.0
 10
-41.11950296551799
 20
8.348709829093422
 30
0.0
 10
-41.11995611196175
 20
8.349356271646684
 30
0.0
 10
-41.11995674308923
 20
8.349357171988231
 30
0.0
 10
-41.11995737392931
 20
8.349358072448012
 30
0.0
 10
-41.1199580045984
 20
8.349358972727713
 30
0.0
  0
SPLINE
  5
7BC
330
23F
100
AcDbEntity
  8
xian
 62
    18
420
        0
370
     0
100
AcDbSpline
210
0.0
220
0.0
230
1.0
 70
     8
 71
     3
 72
    11
 73
     7
 74
     0
 42
0.00000001
 43
0.0000000001
 40
0.0
 40
0.0
 40
0.0
 40
0.0
 40
0.0000430797968883
 40
0.0000430797968883
 40
0.0000430797968883
 40
0.0000431397968881
 40
0.0000431397968881
 40
0.0000431397968881
 40
0.0000431397968881
 10
41.46417615071482
 20
8.347445311639603
 30
0.0
 10
41.46488348447678
 20
8.348072720580603
 30
0.0
 10
41.46546465114738
 20
8.348709829093422
 30
0.0
 10
41.46591779759114
 20
8.349356271646684
 30
0.0
 10
41.46591842871862
 20
8.349357171988231
 30
0.0
 10
41.46591905935133
 20
8.349358072393442
 30
0.0
 10
41.46591969022416
 20
8.349358972727713
 30
0.0
  0
LINE
  5
7BD
330
23F
100
AcDbEntity
  8
xian
 62
    18
420
        0
370
     0
100
AcDbLine
 10
41.46591954222026
 20
8.349359356721834
 30
0.0
 11
41.48524750577712
 21
8.299214835482416
 31
0.0
  0
SPLINE
  5
7BE
330
23F
100
AcDbEntity
  8
xian
 62
    18
420
        0
370
     0
100
AcDbSpline
210
0.0
220
0.0
230
1.0
 70
     8
 71
     3
 72
    10
 73
     6
 74
     0
 42
0.00000001
 43
0.0000000001
 40
0.0
 40
0.0
 40
0.0
 40
0.0
 40
0.5
 40
0.5
 40
1.0
 40
1.0
 40
1.0
 40
1.0
 10
41.48524958355051
 20
8.299209444889129
 30
0.0
 10
41.4774417819965
 20
8.290028484725553
 30
0.0
 10
41.44932527916103
 20
8.256655289314949
 30
0.0
 10
41.35960182592248
 20
8.147062577829274
 30
0.0
 10
41.30017635668195
 20
8.073338078938832
 30
0.0
 10
41.22673064319974
 20
7.983481250816112
 30
0.0
  0
SPLINE
  5
7BF
330
23F
100
AcDbEntity
  8
xian
 62
    18
420
        0
370
     0
100
AcDbSpline
210
0.0
220
0.0
230
1.0
 70
     8
 71
     3
 72
    11
 73
     7
 74
     0
 42
0.00000001
 43
0.0000000001
 40
0.0
 40
0.0
 40
0.0
 40
0.0
 40
0.0000483732772709
 40
0.0000483732772709
 40
0.0000483732772709
 40
0.0000484332772712
 40
0.0000484332772712
 40
0.0000484332772712
 40
0.0000484332772712
 10
41.22673064319974
 20
7.983481250816112
 30
0.0
 10
41.22140227158093
 20
7.976962278502469
 30
0.0
 10
41.21594560033122
 20
7.970508687971232
 30
0.0
 10
41.21036567699706
 20
7.964120908694894
 30
0.0
 10
41.21035875591701
 20
7.964112985586325
 30
0.0
 10
41.21035183445132
 20
7.964105062670569
 30
0.0
 10
41.21034491318209
 20
7.96409713966932
 30
0.0
  0
ARC
  5
7C0
330
23F
100
AcDbEntity
  8
xian
 62
    18
420
        0
370
     0
100
AcDbCircle
 10
41.41232216092544
 20
8.068114428840999
 30
0.0
 40
0.2039779063413513
100
AcDbArc
 50
204.5138665015115
 51
245.5633367619387
  0
ARC
  5
7C1
330
23F
100
AcDbEntity
  8
xian
 62
    18
420
        0
370
     0
100
AcDbCircle
 10
-41.06636047529969
 20
8.068114428842818
 30
0.0
 40
0.2039779063421169
100
AcDbArc
 50
294.4366632381778
 51
335.4861334984357
  0
SPLINE
  5
7C2
330
23F
100
AcDbEntity
  8
xian
 62
    18
420
        0
370
     0
100
AcDbSpline
210
0.0
220
0.0
230
1.0
 70
     8
 71
     3
 72
    10
 73
     6
 74
     0
 42
0.00000001
 43
0.0000000001
 40
0.0
 40
0.0
 40
0.0
 40
0.0
 40
0.5
 40
0.5
 40
1.0
 40
1.0
 40
1.0
 40
1.0
 10
-40.98197744953426
 20
7.882409040557831
 30
0.0
 10
-41.05941456227879
 20
7.971607869609215
 30
0.0
 10
-41.12282937552004
 20
8.045492809373172
 30
0.0
 10
-41.21939349415401
 20
8.155615614010457
 30
0.0
 10
-41.25028484915015
 20
8.189453273531398
 30
0.0
 10
-41.2601219550495
 20
8.199219616386471
 30
0.0
  0
SPLINE
  5
7C3
330
23F
100
AcDbEntity
  8
xian
 62
    18
420
        0
370
     0
100
AcDbSpline
210
0.0
220
0.0
230
1.0
 70
     8
 71
     3
 72
     8
 73
     4
 74
     0
 42
0.00000001
 43
0.0000000001
 40
0.0
 40
0.0
 40
0.0
 40
0.0
 40
1.0
 40
1.0
 40
1.0
 40
1.0
 10
-41.13928789792476
 20
8.299209444889129
 30
0.0
 10
-41.15894244178412
 20
8.248272583263315
 30
0.0
 10
-41.20639258304868
 20
8.209007730287339
 30
0.0
 10
-41.2601219550495
 20
8.199219616386471
 30
0.0
  0
SPLINE
  5
7C4
330
23F
100
AcDbEntity
  8
xian
 62
    18
420
        0
370
     0
100
AcDbSpline
210
0.0
220
0.0
230
1.0
 70
     8
 71
     3
 72
    10
 73
     6
 74
     0
 42
0.00000001
 43
0.0000000001
 40
0.0
 40
0.0
 40
0.0
 40
0.0
 40
0.5
 40
0.5
 40
1.0
 40
1.0
 40
1.0
 40
1.0
 10
41.32793913516002
 20
7.882409040557831
 30
0.0
 10
41.40537624790454
 20
7.971607869609215
 30
0.0
 10
41.46879106114579
 20
8.045492809373172
 30
0.0
 10
41.5653551797834
 20
8.155615614010457
 30
0.0
 10
41.5962465347759
 20
8.189453273531398
 30
0.0
 10
41.60608364067525
 20
8.199219616386471
 30
0.0
  0
SPLINE
  5
7C5
330
23F
100
AcDbEntity
  8
xian
 62
    18
420
        0
370
     0
100
AcDbSpline
210
0.0
220
0.0
230
1.0
 70
     8
 71
     3
 72
     8
 73
     4
 74
     0
 42
0.00000001
 43
0.0000000001
 40
0.0
 40
0.0
 40
0.0
 40
0.0
 40
1.0
 40
1.0
 40
1.0
 40
1.0
 10
41.60610362947704
 20
8.199239399116777
 30
0.0
 10
41.55235845622451
 20
8.209008552234081
 30
0.0
 10
41.50489311039495
 20
8.248259521244108
 30
0.0
 10
41.4852333473857
 20
8.299191808893738
 30
0.0
  0
SPLINE
  5
7C6
330
23F
100
AcDbEntity
  8
xian
 62
    18
420
        0
370
     0
100
AcDbSpline
210
0.0
220
0.0
230
1.0
 70
     8
 71
     3
 72
     8
 73
     4
 74
     0
 42
0.00000001
 43
0.0000000001
 40
0.0
 40
0.0
 40
0.0
 40
0.0
 40
0.0000157991942541
 40
0.0000157991942541
 40
0.0000157991942541
 40
0.0000157991942541
 10
-41.26012418689493
 20
8.19921920859997
 30
0.0
 10
-41.26033219345186
 20
8.199456482461755
 30
0.0
 10
-41.26054798406108
 20
8.199675855945315
 30
0.0
 10
-41.26077152646098
 20
8.199877358478261
 30
0.0
  0
SPLINE
  5
7C7
330
23F
100
AcDbEntity
  8
xian
 62
    18
420
        0
370
     0
100
AcDbSpline
210
0.0
220
0.0
230
1.0
 70
     8
 71
     3
 72
    10
 73
     6
 74
     0
 42
0.00000001
 43
0.0000000001
 40
0.0
 40
0.0
 40
0.0
 40
0.0
 40
0.5
 40
0.5
 40
1.0
 40
1.0
 40
1.0
 40
1.0
 10
-45.0118771332061
 20
7.550313456278672
 30
0.0
 10
-45.00681761993905
 20
7.542338471075709
 30
0.0
 10
-45.001512911899
 20
7.515396576791317
 30
0.0
 10
-44.99041276078492
 20
7.424030474589017
 30
0.0
 10
-44.98465535131686
 20
7.359465089437435
 30
0.0
 10
-44.97891526952367
 20
7.277997071103527
 30
0.0
  0
SPLINE
  5
7C8
330
23F
100
AcDbEntity
  8
xian
 62
    18
420
        0
370
     0
100
AcDbSpline
210
0.0
220
0.0
230
1.0
 70
     8
 71
     3
 72
     8
 73
     4
 74
     0
 42
0.00000001
 43
0.0000000001
 40
0.0
 40
0.0
 40
0.0
 40
0.0
 40
1.0
 40
1.0
 40
1.0
 40
1.0
 10
-45.0118771332061
 20
7.550313456278672
 30
0.0
 10
-43.76046575808209
 20
7.768061681645122
 30
0.0
 10
-42.51022837077539
 20
7.984334213782858
 30
0.0
 10
-41.26077152645007
 20
8.199877358478261
 30
0.0
  0
SPLINE
  5
7C9
330
23F
100
AcDbEntity
  8
xian
 62
    18
420
        0
370
     0
100
AcDbSpline
210
0.0
220
0.0
230
1.0
 70
     8
 71
     3
 72
    10
 73
     6
 74
     0
 42
0.00000001
 43
0.0000000001
 40
0.0
 40
0.0
 40
0.0
 40
0.0
 40
0.5
 40
0.5
 40
1.0
 40
1.0
 40
1.0
 40
1.0
 10
45.35783881883548
 20
7.550313456278672
 30
0.0
 10
45.35277930556844
 20
7.542338471075709
 30
0.0
 10
45.34747459752475
 20
7.515396576791317
 30
0.0
 10
45.33637444641067
 20
7.424030474590836
 30
0.0
 10
45.33061703694261
 20
7.359465089437435
 30
0.0
 10
45.32487695514942
 20
7.277997071103527
 30
0.0
  0
SPLINE
  5
7CA
330
23F
100
AcDbEntity
  8
xian
 62
    18
420
        0
370
     0
100
AcDbSpline
210
0.0
220
0.0
230
1.0
 70
     8
 71
     3
 72
     8
 73
     4
 74
     0
 42
0.00000001
 43
0.0000000001
 40
0.0
 40
0.0
 40
0.0
 40
0.0
 40
0.0000157991942541
 40
0.0000157991942541
 40
0.0000157991942541
 40
0.0000157991942541
 10
41.60608587252068
 20
8.19921920859997
 30
0.0
 10
41.60629387907761
 20
8.199456482461755
 30
0.0
 10
41.60650966968683
 20
8.199675855945315
 30
0.0
 10
41.60673321208673
 20
8.199877358478261
 30
0.0
  0
SPLINE
  5
7CB
330
23F
100
AcDbEntity
  8
xian
 62
    18
420
        0
370
     0
100
AcDbSpline
210
0.0
220
0.0
230
1.0
 70
     8
 71
     3
 72
     8
 73
     4
 74
     0
 42
0.00000001
 43
0.0000000001
 40
0.0
 40
0.0
 40
0.0
 40
0.0
 40
1.0
 40
1.0
 40
1.0
 40
1.0
 10
45.35783881883548
 20
7.550313456278672
 30
0.0
 10
44.10642744370784
 20
7.768061681645122
 30
0.0
 10
42.85619005640478
 20
7.984334213782858
 30
0.0
 10
41.60673321207946
 20
8.199877358478261
 30
0.0
  0
ELLIPSE
  5
7CC
330
23F
100
AcDbEntity
  8
xian
 62
    18
420
        0
370
     0
100
AcDbEllipse
 10
-23.09683912219839
 20
-7.991025383231317
 30
0.0
 11
-1.253911258116204
 21
1.981873797350886
 31
0.0
210
0.0
220
0.0
230
1.0
 40
0.0420258344833506
 41
3.168175705262628
 42
3.192521171706841
  0
ARC
  5
7CD
330
23F
100
AcDbEntity
  8
xian
 62
    18
420
        0
370
     0
100
AcDbCircle
 10
-21.70579794876608
 20
-9.885047733720057
 30
0.0
 40
0.1602349617338127
100
AcDbArc
 50
212.3544321187962
 51
269.9212548595992
  0
ELLIPSE
  5
7CE
330
23F
100
AcDbEntity
  8
xian
 62
    18
420
        0
370
     0
100
AcDbEllipse
 10
23.44280080788962
 20
-7.991025383231317
 30
0.0
 11
1.253911258116886
 21
1.981873797350885
 31
0.0
210
0.0
220
0.0
230
1.0
 40
0.0420258344833441
 41
3.090664135476957
 42
3.115009601925078
  0
ARC
  5
7CF
330
23F
100
AcDbEntity
  8
xian
 62
    18
420
        0
370
     0
100
AcDbCircle
 10
22.05175963446095
 20
-9.885047733723695
 30
0.0
 40
0.1602349617303805
100
AcDbArc
 50
270.0787451393586
 51
327.6455678818113
  0
SPLINE
  5
7D0
330
23F
100
AcDbEntity
  8
xian
 62
    18
420
        0
370
     0
100
AcDbSpline
210
0.0
220
0.0
230
1.0
 70
     8
 71
     3
 72
     8
 73
     4
 74
     0
 42
0.00000001
 43
0.0000000001
 40
0.0
 40
0.0
 40
0.0
 40
0.0
 40
0.0000391146774542
 40
0.0000391146774542
 40
0.0000391146774542
 40
0.0000391146774542
 10
41.34492862403499
 20
8.449432621904634
 30
0.0
 10
41.3444919392598
 20
8.448915277323976
 30
0.0
 10
41.34393364513312
 20
8.44841991110843
 30
0.0
 10
41.34325587830903
 20
8.447946392161611
 30
0.0
  0
LWPOLYLINE
  5
7D1
330
23F
100
AcDbEntity
  8
xian
 62
    18
420
        0
370
     0
100
AcDbPolyline
 90
        3
 70
   128
 43
0.0
 10
35.41046133790883
 20
9.468063970185539
 10
35.41035785621648
 20
9.576196974479898
 10
35.41025568329065
 20
9.684329978777896
  0
LWPOLYLINE
  5
7D2
330
23F
100
AcDbEntity
  8
xian
 62
    18
420
        0
370
     0
100
AcDbPolyline
 90
        3
 70
   128
 43
0.0
 10
41.47368263402973
 20
8.615227462390976
 10
38.47927839244881
 20
9.143197284012785
 10
35.41025568329065
 20
9.684329978777896
  0
LWPOLYLINE
  5
7D3
330
23F
100
AcDbEntity
  8
xian
 62
    18
420
        0
370
     0
100
AcDbPolyline
 90
        3
 70
   128
 43
0.0
 10
41.47368263402973
 20
8.615227462389157
 10
41.41690079686964
 20
8.542108775260203
 10
41.34492802538739
 20
8.449432730169064
  0
LWPOLYLINE
  5
7D4
330
23F
100
AcDbEntity
  8
xian
 62
    18
420
        0
370
     0
100
AcDbPolyline
 90
        3
 70
   128
 43
0.0
 10
-41.12772094840034
 20
8.615227462390976
 10
-38.13331670682305
 20
9.143197284012785
 10
-35.06429399766489
 20
9.684329978777896
  0
LWPOLYLINE
  5
7D5
330
23F
100
AcDbEntity
  8
xian
 62
    18
420
        0
370
     0
100
AcDbPolyline
 90
        3
 70
   128
 43
0.0
 10
-35.06449965227944
 20
9.468063970185539
 10
-35.06439617059073
 20
9.576196974479898
 10
-35.06429399766489
 20
9.684329978777896
  0
SPLINE
  5
7D6
330
23F
100
AcDbEntity
  8
xian
 62
    18
420
        0
370
     0
100
AcDbSpline
210
0.0
220
0.0
230
1.0
 70
     8
 71
     3
 72
     8
 73
     4
 74
     0
 42
0.00000001
 43
0.0000000001
 40
0.0
 40
0.0
 40
0.0
 40
0.0
 40
0.0000391146774542
 40
0.0000391146774542
 40
0.0000391146774542
 40
0.0000391146774542
 10
-40.9989669384056
 20
8.449432621904634
 30
0.0
 10
-40.9985302536304
 20
8.448915277323976
 30
0.0
 10
-40.99797195950737
 20
8.44841991110843
 30
0.0
 10
-40.99729419268328
 20
8.447946392161611
 30
0.0
  0
LWPOLYLINE
  5
7D7
330
23F
100
AcDbEntity
  8
xian
 62
    18
420
        0
370
     0
100
AcDbPolyline
 90
        3
 70
   128
 43
0.0
 10
-41.12772094840034
 20
8.615227462389157
 10
-41.07093911124389
 20
8.542108775260203
 10
-40.998966339758
 20
8.449432730169064
  0
LINE
  5
7D8
330
23F
100
AcDbEntity
  8
xian
 62
    18
420
        0
370
     0
100
AcDbLine
 10
22.18711872833524
 20
-9.970798294460109
 30
0.0
 11
22.28843643347068
 21
-10.18457946045782
 31
0.0
  0
LINE
  5
7D9
330
23F
100
AcDbEntity
  8
xian
 62
    18
420
        0
370
     0
100
AcDbLine
 10
22.44718887330896
 20
-9.933041084119395
 30
0.0
 11
22.34489172161852
 21
-9.717193278078411
 31
0.0
  0
LINE
  5
7DA
330
23F
100
AcDbEntity
  8
xian
 62
    18
420
        0
370
     0
100
AcDbLine
 10
22.28843643347068
 20
-10.18457946045782
 30
0.0
 11
22.44718887330896
 21
-9.933041084119395
 31
0.0
  0
LINE
  5
7DB
330
23F
100
AcDbEntity
  8
xian
 62
    18
420
        0
370
     0
100
AcDbLine
 10
-21.94247474777944
 20
-10.18457946045782
 30
0.0
 11
-21.841157042644
 21
-9.970798294460109
 31
0.0
  0
LINE
  5
7DC
330
23F
100
AcDbEntity
  8
xian
 62
    18
420
        0
370
     0
100
AcDbLine
 10
-22.10122718761772
 20
-9.933041084119395
 30
0.0
 11
-21.94247474777944
 21
-10.18457946045782
 31
0.0
  0
LINE
  5
7DD
330
23F
100
AcDbEntity
  8
xian
 62
    18
420
        0
370
     0
100
AcDbLine
 10
-21.99893003592729
 20
-9.717193278078411
 30
0.0
 11
-22.10122718761772
 21
-9.933041084119395
 31
0.0
  0
LINE
  5
7DE
330
23F
100
AcDbEntity
  8
xian
 62
    18
420
        0
370
     0
100
AcDbLine
 10
-22.23635205174355
 20
-9.858527275397136
 30
0.0
 11
-22.13412475338259
 21
-9.642826860430432
 31
0.0
  0
ELLIPSE
  5
7DF
330
23F
100
AcDbEntity
  8
xian
 62
    18
420
        0
370
     0
100
AcDbEllipse
 10
-22.23656649401596
 20
-10.01875367279535
 30
0.0
 11
0.0686417761896792
 21
0.1448346952830662
 31
0.0
210
0.0
220
0.0
230
1.0
 40
0.9982704661249554
 41
5.718740601430735
 42
6.725092222471042
  0
LINE
  5
7E0
330
23F
100
AcDbEntity
  8
xian
 62
    18
420
        0
370
     0
100
AcDbLine
 10
22.48008643907383
 20
-9.642826860430432
 30
0.0
 11
22.58231373743843
 21
-9.858527275397136
 31
0.0
  0
ELLIPSE
  5
7E1
330
23F
100
AcDbEntity
  8
xian
 62
    18
420
        0
370
     0
100
AcDbEllipse
 10
22.5825281797072
 20
-10.01875367279535
 30
0.0
 11
0.0686417761894518
 21
-0.1448346952828388
 31
0.0
210
0.0
220
0.0
230
1.0
 40
0.9982704661268416
 41
2.699685738289797
 42
3.706037359336212
  0
SPLINE
  5
7E2
330
23F
100
AcDbEntity
  8
xian
 62
    18
420
        0
370
     0
100
AcDbSpline
210
0.0
220
0.0
230
1.0
 70
     8
 71
     3
 72
     8
 73
     4
 74
     0
 42
0.00000001
 43
0.0000000001
 40
0.0
 40
0.0
 40
0.0
 40
0.0
 40
0.0000080921274566
 40
0.0000080921274566
 40
0.0000080921274566
 40
0.0000080921274566
 10
39.85031453525085
 20
-8.876970113271454
 30
0.0
 10
39.85020247654325
 20
-8.877110657977027
 30
0.0
 10
39.85009617276887
 20
-8.877250193134386
 30
0.0
 10
39.84999563471069
 20
-8.877388714261542
 30
0.0
  0
SPLINE
  5
7E3
330
23F
100
AcDbEntity
  8
xian
 62
    18
420
        0
370
     0
100
AcDbSpline
210
0.0
220
0.0
230
1.0
 70
     8
 71
     3
 72
    11
 73
     7
 74
     0
 42
0.00000001
 43
0.0000000001
 40
0.0000080916294966
 40
0.0000080916294966
 40
0.0000080916294966
 40
0.0000080916294966
 40
0.0018008620402789
 40
0.0018008620402789
 40
0.0018008620402789
 40
0.0043810536794261
 40
0.0043810536794261
 40
0.0043810536794261
 40
0.0043810536794261
 10
39.8499967034943
 20
-8.877388526499998
 30
0.0
 10
39.82604530824687
 20
-8.908371752650054
 30
0.0
 10
39.80212487458926
 20
-8.93931443902511
 30
0.0
 10
39.77823440103316
 20
-8.970217990405217
 30
0.0
 10
39.74385074575116
 20
-9.014695009880597
 30
0.0
 10
39.70952915456951
 20
-9.059090977925734
 30
0.0
 10
39.67526649363504
 20
-9.103409859772
 30
0.0
  0
LINE
  5
7E4
330
23F
100
AcDbEntity
  8
xian
 62
    18
420
        0
370
     0
100
AcDbLine
 10
39.6752664936314
 20
-9.103409859772
 30
0.0
 11
35.39278282272722
 21
-9.858527275397136
 31
0.0
  0
LINE
  5
7E5
330
23F
100
AcDbEntity
  8
xian
 62
    18
420
        0
370
     0
100
AcDbLine
 10
35.39278282272722
 20
-9.642826860430432
 30
0.0
 11
35.39278282272722
 21
-9.858527275397136
 31
0.0
  0
LINE
  5
7E6
330
23F
100
AcDbEntity
  8
xian
 62
    18
420
        0
370
     0
100
AcDbLine
 10
-35.04682113709782
 20
-9.642826860430432
 30
0.0
 11
-35.04682113709782
 21
-9.858527275397136
 31
0.0
  0
LINE
  5
7E7
330
23F
100
AcDbEntity
  8
xian
 62
    18
420
        0
370
     0
100
AcDbLine
 10
-39.32930480800564
 20
-9.103409859772
 30
0.0
 11
-35.04682113709782
 21
-9.858527275397136
 31
0.0
  0
SPLINE
  5
7E8
330
23F
100
AcDbEntity
  8
xian
 62
    18
420
        0
370
     0
100
AcDbSpline
210
0.0
220
0.0
230
1.0
 70
     8
 71
     3
 72
    11
 73
     7
 74
     0
 42
0.00000001
 43
0.0000000001
 40
0.0000080916294966
 40
0.0000080916294966
 40
0.0000080916294966
 40
0.0000080916294966
 40
0.0018008620402789
 40
0.0018008620402789
 40
0.0018008620402789
 40
0.0043810536794261
 40
0.0043810536794261
 40
0.0043810536794261
 40
0.0043810536794261
 10
-39.50403501786855
 20
-8.877388526499998
 30
0.0
 10
-39.48008362262113
 20
-8.908371752650054
 30
0.0
 10
-39.4561631889635
 20
-8.93931443902511
 30
0.0
 10
-39.43227271540741
 20
-8.970217990405217
 30
0.0
 10
-39.39788906012541
 20
-9.014695009880597
 30
0.0
 10
-39.36356746894376
 20
-9.059090977925734
 30
0.0
 10
-39.32930480800564
 20
-9.103409859772
 30
0.0
  0
SPLINE
  5
7E9
330
23F
100
AcDbEntity
  8
xian
 62
    18
420
        0
370
     0
100
AcDbSpline
210
0.0
220
0.0
230
1.0
 70
     8
 71
     3
 72
     8
 73
     4
 74
     0
 42
0.00000001
 43
0.0000000001
 40
0.0
 40
0.0
 40
0.0
 40
0.0
 40
0.0000080921274566
 40
0.0000080921274566
 40
0.0000080921274566
 40
0.0000080921274566
 10
-39.50435284962509
 20
-8.876970113271454
 30
0.0
 10
-39.50424079091749
 20
-8.877110657977027
 30
0.0
 10
-39.50413448714312
 20
-8.877250193134386
 30
0.0
 10
-39.50403394908131
 20
-8.877388714261542
 30
0.0
  0
LINE
  5
7EA
330
23F
100
AcDbEntity
  8
xian
 62
    18
420
        0
370
     0
100
AcDbLine
 10
-22.1406738235753
 20
9.468063970185539
 30
0.0
 11
-22.03873559472845
 21
9.684329978777896
 31
0.0
  0
ELLIPSE
  5
7EB
330
23F
100
AcDbEntity
  8
xian
 62
    18
420
        0
370
     0
100
AcDbEllipse
 10
-22.03894887138154
 20
9.524103581377858
 30
0.0
 11
-0.0683364109465856
 21
-0.1449784149119751
 31
0.0
210
0.0
220
0.0
230
1.0
 40
0.998273896421556
 41
2.670617510370404
 42
3.581397506781216
  0
ELLIPSE
  5
7EC
330
23F
100
AcDbEntity
  8
xian
 62
    18
420
        0
370
     0
100
AcDbEllipse
 10
22.38491055700729
 20
9.524103581377858
 30
0.0
 11
0.0683364109463582
 21
-0.144978414911975
 31
0.0
210
0.0
220
0.0
230
1.0
 40
0.9982738964221596
 41
2.701787800389956
 42
3.61256779680799
  0
LINE
  5
7ED
330
23F
100
AcDbEntity
  8
xian
 62
    18
420
        0
370
     0
100
AcDbLine
 10
22.48663550920105
 20
9.468063970185539
 30
0.0
 11
22.38469728035784
 21
9.684329978777896
 31
0.0
  0
LINE
  5
7EE
330
23F
100
AcDbEntity
  8
xian
 62
    18
420
        0
370
     0
100
AcDbLine
 10
35.41025568329065
 20
9.684329978777896
 30
0.0
 11
22.38469728035784
 21
9.684329978777896
 31
0.0
  0
LINE
  5
7EF
330
23F
100
AcDbEntity
  8
xian
 62
    18
420
        0
370
     0
100
AcDbLine
 10
-35.06429399766489
 20
9.684329978777896
 30
0.0
 11
-22.03873559472845
 21
9.684329978777896
 31
0.0
  0
LINE
  5
7F0
330
23F
100
AcDbEntity
  8
xian
 62
    18
420
        0
370
     0
100
AcDbLine
 10
-22.23635205174355
 20
-9.858527275397136
 30
0.0
 11
-35.04682113709782
 21
-9.858527275397136
 31
0.0
  0
LINE
  5
7F1
330
23F
100
AcDbEntity
  8
xian
 62
    18
420
        0
370
     0
100
AcDbLine
 10
22.58231373743843
 20
-9.858527275397136
 30
0.0
 11
35.39278282272722
 21
-9.858527275397136
 31
0.0
  0
LINE
  5
7F2
330
23F
100
AcDbEntity
  8
xian
 62
    18
420
        0
370
     0
100
AcDbLine
 10
-5.714095599418897
 20
-10.25909326917826
 30
0.0
 11
-5.845776855185931
 21
-10.04528254412253
 31
0.0
  0
ELLIPSE
  5
7F3
330
23F
100
AcDbEntity
  8
xian
 62
    18
420
        0
370
     0
100
AcDbEllipse
 10
-5.71437426861371
 20
-10.09886687178005
 30
0.0
 11
0.0840680175274429
 21
-0.1365011571045898
 31
0.0
210
0.0
220
0.0
230
1.0
 40
0.9980526277675389
 41
5.732042757042314
 42
6.858502406027221
  0
LINE
  5
7F4
330
23F
100
AcDbEntity
  8
xian
 62
    18
420
        0
370
     0
100
AcDbLine
 10
6.191738540877167
 20
-10.04528254412253
 30
0.0
 11
6.060057285110133
 21
-10.25909326917826
 31
0.0
  0
ELLIPSE
  5
7F5
330
23F
100
AcDbEntity
  8
xian
 62
    18
420
        0
370
     0
100
AcDbEllipse
 10
6.060335954308584
 20
-10.09886687178005
 30
0.0
 11
0.0840680175274429
 21
0.1365011571044761
 31
0.0
210
0.0
220
0.0
230
1.0
 40
0.9980526277669337
 41
2.566275554736666
 42
3.692735203724895
  0
LINE
  5
7F6
330
23F
100
AcDbEntity
  8
xian
 62
    18
420
        0
370
     0
100
AcDbLine
 10
-21.7060181695349
 20
-10.04528254412253
 30
0.0
 11
-21.80734988364998
 21
-10.25909326917826
 31
0.0
  0
ELLIPSE
  5
7F7
330
23F
100
AcDbEntity
  8
xian
 62
    18
420
        0
370
     0
100
AcDbEllipse
 10
-21.80713544137757
 20
-10.09886687178005
 30
0.0
 11
0.0686417761896792
 21
0.1448346952829525
 31
0.0
210
0.0
220
0.0
230
1.0
 40
0.9982704661258988
 41
2.5771479478409
 42
3.583499568889725
  0
LINE
  5
7F8
330
23F
100
AcDbEntity
  8
xian
 62
    18
420
        0
370
     0
100
AcDbLine
 10
22.15331156934121
 20
-10.25909326917826
 30
0.0
 11
22.05197985522614
 21
-10.04528254412253
 31
0.0
  0
ELLIPSE
  5
7F9
330
23F
100
AcDbEntity
  8
xian
 62
    18
420
        0
370
     0
100
AcDbEllipse
 10
22.15309712706881
 20
-10.09886687178005
 30
0.0
 11
0.0686417761899066
 21
-0.1448346952830662
 31
0.0
210
0.0
220
0.0
230
1.0
 40
0.9982704661246529
 41
5.841278391878219
 42
6.847630012925785
  0
LINE
  5
7FA
330
23F
100
AcDbEntity
  8
xian
 62
    18
420
        0
370
     0
100
AcDbLine
 10
22.15331156934121
 20
-10.25909326917826
 30
0.0
 11
6.060057285110133
 21
-10.25909326917826
 31
0.0
  0
LINE
  5
7FB
330
23F
100
AcDbEntity
  8
xian
 62
    18
420
        0
370
     0
100
AcDbLine
 10
-5.714095599418897
 20
-10.25909326917826
 30
0.0
 11
-21.80734988364998
 21
-10.25909326917826
 31
0.0
  0
ARC
  5
7FC
330
23F
100
AcDbEntity
  8
xian
 62
    18
420
        0
370
     0
100
AcDbCircle
 10
-39.80351011993184
 20
-8.864135777976116
 30
0.0
 40
0.1604695953195145
100
AcDbArc
 50
260.0372100708025
 51
327.8003872604544
  0
ARC
  5
7FD
330
23F
100
AcDbEntity
  8
xian
 62
    18
420
        0
370
     0
100
AcDbCircle
 10
40.14947180555759
 20
-8.864135777976116
 30
0.0
 40
0.1604695953196829
100
AcDbArc
 50
212.1996127396105
 51
279.9627899291462
  0
ARC
  5
7FE
330
23F
100
AcDbEntity
  8
xian
 62
    18
420
        0
370
     0
100
AcDbCircle
 10
45.32096224935162
 20
-7.930443791137804
 30
0.0
 40
0.2003925606899167
100
AcDbArc
 50
280.3641628054423
 51
359.8140467185309
  0
ARC
  5
7FF
330
23F
100
AcDbEntity
  8
xian
 62
    18
420
        0
370
     0
100
AcDbCircle
 10
-44.97500056372587
 20
-7.930443791139623
 30
0.0
 40
0.2003925606887765
100
AcDbArc
 50
180.1859532811564
 51
259.6358371949353
  0
ARC
  5
800
330
23F
100
AcDbEntity
  8
xian
 62
    18
420
        0
370
     0
100
AcDbCircle
 10
45.3217850407666
 20
7.353190636536965
 30
0.0
 40
0.2003928166774282
100
AcDbArc
 50
0.18618135795231
 51
79.63516080226042
  0
ARC
  5
801
330
23F
100
AcDbEntity
  8
xian
 62
    18
420
        0
370
     0
100
AcDbCircle
 10
-44.97582335514084
 20
7.353190636538784
 30
0.0
 40
0.2003928166761845
100
AcDbArc
 50
100.3648391968913
 51
179.8138186422561
  0
SPLINE
  5
802
330
23F
100
AcDbEntity
  8
xian
 62
    18
420
        0
370
     0
100
AcDbSpline
210
0.0
220
0.0
230
1.0
 70
     8
 71
     3
 72
     8
 73
     4
 74
     0
 42
0.00000001
 43
0.0000000001
 40
0.0
 40
0.0
 40
0.0
 40
0.0
 40
0.0000136973196694
 40
0.0000136973196694
 40
0.0000136973196694
 40
0.0000136973196694
 10
40.01339321433556
 20
-8.950069364849696
 30
0.0
 10
40.01321699991899
 20
-8.950317628738048
 30
0.0
 10
40.01303729870346
 20
-8.950560345047051
 30
0.0
 10
40.0128541136612
 20
-8.950797508556206
 30
0.0
  0
SPLINE
  5
803
330
23F
100
AcDbEntity
  8
xian
 62
    18
420
        0
370
     0
100
AcDbSpline
210
0.0
220
0.0
230
1.0
 70
     8
 71
     3
 72
    14
 73
    10
 74
     0
 42
0.00000001
 43
0.0000000001
 40
0.0
 40
0.0
 40
0.0
 40
0.0
 40
0.0004000000001176
 40
0.0004000000001176
 40
0.0004000000001176
 40
0.0020000000142566
 40
0.0020000000142566
 40
0.0020000000142566
 40
0.0043549141198175
 40
0.0043549141198175
 40
0.0043549141198175
 40
0.0043549141198175
 10
40.0128541136612
 20
-8.950797508556206
 30
0.0
 10
40.00750459866617
 20
-8.957723345607519
 30
0.0
 10
40.00215664163556
 20
-8.964647119248184
 30
0.0
 10
39.99681023143353
 20
-8.971568845921865
 30
0.0
 10
39.97542459054171
 20
-8.999255752733006
 30
0.0
 10
39.95406370087153
 20
-9.0269099115485
 30
0.0
 10
39.93272683334658
 20
-9.054532347539861
 30
0.0
 10
39.90132277733869
 20
-9.095187637081835
 30
0.0
 10
39.86997076376724
 20
-9.135774215315905
 30
0.0
 10
39.83866836990569
 20
-9.176295190074597
 30
0.0
  0
SPLINE
  5
804
330
23F
100
AcDbEntity
  8
xian
 62
    18
420
        0
370
     0
100
AcDbSpline
210
0.0
220
0.0
230
1.0
 70
     8
 71
     3
 72
     8
 73
     4
 74
     0
 42
0.00000001
 43
0.0000000001
 40
0.0
 40
0.0
 40
0.0
 40
0.0
 40
1.0
 40
1.0
 40
1.0
 40
1.0
 10
39.67526649363504
 20
-9.103409859772
 30
0.0
 10
39.73815026324451
 20
-9.092321754540535
 30
0.0
 10
39.80499972517214
 20
-9.122133632881741
 30
0.0
 10
39.83866836990569
 20
-9.176295190074597
 30
0.0
  0
SPLINE
  5
805
330
23F
100
AcDbEntity
  8
xian
 62
    18
420
        0
370
     0
100
AcDbSpline
210
0.0
220
0.0
230
1.0
 70
     8
 71
     3
 72
    10
 73
     6
 74
     0
 42
0.00000001
 43
0.0000000001
 40
0.0
 40
0.0
 40
0.0
 40
0.0
 40
0.5
 40
0.5
 40
1.0
 40
1.0
 40
1.0
 40
1.0
 10
39.84999670329057
 20
-8.877388526765571
 30
0.0
 10
39.88152002930588
 20
-8.871857209413064
 30
0.0
 10
39.91472020854713
 20
-8.876086325923097
 30
0.0
 10
39.97309120316936
 20
-8.902615424538453
 30
0.0
 10
39.99813709399246
 20
-8.92485862954345
 30
0.0
 10
40.01474973982408
 20
-8.952267318565645
 30
0.0
  0
SPLINE
  5
806
330
23F
100
AcDbEntity
  8
xian
 62
    18
420
        0
370
     0
100
AcDbSpline
210
0.0
220
0.0
230
1.0
 70
     8
 71
     3
 72
     8
 73
     4
 74
     0
 42
0.00000001
 43
0.0000000001
 40
0.0
 40
0.0
 40
0.0
 40
0.0
 40
0.0000074195834663
 40
0.0000074195834663
 40
0.0000074195834663
 40
0.0000074195834663
 10
40.01368295266661
 20
-8.949645300561314
 30
0.0
 10
40.01358507999543
 20
-8.949782321786187
 30
0.0
 10
40.0134919764198
 20
-8.949917172660207
 30
0.0
 10
40.01340365579312
 20
-8.950049850795039
 30
0.0
  0
SPLINE
  5
807
330
23F
100
AcDbEntity
  8
xian
 62
    18
420
        0
370
     0
100
AcDbSpline
210
0.0
220
0.0
230
1.0
 70
     8
 71
     3
 72
    10
 73
     6
 74
     0
 42
0.00000001
 43
0.0000000001
 40
0.0
 40
0.0
 40
0.0
 40
0.0
 40
0.5
 40
0.5
 40
1.0
 40
1.0
 40
1.0
 40
1.0
 10
-39.66880013125115
 20
-8.952249879137525
 30
0.0
 10
-39.6521853148231
 20
-8.924844156410472
 30
0.0
 10
-39.62713560601037
 20
-8.902606191104496
 30
0.0
 10
-39.56875494791962
 20
-8.87609028514089
 30
0.0
 10
-39.53554894261174
 20
-8.871869092772612
 30
0.0
 10
-39.5040197672904
 20
-8.877408300118986
 30
0.0
  0
SPLINE
  5
808
330
23F
100
AcDbEntity
  8
xian
 62
    18
420
        0
370
     0
100
AcDbSpline
210
0.0
220
0.0
230
1.0
 70
     8
 71
     3
 72
     8
 73
     4
 74
     0
 42
0.00000001
 43
0.0000000001
 40
0.0
 40
0.0
 40
0.0
 40
0.0
 40
0.0000074195834663
 40
0.0000074195834663
 40
0.0000074195834663
 40
0.0000074195834663
 10
-39.66772126704086
 20
-8.949645300561314
 30
0.0
 10
-39.66762339436968
 20
-8.949782321786187
 30
0.0
 10
-39.66753029079041
 20
-8.949917172660207
 30
0.0
 10
-39.66744197016737
 20
-8.950049850795039
 30
0.0
  0
SPLINE
  5
809
330
23F
100
AcDbEntity
  8
xian
 62
    18
420
        0
370
     0
100
AcDbSpline
210
0.0
220
0.0
230
1.0
 70
     8
 71
     3
 72
     8
 73
     4
 74
     0
 42
0.00000001
 43
0.0000000001
 40
0.0
 40
0.0
 40
0.0
 40
0.0
 40
1.0
 40
1.0
 40
1.0
 40
1.0
 10
-39.32930480800564
 20
-9.103409859772
 30
0.0
 10
-39.39218857761876
 20
-9.092321754540535
 30
0.0
 10
-39.45903803954639
 20
-9.122133632879922
 30
0.0
 10
-39.4927066842763
 20
-9.176295190074597
 30
0.0
  0
SPLINE
  5
80A
330
23F
100
AcDbEntity
  8
xian
 62
    18
420
        0
370
     0
100
AcDbSpline
210
0.0
220
0.0
230
1.0
 70
     8
 71
     3
 72
    14
 73
    10
 74
     0
 42
0.00000001
 43
0.0000000001
 40
0.0
 40
0.0
 40
0.0
 40
0.0
 40
0.0004000000001177
 40
0.0004000000001177
 40
0.0004000000001177
 40
0.0020000000142566
 40
0.0020000000142566
 40
0.0020000000142566
 40
0.0043549141198175
 40
0.0043549141198175
 40
0.0043549141198175
 40
0.0043549141198175
 10
-39.66689242803182
 20
-8.950797508556206
 30
0.0
 10
-39.66154291304042
 20
-8.957723345607519
 30
0.0
 10
-39.65619495600618
 20
-8.964647119248184
 30
0.0
 10
-39.65084854580414
 20
-8.971568845921865
 30
0.0
 10
-39.62946290491231
 20
-8.999255752733006
 30
0.0
 10
-39.60810201524578
 20
-9.0269099115485
 30
0.0
 10
-39.58676514772083
 20
-9.054532347539861
 30
0.0
 10
-39.5553610917093
 20
-9.095187637081835
 30
0.0
 10
-39.52400907813785
 20
-9.135774215314086
 30
0.0
 10
-39.4927066842763
 20
-9.176295190074597
 30
0.0
  0
SPLINE
  5
80B
330
23F
100
AcDbEntity
  8
xian
 62
    18
420
        0
370
     0
100
AcDbSpline
210
0.0
220
0.0
230
1.0
 70
     8
 71
     3
 72
     8
 73
     4
 74
     0
 42
0.00000001
 43
0.0000000001
 40
0.0
 40
0.0
 40
0.0
 40
0.0
 40
0.0000136973196694
 40
0.0000136973196694
 40
0.0000136973196694
 40
0.0000136973196694
 10
-39.66743152870618
 20
-8.950069364849696
 30
0.0
 10
-39.66725531428961
 20
-8.950317628738048
 30
0.0
 10
-39.66707561307408
 20
-8.950560345047051
 30
0.0
 10
-39.66689242803182
 20
-8.950797508556206
 30
0.0
  0
SPLINE
  5
80C
330
23F
100
AcDbEntity
  8
xian
 62
    18
420
        0
370
     0
100
AcDbSpline
210
0.0
220
0.0
230
1.0
 70
     8
 71
     3
 72
    10
 73
     6
 74
     0
 42
0.00000001
 43
0.0000000001
 40
0.0
 40
0.0
 40
0.0
 40
0.0
 40
0.5
 40
0.5
 40
1.0
 40
1.0
 40
1.0
 40
1.0
 10
40.01339839417346
 20
-8.950062064082885
 30
0.0
 10
40.03023969947321
 20
-8.976829839581114
 30
0.0
 10
40.05520805245692
 20
-8.998439858727579
 30
0.0
 10
40.11304925416266
 20
-9.024117836055665
 30
0.0
 10
40.14580460331785
 20
-9.028133631572927
 30
0.0
 10
40.17691788675733
 20
-9.022654778265859
 30
0.0
  0
ARC
  5
80D
330
23F
100
AcDbEntity
  8
xian
 62
    18
420
        0
370
     0
100
AcDbCircle
 10
40.14866241791174
 20
-8.865529570701255
 30
0.0
 40
0.1603574654645313
100
AcDbArc
 50
212.1228670019794
 51
279.9130965988965
  0
SPLINE
  5
80E
330
23F
100
AcDbEntity
  8
xian
 62
    18
420
        0
370
     0
100
AcDbSpline
210
0.0
220
0.0
230
1.0
 70
     8
 71
     3
 72
    10
 73
     6
 74
     0
 42
0.00000001
 43
0.0000000001
 40
0.0
 40
0.0
 40
0.0
 40
0.0
 40
0.5
 40
0.5
 40
1.0
 40
1.0
 40
1.0
 40
1.0
 10
-39.83097315090049
 20
-9.022630506435234
 30
0.0
 10
-39.79985324916629
 20
-9.028119211177909
 30
0.0
 10
-39.7670910096283
 20
-9.024112844779665
 30
0.0
 10
-39.70923837397345
 20
-8.998449799655645
 30
0.0
 10
-39.68426551379958
 20
-8.976845259090623
 30
0.0
 10
-39.66742188835338
 20
-8.950080252096086
 30
0.0
  0
ARC
  5
80F
330
23F
100
AcDbEntity
  8
xian
 62
    18
420
        0
370
     0
100
AcDbCircle
 10
-39.80270073228599
 20
-8.865529570706712
 30
0.0
 40
0.1603574654595115
100
AcDbArc
 50
260.086903399887
 51
327.8771329991916
  0
SPLINE
  5
810
330
23F
100
AcDbEntity
  8
xian
 62
    18
420
        0
370
     0
100
AcDbSpline
210
0.0
220
0.0
230
1.0
 70
     8
 71
     3
 72
    17
 73
    13
 74
     0
 42
0.00000001
 43
0.0000000001
 40
0.0000000000000002
 40
0.0000000000000002
 40
0.0000000000000002
 40
0.0000000000000002
 40
0.0007999968508147
 40
0.0007999968508147
 40
0.0007999968508147
 40
0.0025753026180285
 40
0.0025753026180285
 40
0.0025753026180285
 40
0.0029908357155829
 40
0.0029908357155829
 40
0.0029908357155829
 40
0.0043506084612771
 40
0.0043506084612771
 40
0.0043506084612771
 40
0.0043506084612771
 10
40.00206661051857
 20
-9.249180434291702
 30
0.0
 10
40.01271165758521
 20
-9.235390474630548
 30
0.0
 10
40.02336249973382
 20
-9.221592780500941
 30
0.0
 10
40.03401923500064
 20
-9.207787228499
 30
0.0
 10
40.05766803246593
 20
-9.177150762923702
 30
0.0
 10
40.08134585364973
 20
-9.146475604624356
 30
0.0
 10
40.1050537446165
 20
-9.115760359580235
 30
0.0
 10
40.11060288077283
 20
-9.10857106226831
 30
0.0
 10
40.11615366416594
 20
-9.101379568495758
 30
0.0
 10
40.12170610792895
 20
-9.094185859872595
 30
0.0
 10
40.13987568749075
 20
-9.070645475350829
 30
0.0
 10
40.1580630478777
 20
-9.047081375176276
 30
0.0
 10
40.1762686404611
 20
-9.023492899379562
 30
0.0
  0
SPLINE
  5
811
330
23F
100
AcDbEntity
  8
xian
 62
    18
420
        0
370
     0
100
AcDbSpline
210
0.0
220
0.0
230
1.0
 70
     8
 71
     3
 72
     8
 73
     4
 74
     0
 42
0.00000001
 43
0.0000000001
 40
0.0
 40
0.0
 40
0.0
 40
0.0
 40
1.0
 40
1.0
 40
1.0
 40
1.0
 10
39.83866836990569
 20
-9.176295190074597
 30
0.0
 10
39.8723759220004
 20
-9.230519336168072
 30
0.0
 10
39.93919115118411
 20
-9.260266562620017
 30
0.0
 10
40.00206661051857
 20
-9.249180434291702
 30
0.0
  0
SPLINE
  5
812
330
23F
100
AcDbEntity
  8
xian
 62
    18
420
        0
370
     0
100
AcDbSpline
210
0.0
220
0.0
230
1.0
 70
     8
 71
     3
 72
    17
 73
    13
 74
     0
 42
0.00000001
 43
0.0000000001
 40
0.0000000000000002
 40
0.0000000000000002
 40
0.0000000000000002
 40
0.0000000000000002
 40
0.0007999968508147
 40
0.0007999968508147
 40
0.0007999968508147
 40
0.0025753026180285
 40
0.0025753026180285
 40
0.0025753026180285
 40
0.0029908357155829
 40
0.0029908357155829
 40
0.0029908357155829
 40
0.0043506084612771
 40
0.0043506084612771
 40
0.0043506084612771
 40
0.0043506084612771
 10
-39.65610492489282
 20
-9.249180434291702
 30
0.0
 10
-39.66674997195582
 20
-9.235390474630548
 30
0.0
 10
-39.67740081410807
 20
-9.221592780500941
 30
0.0
 10
-39.68805754937489
 20
-9.207787228499
 30
0.0
 10
-39.71170634684018
 20
-9.177150762923702
 30
0.0
 10
-39.73538416802398
 20
-9.146475604624356
 30
0.0
 10
-39.75909205899075
 20
-9.115760359580235
 30
0.0
 10
-39.76464119514708
 20
-9.10857106226831
 30
0.0
 10
-39.7701919785402
 20
-9.101379568495758
 30
0.0
 10
-39.7757444223032
 20
-9.094185859872595
 30
0.0
 10
-39.793914001865
 20
-9.070645475350829
 30
0.0
 10
-39.81210136225195
 20
-9.047081375176276
 30
0.0
 10
-39.83030695483171
 20
-9.023492899379562
 30
0.0
  0
SPLINE
  5
813
330
23F
100
AcDbEntity
  8
xian
 62
    18
420
        0
370
     0
100
AcDbSpline
210
0.0
220
0.0
230
1.0
 70
     8
 71
     3
 72
     8
 73
     4
 74
     0
 42
0.00000001
 43
0.0000000001
 40
0.0
 40
0.0
 40
0.0
 40
0.0
 40
1.0
 40
1.0
 40
1.0
 40
1.0
 10
-39.4927066842763
 20
-9.176295190074597
 30
0.0
 10
-39.52641423637465
 20
-9.230519336166253
 30
0.0
 10
-39.59322946555472
 20
-9.260266562620017
 30
0.0
 10
-39.65610492489282
 20
-9.249180434291702
 30
0.0
  0
LWPOLYLINE
  5
814
330
23F
100
AcDbEntity
  8
xian
 62
    18
420
        0
370
     0
100
AcDbPolyline
 90
        4
 70
   128
 43
0.0
 10
45.35701365427235
 20
-8.127566784680311
 10
45.37781816836946
 20
-8.148383092968288
 10
45.4610422745784
 20
-8.231653607617772
 10
45.5077966679521
 20
-8.278433540326659
  0
LWPOLYLINE
  5
815
330
23F
100
AcDbEntity
  8
xian
 62
    18
420
        0
370
     0
100
AcDbPolyline
 90
        4
 70
   128
 43
0.0
 10
45.5077966679521
 20
-8.278433540326659
 10
42.95982394542375
 20
-8.727676281843741
 10
40.1212324889741
 20
-9.228169250178325
 10
40.00206661051857
 20
-9.249180434291702
  0
LWPOLYLINE
  5
816
330
23F
100
AcDbEntity
  8
xian
 62
    18
420
        0
370
     0
100
AcDbPolyline
 90
        4
 70
   128
 43
0.0
 10
-45.16183498232635
 20
-8.278433540326659
 10
-42.613862259798
 20
-8.727676281843741
 10
-39.77527080334471
 20
-9.228169250178325
 10
-39.65610492489282
 20
-9.249180434291702
  0
LWPOLYLINE
  5
817
330
23F
100
AcDbEntity
  8
xian
 62
    18
420
        0
370
     0
100
AcDbPolyline
 90
        4
 70
   128
 43
0.0
 10
-45.01105196864659
 20
-8.127566784680311
 10
-45.0318564827437
 20
-8.148383092968288
 10
-45.11508058895265
 20
-8.231653607617772
 10
-45.16183498232635
 20
-8.278433540326659
  0
SPLINE
  5
818
330
23F
100
AcDbEntity
  8
xian
 62
    18
420
        0
370
     0
100
AcDbSpline
210
0.0
220
0.0
230
1.0
 70
     8
 71
     3
 72
     8
 73
     4
 74
     0
 42
0.00000001
 43
0.0000000001
 40
0.0
 40
0.0
 40
0.0
 40
0.0
 40
1.0
 40
1.0
 40
1.0
 40
1.0
 10
-40.9989669384056
 20
8.449432621904634
 30
0.0
 10
-41.05276846792253
 20
8.439692946883951
 30
0.0
 10
-41.10029793729768
 20
8.400380561319252
 30
0.0
 10
-41.1199580045984
 20
8.349358972727713
 30
0.0
  0
SPLINE
  5
819
330
23F
100
AcDbEntity
  8
xian
 62
    18
420
        0
370
     0
100
AcDbSpline
210
0.0
220
0.0
230
1.0
 70
     8
 71
     3
 72
     8
 73
     4
 74
     0
 42
0.00000001
 43
0.0000000001
 40
0.0
 40
0.0
 40
0.0
 40
0.0
 40
1.0
 40
1.0
 40
1.0
 40
1.0
 10
41.46592750768036
 20
8.349369593262963
 30
0.0
 10
41.44626393005023
 20
8.400386772480487
 30
0.0
 10
41.39872807446159
 20
8.439690976940255
 30
0.0
 10
41.34492008174425
 20
8.449422501769731
 30
0.0
  0
LWPOLYLINE
  5
81A
330
23F
100
AcDbEntity
  8
xian
 62
    18
420
        0
370
     0
100
AcDbPolyline
 90
        6
 70
   128
 43
0.0
 10
-41.11995785659451
 20
8.349359356721834
 10
-41.13937944696295
 20
8.374318625377782
 10
-41.17823399426265
 20
8.424253416649662
 10
-41.21364436257204
 20
8.469763742052236
 10
-41.21711000354184
 20
8.474217970611789
 10
-41.24906703299052
 20
8.515291677200366
  0
SPLINE
  5
81B
330
23F
100
AcDbEntity
  8
xian
 62
    18
420
        0
370
     0
100
AcDbSpline
210
0.0
220
0.0
230
1.0
 70
     8
 71
     3
 72
     8
 73
     4
 74
     0
 42
0.00000001
 43
0.0000000001
 40
0.0
 40
0.0
 40
0.0
 40
0.0
 40
1.0
 40
1.0
 40
1.0
 40
1.0
 10
-41.24906703301599
 20
8.515291677209461
 30
0.0
 10
-41.22918887414266
 20
8.566926565064932
 30
0.0
 10
-41.18220958631058
 20
8.605620162454215
 30
0.0
 10
-41.12772094840034
 20
8.615227462390976
 30
0.0
  0
LWPOLYLINE
  5
81C
330
23F
100
AcDbEntity
  8
xian
 62
    18
420
        0
370
     0
100
AcDbPolyline
 90
        6
 70
   128
 43
0.0
 10
41.46591954222026
 20
8.349359356721834
 10
41.4853411325887
 20
8.374318625377782
 10
41.5241956798884
 20
8.424253416649662
 10
41.55960604819779
 20
8.469763742052236
 10
41.5630716891676
 20
8.474217970611789
 10
41.59502871861628
 20
8.515291677200366
  0
SPLINE
  5
81D
330
23F
100
AcDbEntity
  8
xian
 62
    18
420
        0
370
     0
100
AcDbSpline
210
0.0
220
0.0
230
1.0
 70
     8
 71
     3
 72
     8
 73
     4
 74
     0
 42
0.00000001
 43
0.0000000001
 40
0.0
 40
0.0
 40
0.0
 40
0.0
 40
1.0
 40
1.0
 40
1.0
 40
1.0
 10
41.59502871864538
 20
8.515291677209461
 30
0.0
 10
41.57515055976841
 20
8.566926565066751
 30
0.0
 10
41.52817127193634
 20
8.605620162452396
 30
0.0
 10
41.47368263402973
 20
8.615227462390976
 30
0.0
  0
LINE
  5
81E
330
23F
100
AcDbEntity
  8
xian
 62
    18
420
        0
370
     0
100
AcDbLine
 10
41.61416291059071
 20
8.465589186358556
 30
0.0
 11
41.59502871861628
 21
8.515291677200366
 31
0.0
  0
LWPOLYLINE
  5
81F
330
23F
100
AcDbEntity
  8
xian
 62
    18
420
        0
370
     0
100
AcDbPolyline
 90
        6
 70
   128
 43
0.0
 10
41.61416291059071
 20
8.465589186358556
 10
41.59473595088207
 20
8.440528525030458
 10
41.55589321497905
 20
8.390422196875078
 10
41.52080932132889
 20
8.345165351411196
 10
41.49144754839949
 20
8.307290299189844
 10
41.48573787114878
 20
8.299925185034226
  0
SPLINE
  5
820
330
23F
100
AcDbEntity
  8
xian
 62
    18
420
        0
370
     0
100
AcDbSpline
210
0.0
220
0.0
230
1.0
 70
     8
 71
     3
 72
    11
 73
     7
 74
     0
 42
0.00000001
 43
0.0000000001
 40
0.0
 40
0.0
 40
0.0
 40
0.0
 40
0.0000162961149871
 40
0.0000162961149871
 40
0.0000162961149871
 40
0.000016356114987
 40
0.000016356114987
 40
0.000016356114987
 40
0.000016356114987
 10
41.48573787114878
 20
8.299925185034226
 30
0.0
 10
41.48556836085049
 20
8.299706527968737
 30
0.0
 10
41.48540547386369
 20
8.299470683390609
 30
0.0
 10
41.48524923129957
 20
8.299217631289138
 30
0.0
 10
41.48524865603326
 20
8.299216699588214
 30
0.0
 10
41.48524808098886
 20
8.299215767628993
 30
0.0
 10
41.48524750577712
 20
8.299214835482416
 30
0.0
  0
SPLINE
  5
821
330
23F
100
AcDbEntity
  8
xian
 62
    18
420
        0
370
     0
100
AcDbSpline
210
0.0
220
0.0
230
1.0
 70
     8
 71
     3
 72
    11
 73
     7
 74
     0
 42
0.00000001
 43
0.0000000001
 40
0.0
 40
0.0
 40
0.0
 40
0.0
 40
0.0000162961149871
 40
0.0000162961149871
 40
0.0000162961149871
 40
0.000016356114987
 40
0.000016356114987
 40
0.000016356114987
 40
0.000016356114987
 10
-41.13977618552303
 20
8.299925185034226
 30
0.0
 10
-41.13960667522474
 20
8.299706527968737
 30
0.0
 10
-41.13944378823794
 20
8.299470683390609
 30
0.0
 10
-41.13928754567019
 20
8.299217631289138
 30
0.0
 10
-41.1392869704075
 20
8.299216699588214
 30
0.0
 10
-41.1392863953231
 20
8.29921576741799
 30
0.0
 10
-41.13928582015137
 20
8.299214835482416
 30
0.0
  0
LWPOLYLINE
  5
822
330
23F
100
AcDbEntity
  8
xian
 62
    18
420
        0
370
     0
100
AcDbPolyline
 90
        6
 70
   128
 43
0.0
 10
-41.26820122496496
 20
8.465589186358556
 10
-41.24877426525631
 20
8.440528525030458
 10
-41.20993152934966
 20
8.390422196875078
 10
-41.17484763570314
 20
8.345165351411196
 10
-41.1454858627701
 20
8.307290299189844
 10
-41.13977618552303
 20
8.299925185034226
  0
LINE
  5
823
330
23F
100
AcDbEntity
  8
xian
 62
    18
420
        0
370
     0
100
AcDbLine
 10
-41.26820122496496
 20
8.465589186358556
 30
0.0
 11
-41.24906703299052
 21
8.515291677200366
 31
0.0
  0
ARC
  5
824
330
23F
100
AcDbEntity
  8
xian
 62
    18
420
        0
370
     0
100
AcDbCircle
 10
41.63528136387253
 20
8.357591063666404
 30
0.0
 40
0.1602766663450906
100
AcDbArc
 50
201.0872755722125
 51
259.7398449310985
  0
ARC
  5
825
330
23F
100
AcDbEntity
  8
xian
 62
    18
420
        0
370
     0
100
AcDbCircle
 10
-41.28931967824678
 20
8.357591063666404
 30
0.0
 40
0.1602766663450193
100
AcDbArc
 50
280.2601550690134
 51
338.9127244277923
  0
LWPOLYLINE
  5
826
330
23F
100
AcDbEntity
  8
xian
 62
    18
420
        0
370
     0
100
AcDbPolyline
 90
        3
 70
   128
 43
0.0
 10
41.60673321207946
 20
8.199877358478261
 10
41.6631575396816
 20
8.272512923549584
 10
41.73550644265856
 20
8.365653676659349
  0
SPLINE
  5
827
330
23F
100
AcDbEntity
  8
xian
 62
    18
420
        0
370
     0
100
AcDbSpline
210
0.0
220
0.0
230
1.0
 70
     8
 71
     3
 72
     8
 73
     4
 74
     0
 42
0.00000001
 43
0.0000000001
 40
0.0
 40
0.0
 40
0.0
 40
0.0
 40
1.0
 40
1.0
 40
1.0
 40
1.0
 10
41.73550644265856
 20
8.365653676659349
 30
0.0
 10
41.68101859297826
 20
8.375261354680333
 30
0.0
 10
41.63404067877786
 20
8.413955088428338
 30
0.0
 10
41.61416291061982
 20
8.46558918636947
 30
0.0
  0
LWPOLYLINE
  5
828
330
23F
100
AcDbEntity
  8
xian
 62
    18
420
        0
370
     0
100
AcDbPolyline
 90
        3
 70
   128
 43
0.0
 10
-41.26077152645371
 20
8.199877358478261
 10
-41.31719585405221
 20
8.272512923549584
 10
-41.38954475703281
 20
8.365653676659349
  0
SPLINE
  5
829
330
23F
100
AcDbEntity
  8
xian
 62
    18
420
        0
370
     0
100
AcDbSpline
210
0.0
220
0.0
230
1.0
 70
     8
 71
     3
 72
     8
 73
     4
 74
     0
 42
0.00000001
 43
0.0000000001
 40
0.0
 40
0.0
 40
0.0
 40
0.0
 40
1.0
 40
1.0
 40
1.0
 40
1.0
 10
-41.38954475703281
 20
8.365653676659349
 30
0.0
 10
-41.3350569073525
 20
8.375261354680333
 30
0.0
 10
-41.28807899314847
 20
8.413955088428338
 30
0.0
 10
-41.26820122499043
 20
8.46558918636947
 30
0.0
  0
LWPOLYLINE
  5
82A
330
23F
100
AcDbEntity
  8
xian
 62
    18
420
        0
370
     0
100
AcDbPolyline
 90
        4
 70
   128
 43
0.0
 10
-45.1618383123357
 20
7.700496543706321
 10
-45.14103054615111
 20
7.679658787161315
 10
-45.05780547082099
 20
7.596311201981734
 10
-45.0118771332061
 20
7.550313456278672
  0
LINE
  5
82B
330
23F
100
AcDbEntity
  8
xian
 62
    18
420
        0
370
     0
100
AcDbLine
 10
-45.1618383123357
 20
7.70049654370814
 30
0.0
 11
-41.38954475703281
 21
8.365653676659349
 31
0.0
  0
LWPOLYLINE
  5
82C
330
23F
100
AcDbEntity
  8
xian
 62
    18
420
        0
370
     0
100
AcDbPolyline
 90
        4
 70
   128
 43
0.0
 10
45.50779999796509
 20
7.700496543706321
 10
45.48699223177687
 20
7.679658787161315
 10
45.40376715644675
 20
7.596311201981734
 10
45.35783881883548
 20
7.550313456278672
  0
LINE
  5
82D
330
23F
100
AcDbEntity
  8
xian
 62
    18
420
        0
370
     0
100
AcDbLine
 10
45.50779999796509
 20
7.70049654370814
 30
0.0
 11
41.73550644265856
 21
8.365653676659349
 31
0.0
  0
SPLINE
  5
82E
330
23F
100
AcDbEntity
  8
xian
 62
    18
420
        0
370
     0
100
AcDbSpline
210
0.0
220
0.0
230
1.0
 70
     8
 71
     3
 72
    10
 73
     6
 74
     0
 42
0.00000001
 43
0.0000000001
 40
0.0
 40
0.0
 40
0.0
 40
0.0
 40
0.5
 40
0.5
 40
1.0
 40
1.0
 40
1.0
 40
1.0
 10
45.5077966679521
 20
-8.278433540326659
 30
0.0
 10
45.55398793202698
 20
-8.270289489451897
 30
0.0
 10
45.59606482631283
 20
-8.245947573319426
 30
0.0
 10
45.65612497110419
 20
-8.174337537087922
 30
0.0
 10
45.67277523413508
 20
-8.128650160590041
 30
0.0
 10
45.67277523413508
 20
-8.081746885405664
 30
0.0
  0
SPLINE
  5
82F
330
23F
100
AcDbEntity
  8
xian
 62
    18
420
        0
370
     0
100
AcDbSpline
210
0.0
220
0.0
230
1.0
 70
     8
 71
     3
 72
    10
 73
     6
 74
     0
 42
0.00000001
 43
0.0000000001
 40
0.0
 40
0.0
 40
0.0
 40
0.0
 40
0.5
 40
0.5
 40
1.0
 40
1.0
 40
1.0
 40
1.0
 10
-45.16183498232635
 20
-8.278433540326659
 30
0.0
 10
-45.20802624639759
 20
-8.270289489451897
 30
0.0
 10
-45.25010314068345
 20
-8.245947573319426
 30
0.0
 10
-45.3101632854748
 20
-8.174337537089741
 30
0.0
 10
-45.32681354850569
 20
-8.128650160590041
 30
0.0
 10
-45.32681354850569
 20
-8.081746885405664
 30
0.0
  0
SPLINE
  5
830
330
23F
100
AcDbEntity
  8
xian
 62
    18
420
        0
370
     0
100
AcDbSpline
210
0.0
220
0.0
230
1.0
 70
     8
 71
     3
 72
    10
 73
     6
 74
     0
 42
0.00000001
 43
0.0000000001
 40
0.0
 40
0.0
 40
0.0
 40
0.0
 40
0.5
 40
0.5
 40
1.0
 40
1.0
 40
1.0
 40
1.0
 10
-45.32681354850569
 20
7.50381040310458
 30
0.0
 10
-45.32681354850569
 20
7.550713632621409
 30
0.0
 10
-45.3101765187755
 20
7.596377448917337
 30
0.0
 10
-45.25011812002481
 20
7.668001438469218
 30
0.0
 10
-45.20802974354296
 20
7.692351748108194
 30
0.0
 10
-45.1618383123357
 20
7.70049654370814
 30
0.0
  0
SPLINE
  5
831
330
23F
100
AcDbEntity
  8
xian
 62
    18
420
        0
370
     0
100
AcDbSpline
210
0.0
220
0.0
230
1.0
 70
     8
 71
     3
 72
    10
 73
     6
 74
     0
 42
0.00000001
 43
0.0000000001
 40
0.0
 40
0.0
 40
0.0
 40
0.0
 40
0.5
 40
0.5
 40
1.0
 40
1.0
 40
1.0
 40
1.0
 10
45.67277523413508
 20
7.50381040310458
 30
0.0
 10
45.67277523413508
 20
7.550713632621409
 30
0.0
 10
45.65613820440126
 20
7.596377448917337
 30
0.0
 10
45.59607980565056
 20
7.668001438469218
 30
0.0
 10
45.55399142916871
 20
7.692351748108194
 30
0.0
 10
45.50779999796509
 20
7.70049654370814
 30
0.0
  0
SPLINE
  5
832
330
23F
100
AcDbEntity
  8
xian
 62
    18
420
        0
370
     0
100
AcDbSpline
210
0.0
220
0.0
230
1.0
 70
     8
 71
     3
 72
    12
 73
     8
 74
     0
 42
0.00000001
 43
0.0000000001
 40
0.0
 40
0.0
 40
0.0
 40
0.0
 40
0.250000000000008
 40
0.250000000000008
 40
0.5000000000000161
 40
0.5000000000000161
 40
1.0
 40
1.0
 40
1.0
 40
1.0
 10
48.17298084252911
 20
5.910196665512557
 30
0.0
 10
48.17298084252911
 20
5.942015878683378
 30
0.0
 10
48.16006103348922
 20
5.971852462103925
 30
0.0
 10
48.10737276432996
 20
6.026620053429724
 30
0.0
 10
48.06810776033239
 20
6.050754883204717
 30
0.0
 10
47.91528269478226
 20
6.112068199992791
 30
0.0
 10
47.76705602277002
 20
6.137191412948595
 30
0.0
 10
47.6129808425278
 20
6.144284317995698
 30
0.0
  0
LINE
  5
833
330
23F
100
AcDbEntity
  8
xian
 62
    18
420
        0
370
     0
100
AcDbLine
 10
47.6129808425278
 20
6.144284317995698
 30
0.0
 11
47.61856476788966
 21
6.300236915409186
 31
0.0
  0
SPLINE
  5
834
330
23F
100
AcDbEntity
  8
xian
 62
    18
420
        0
370
     0
100
AcDbSpline
210
0.0
220
0.0
230
1.0
 70
     8
 71
     3
 72
    12
 73
     8
 74
     0
 42
0.00000001
 43
0.0000000001
 40
0.0
 40
0.0
 40
0.0
 40
0.0
 40
0.2500000000000048
 40
0.2500000000000048
 40
0.5000000000000097
 40
0.5000000000000097
 40
1.0
 40
1.0
 40
1.0
 40
1.0
 10
-47.82701915690336
 20
-6.284705298026892
 30
0.0
 10
-47.82701915690336
 20
-6.316522173843623
 30
0.0
 10
-47.81409763695842
 20
-6.34633968827984
 30
0.0
 10
-47.76140766462481
 20
-6.401100215702172
 30
0.0
 10
-47.72214196190612
 20
-6.425233605719768
 30
0.0
 10
-47.56931661816702
 20
-6.486540791112929
 30
0.0
 10
-47.42109224781666
 20
-6.511667572223814
 30
0.0
 10
-47.26701915690205
 20
-6.518760413073323
 30
0.0
  0
LINE
  5
835
330
23F
100
AcDbEntity
  8
xian
 62
    18
420
        0
370
     0
100
AcDbLine
 10
-47.26701915690205
 20
-6.518760413073323
 30
0.0
 11
-47.27260307153187
 21
-6.67471200750333
 31
0.0
  0
SPLINE
  5
836
330
23F
100
AcDbEntity
  8
xian
 62
    18
420
        0
370
     0
100
AcDbSpline
210
0.0
220
0.0
230
1.0
 70
     8
 71
     3
 72
    12
 73
     8
 74
     0
 42
0.00000001
 43
0.0000000001
 40
0.0
 40
0.0
 40
0.0
 40
0.0
 40
0.2499999999999968
 40
0.2499999999999968
 40
0.4999999999999936
 40
0.4999999999999936
 40
1.0
 40
1.0
 40
1.0
 40
1.0
 10
46.97298084252838
 20
-6.341041167414005
 30
0.0
 10
46.97298084252838
 20
-6.372318354413437
 30
0.0
 10
46.9857254929077
 20
-6.400672973280961
 30
0.0
 10
47.03833364578463
 20
-6.45015825957671
 30
0.0
 10
47.0778476826265
 20
-6.470616046924988
 30
0.0
 10
47.23134839525232
 20
-6.517473695410444
 30
0.0
 10
47.38046090260036
 20
-6.528667417089309
 30
0.0
 10
47.53298084252969
 20
-6.521646528266501
 30
0.0
  0
LINE
  5
837
330
23F
100
AcDbEntity
  8
xian
 62
    18
420
        0
370
     0
100
AcDbLine
 10
47.53856479305546
 20
-6.677609162097724
 30
0.0
 11
47.53298084252969
 21
-6.521646528266501
 31
0.0
  0
SPLINE
  5
838
330
23F
100
AcDbEntity
  8
xian
 62
    18
420
        0
370
     0
100
AcDbSpline
210
0.0
220
0.0
230
1.0
 70
     8
 71
     3
 72
    12
 73
     8
 74
     0
 42
0.00000001
 43
0.0000000001
 40
0.0
 40
0.0
 40
0.0
 40
0.0
 40
0.2500000000001002
 40
0.2500000000001002
 40
0.5000000000002004
 40
0.5000000000002004
 40
1.0
 40
1.0
 40
1.0
 40
1.0
 10
-46.62701915690263
 20
5.966488889815082
 30
0.0
 10
-46.62701915690263
 20
5.997747781666475
 30
0.0
 10
-46.63976691423954
 20
6.026090134226251
 30
0.0
 10
-46.69237828143446
 20
6.07557613750032
 30
0.0
 10
-46.73189163945494
 20
6.096046111484611
 30
0.0
 10
-46.88538852689885
 20
6.142947749633094
 30
0.0
 10
-47.03449882696145
 20
6.154165726480641
 30
0.0
 10
-47.18701915690394
 20
6.147144522856251
 30
0.0
  0
LINE
  5
839
330
23F
100
AcDbEntity
  8
xian
 62
    18
420
        0
370
     0
100
AcDbLine
 10
-47.19260307155923
 20
6.303099561020644
 30
0.0
 11
-47.18701915690394
 21
6.147144522856251
 31
0.0
  0
LINE
  5
83A
330
23F
100
AcDbEntity
  8
xian
 62
    18
420
        0
370
     0
100
AcDbLine
 10
47.61856479325365
 20
-6.674741450717192
 30
0.0
 11
47.6129808425278
 21
-6.518782246293994
 31
0.0
  0
SPLINE
  5
83B
330
23F
100
AcDbEntity
  8
xian
 62
    18
420
        0
370
     0
100
AcDbSpline
210
0.0
220
0.0
230
1.0
 70
     8
 71
     3
 72
    14
 73
    10
 74
     0
 42
0.00000001
 43
0.0000000001
 40
0.0
 40
0.0
 40
0.0
 40
0.0
 40
0.25
 40
0.25
 40
0.5
 40
0.5
 40
0.75
 40
0.75
 40
1.0
 40
1.0
 40
1.0
 40
1.0
 10
47.6129808425278
 20
-6.518782246293994
 30
0.0
 10
47.68996089195138
 20
-6.515238576708725
 30
0.0
 10
47.7653134524619
 20
-6.507235444774778
 30
0.0
 10
47.90360543974315
 20
-6.482753195208715
 30
0.0
 10
47.96610266028733
 20
-6.466178636797849
 30
0.0
 10
48.06755873603037
 20
-6.425580699138663
 30
0.0
 10
48.10734094017175
 20
-6.401157415053603
 30
0.0
 10
48.15971491857931
 20
-6.346879516235276
 30
0.0
 10
48.17298084252911
 20
-6.316594433126738
 30
0.0
 10
48.17298084252911
 20
-6.284771749224091
 30
0.0
  0
LINE
  5
83C
330
23F
100
AcDbEntity
  8
xian
 62
    18
420
        0
370
     0
100
AcDbLine
 10
-47.27260307153187
 20
6.300231714136316
 30
0.0
 11
-47.26701915690205
 21
6.144280119706309
 31
0.0
  0
SPLINE
  5
83D
330
23F
100
AcDbEntity
  8
xian
 62
    18
420
        0
370
     0
100
AcDbSpline
210
0.0
220
0.0
230
1.0
 70
     8
 71
     3
 72
    14
 73
    10
 74
     0
 42
0.00000001
 43
0.0000000001
 40
0.0
 40
0.0
 40
0.0
 40
0.0
 40
0.25
 40
0.25
 40
0.5
 40
0.5
 40
0.75
 40
0.75
 40
1.0
 40
1.0
 40
1.0
 40
1.0
 10
-47.26701915690205
 20
6.144280119706309
 30
0.0
 10
-47.34399954525429
 20
6.140736284505692
 30
0.0
 10
-47.4193521112254
 20
6.132728404389126
 30
0.0
 10
-47.55764167865049
 20
6.108226812162683
 30
0.0
 10
-47.62013651302981
 20
6.091636928313164
 30
0.0
 10
-47.72158953574103
 20
6.051011416040637
 30
0.0
 10
-47.76137165513932
 20
6.026577094584354
 30
0.0
 10
-47.81374969921375
 20
5.972300671021002
 30
0.0
 10
-47.82701915690336
 20
5.942028806117377
 30
0.0
 10
-47.82701915690336
 20
5.910225004658059
 30
0.0
  0
SPLINE
  5
83E
330
23F
100
AcDbEntity
  8
xian
 62
    18
420
        0
370
     0
100
AcDbSpline
210
0.0
220
0.0
230
1.0
 70
     8
 71
     3
 72
    14
 73
    10
 74
     0
 42
0.00000001
 43
0.0000000001
 40
0.0
 40
0.0
 40
0.0
 40
0.0
 40
0.25
 40
0.25
 40
0.5
 40
0.5
 40
0.75
 40
0.75
 40
1.0
 40
1.0
 40
1.0
 40
1.0
 10
47.53298084252969
 20
6.147148708188979
 30
0.0
 10
47.45676801848026
 20
6.150657114760178
 30
0.0
 10
47.38166432908042
 20
6.149661354262207
 30
0.0
 10
47.24327927179479
 20
6.13807980371348
 30
0.0
 10
47.18038663621269
 20
6.127344196922422
 30
0.0
 10
47.07836380866797
 20
6.096244660018783
 30
0.0
 10
47.03840215828972
 20
6.075559542086921
 30
0.0
 10
46.98602883835633
 20
6.026446712578035
 30
0.0
 10
46.97298084252838
 20
5.997718519960471
 30
0.0
 10
46.97298084252838
 20
5.966461158903257
 30
0.0
  0
LINE
  5
83F
330
23F
100
AcDbEntity
  8
xian
 62
    18
420
        0
370
     0
100
AcDbLine
 10
47.53298084252969
 20
6.147148708188979
 30
0.0
 11
47.53856476786245
 21
6.303104752349099
 31
0.0
  0
SPLINE
  5
840
330
23F
100
AcDbEntity
  8
xian
 62
    18
420
        0
370
     0
100
AcDbSpline
210
0.0
220
0.0
230
1.0
 70
     8
 71
     3
 72
    14
 73
    10
 74
     0
 42
0.00000001
 43
0.0000000001
 40
0.0
 40
0.0
 40
0.0
 40
0.0
 40
0.25
 40
0.25
 40
0.5
 40
0.5
 40
0.75
 40
0.75
 40
1.0
 40
1.0
 40
1.0
 40
1.0
 10
-47.18701915690394
 20
-6.521624816223265
 30
0.0
 10
-47.1108072748691
 20
-6.525133195353191
 30
0.0
 10
-47.03570456060401
 20
-6.524136801650456
 30
0.0
 10
-46.89732093775887
 20
-6.512554072845887
 30
0.0
 10
-46.83442886774787
 20
-6.50181817019984
 30
0.0
 10
-46.73240576534658
 20
-6.470722152736925
 30
0.0
 10
-46.6924433792235
 20
-6.450041099571535
 30
0.0
 10
-46.64006900235904
 20
-6.400930596726539
 30
0.0
 10
-46.62701915690263
 20
-6.372222572954342
 30
0.0
 10
-46.62701915690263
 20
-6.340969183183915
 30
0.0
  0
LINE
  5
841
330
23F
100
AcDbEntity
  8
xian
 62
    18
420
        0
370
     0
100
AcDbLine
 10
-47.18701915690394
 20
-6.521624816223265
 30
0.0
 11
-47.19260307155923
 21
-6.677579854389477
 31
0.0
  0
ARC
  5
842
330
23F
100
AcDbEntity
  8
xian
 62
    18
420
        0
370
     0
100
AcDbCircle
 10
-57.65336308759356
 20
-6.181632007748703
 30
0.0
 40
5.669956949532295
100
AcDbArc
 50
356.7361668862965
 51
357.9544696522502
  0
ARC
  5
843
330
23F
100
AcDbEntity
  8
xian
 62
    18
420
        0
370
     0
100
AcDbCircle
 10
58.00030552463727
 20
5.807121364703561
 30
0.0
 40
5.670938159286929
100
AcDbArc
 50
176.7363654443329
 51
177.9545168984248
  0
ARC
  5
844
330
23F
100
AcDbEntity
  8
xian
 62
    18
420
        0
370
     0
100
AcDbCircle
 10
58.00455346761305
 20
-6.181495001244911
 30
0.0
 40
5.675187202567899
100
AcDbArc
 50
182.0450284632011
 51
183.2626141661918
  0
ARC
  5
845
330
23F
100
AcDbEntity
  8
xian
 62
    18
420
        0
370
     0
100
AcDbCircle
 10
-57.6533630882302
 20
5.807151714427163
 30
0.0
 40
5.669956950165048
100
AcDbArc
 50
2.045530347071907
 51
3.26383311286811
  0
ARC
  5
846
330
23F
100
AcDbEntity
  8
xian
 62
    18
420
        0
370
     0
100
AcDbCircle
 10
57.4494835461403
 20
5.828794163153361
 30
0.0
 40
5.039744644876258
100
AcDbArc
 50
176.6086275782969
 51
177.9447757342981
  0
ARC
  5
847
330
23F
100
AcDbEntity
  8
xian
 62
    18
420
        0
370
     0
100
AcDbCircle
 10
-57.10268707708815
 20
-6.20329971710089
 30
0.0
 40
5.03890949253303
100
AcDbArc
 50
356.6084201538606
 51
357.9447223684537
  0
ARC
  5
848
330
23F
100
AcDbEntity
  8
xian
 62
    18
420
        0
370
     0
100
AcDbCircle
 10
57.45308450106245
 20
-6.203189953737819
 30
0.0
 40
5.043346314093231
100
AcDbArc
 50
182.0547165384319
 51
183.3903054859395
  0
ARC
  5
849
330
23F
100
AcDbEntity
  8
xian
 62
    18
420
        0
370
     0
100
AcDbCircle
 10
-57.10268705887642
 20
5.828819424599714
 30
0.0
 40
5.038909474301041
100
AcDbArc
 50
2.055277629147541
 51
3.391579848540773
  0
LINE
  5
84A
330
23F
100
AcDbEntity
  8
xian
 62
    18
420
        0
370
     0
100
AcDbLine
 10
47.6129808425278
 20
6.144284317995698
 30
0.0
 11
47.6129808425278
 21
6.00953320724875
 31
0.0
  0
LINE
  5
84B
330
23F
100
AcDbEntity
  8
xian
 62
    18
420
        0
370
     0
100
AcDbLine
 10
-47.26701915690205
 20
-6.384013500615765
 30
0.0
 11
-47.26701915690205
 21
-6.518760413073323
 31
0.0
  0
LINE
  5
84C
330
23F
100
AcDbEntity
  8
xian
 62
    18
420
        0
370
     0
100
AcDbLine
 10
47.53298084252969
 20
-6.521646528266501
 30
0.0
 11
47.53298084252969
 21
-6.384013500615765
 31
0.0
  0
LINE
  5
84D
330
23F
100
AcDbEntity
  8
xian
 62
    18
420
        0
370
     0
100
AcDbLine
 10
-47.18701915690394
 20
6.00953320724875
 30
0.0
 11
-47.18701915690394
 21
6.147144522856251
 31
0.0
  0
LINE
  5
84E
330
23F
100
AcDbEntity
  8
xian
 62
    18
420
        0
370
     0
100
AcDbLine
 10
-47.26701915690205
 20
6.144280119706309
 30
0.0
 11
-47.26701915690205
 21
6.00953320724875
 31
0.0
  0
LINE
  5
84F
330
23F
100
AcDbEntity
  8
xian
 62
    18
420
        0
370
     0
100
AcDbLine
 10
47.6129808425278
 20
-6.384013500615765
 30
0.0
 11
47.6129808425278
 21
-6.518782246293994
 31
0.0
  0
LINE
  5
850
330
23F
100
AcDbEntity
  8
xian
 62
    18
420
        0
370
     0
100
AcDbLine
 10
47.53298084252969
 20
6.00953320724875
 30
0.0
 11
47.53298084252969
 21
6.147148708188979
 31
0.0
  0
LINE
  5
851
330
23F
100
AcDbEntity
  8
xian
 62
    18
420
        0
370
     0
100
AcDbLine
 10
-47.18701915690394
 20
-6.521624816223265
 30
0.0
 11
-47.18701915690394
 21
-6.384013500615765
 31
0.0
  0
LINE
  5
852
330
23F
100
AcDbEntity
  8
xian
 62
    18
420
        0
370
     0
100
AcDbLine
 10
-47.18701915690394
 20
6.147144522856251
 30
0.0
 11
-47.26701915690205
 21
6.144280119706309
 31
0.0
  0
LINE
  5
853
330
23F
100
AcDbEntity
  8
xian
 62
    18
420
        0
370
     0
100
AcDbLine
 10
-47.26701915690205
 20
-6.518760413073323
 30
0.0
 11
-47.18701915690394
 21
-6.521624816223265
 31
0.0
  0
LINE
  5
854
330
23F
100
AcDbEntity
  8
xian
 62
    18
420
        0
370
     0
100
AcDbLine
 10
47.6129808425278
 20
6.144284317995698
 30
0.0
 11
47.53298084252969
 21
6.147148708188979
 31
0.0
  0
LINE
  5
855
330
23F
100
AcDbEntity
  8
xian
 62
    18
420
        0
370
     0
100
AcDbLine
 10
47.53298084252969
 20
-6.521646528266501
 30
0.0
 11
47.6129808425278
 21
-6.518782246293994
 31
0.0
  0
LINE
  5
856
330
23F
100
AcDbEntity
  8
xian
 62
    18
420
        0
370
     0
100
AcDbLine
 10
46.44599191356905
 20
-6.879937043020618
 30
0.0
 11
46.44599061671328
 21
-6.879937110985338
 31
0.0
  0
SPLINE
  5
857
330
23F
100
AcDbEntity
  8
xian
 62
    18
420
        0
370
     0
100
AcDbSpline
210
0.0
220
0.0
230
1.0
 70
     8
 71
     3
 72
     8
 73
     4
 74
     0
 42
0.00000001
 43
0.0000000001
 40
0.0
 40
0.0
 40
0.0
 40
0.0
 40
1.0
 40
1.0
 40
1.0
 40
1.0
 10
50.73765118395318
 20
-6.73006893596721
 30
0.0
 10
50.73767974178486
 20
-6.730328500208997
 30
0.0
 10
50.73769093267697
 20
-6.711986971027727
 30
0.0
 10
50.73772447257147
 20
-6.675405769969074
 30
0.0
  0
LINE
  5
858
330
23F
100
AcDbEntity
  8
xian
 62
    18
420
        0
370
     0
100
AcDbLine
 10
50.73776706082504
 20
6.177695196720378
 30
0.0
 11
50.73771369674
 21
6.332610651114009
 31
0.0
  0
SPLINE
  5
859
330
23F
100
AcDbEntity
  8
xian
 62
    18
420
        0
370
     0
100
AcDbSpline
210
0.0
220
0.0
230
1.0
 70
     8
 71
     3
 72
     8
 73
     4
 74
     0
 42
0.00000001
 43
0.0000000001
 40
0.0
 40
0.0
 40
0.0
 40
0.0
 40
1.0
 40
1.0
 40
1.0
 40
1.0
 10
-50.39168949832742
 20
6.355588642598377
 30
0.0
 10
-50.39170541901035
 20
6.355733346863416
 30
0.0
 10
-50.39171948485886
 20
6.350117862022671
 30
0.0
 10
-50.39173436321357
 20
6.338755981998474
 30
0.0
  0
LINE
  5
85A
330
23F
100
AcDbEntity
  8
xian
 62
    18
420
        0
370
     0
100
AcDbLine
 10
-50.39179762093112
 20
-6.552049528872885
 30
0.0
 11
-50.39174223844452
 21
-6.706735745256082
 31
0.0
  0
LINE
  5
85B
330
23F
100
AcDbEntity
  8
xian
 62
    18
420
        0
370
     0
100
AcDbLine
 10
-46.10003022799787
 20
6.505456749651784
 30
0.0
 11
-46.10002893114574
 21
6.505456817616504
 31
0.0
  0
SPLINE
  5
85C
330
23F
100
AcDbEntity
  8
xian
 62
    18
420
        0
370
     0
100
AcDbSpline
210
0.0
220
0.0
230
1.0
 70
     8
 71
     3
 72
    12
 73
     8
 74
     0
 42
0.00000001
 43
0.0000000001
 40
0.0
 40
0.0
 40
0.0
 40
0.0
 40
0.2076321000990104
 40
0.5288862187595936
 40
0.8501029647646834
 40
0.9213731985849722
 40
1.0
 40
1.0
 40
1.0
 40
1.0
 10
49.21856477089682
 20
2.026415694637762
 30
0.0
 10
49.21856476116886
 20
2.465876367903547
 30
0.0
 10
49.21856473639786
 20
3.585282729764003
 30
0.0
 10
49.21856479346684
 20
5.070724566065109
 30
0.0
 10
49.21856469853742
 20
5.858650073474564
 30
0.0
 10
49.21856477742335
 20
6.207279504631515
 30
0.0
 10
49.21856477043116
 20
6.238091790282851
 30
0.0
 10
49.21856476676044
 20
6.254254027657225
 30
0.0
  0
SPLINE
  5
85D
330
23F
100
AcDbEntity
  8
xian
 62
    18
420
        0
370
     0
100
AcDbSpline
210
0.0
220
0.0
230
1.0
 70
     8
 71
     3
 72
    12
 73
     8
 74
     0
 42
0.00000001
 43
0.0000000001
 40
0.0
 40
0.0
 40
0.0
 40
0.0
 40
0.2313382287466986
 40
0.424480122199693
 40
0.4725306730275027
 40
0.7945740267423786
 40
1.0
 40
1.0
 40
1.0
 40
1.0
 10
50.73776706082504
 20
6.177695196720378
 30
0.0
 10
50.73781453327979
 20
6.079086436695433
 30
0.0
 10
50.73790164000024
 20
5.898150243263444
 30
0.0
 10
50.7379749892782
 20
5.324499250094959
 30
0.0
 10
50.7380516934711
 20
4.552911895700162
 30
0.0
 10
50.73812040812777
 20
3.558538151453831
 30
0.0
 10
50.73815329573631
 20
2.453370892026214
 30
0.0
 10
50.73816610400104
 20
2.022957125251195
 30
0.0
  0
SPLINE
  5
85E
330
23F
100
AcDbEntity
  8
xian
 62
    18
420
        0
370
     0
100
AcDbSpline
210
0.0
220
0.0
230
1.0
 70
     8
 71
     3
 72
    13
 73
     9
 74
     0
 42
0.00000001
 43
0.0000000001
 40
0.0
 40
0.0
 40
0.0
 40
0.0
 40
0.0038678303154471
 40
0.325896670925065
 40
0.5192664484682613
 40
0.5673810910405985
 40
0.7272707333784182
 40
1.0
 40
1.0
 40
1.0
 40
1.0
 10
50.73816948076933
 20
-2.397489152901471
 30
0.0
 10
50.73816917181034
 20
-2.405760399495193
 30
0.0
 10
50.7381431393253
 20
-3.102681285274229
 30
0.0
 10
50.73811618593686
 20
-4.152931890335821
 30
0.0
 10
50.73805008291606
 20
-5.063286933758718
 30
0.0
 10
50.73798415851638
 20
-5.61961625324875
 30
0.0
 10
50.73790425496849
 20
-6.214917109366069
 30
0.0
 10
50.73781221582544
 20
-6.437487857778251
 30
0.0
 10
50.73775419301023
 20
-6.577799702057745
 30
0.0
  0
SPLINE
  5
85F
330
23F
100
AcDbEntity
  8
xian
 62
    18
420
        0
370
     0
100
AcDbSpline
210
0.0
220
0.0
230
1.0
 70
     8
 71
     3
 72
    10
 73
     6
 74
     0
 42
0.00000001
 43
0.0000000001
 40
0.0
 40
0.0
 40
0.0
 40
0.0
 40
0.4176247755013952
 40
0.7825224405749351
 40
1.0
 40
1.0
 40
1.0
 40
1.0
 10
46.09440323624517
 20
-3.204306270326924
 30
0.0
 10
46.12236430565758
 20
-3.923284745382261
 30
0.0
 10
46.17475622673305
 20
-5.270467249931243
 30
0.0
 10
46.28077866660464
 20
-6.423432008537929
 30
0.0
 10
46.35024845721204
 20
-6.613056204669192
 30
0.0
 10
46.37619070179721
 20
-6.683867952229775
 30
0.0
  0
SPLINE
  5
860
330
23F
100
AcDbEntity
  8
xian
 62
    18
420
        0
370
     0
100
AcDbSpline
210
0.0
220
0.0
230
1.0
 70
     8
 71
     3
 72
    12
 73
     8
 74
     0
 42
0.00000001
 43
0.0000000001
 40
0.0
 40
0.0
 40
0.0
 40
0.0
 40
0.2076332006912835
 40
0.528878470089774
 40
0.8502306474701017
 40
0.9215168630406436
 40
1.0
 40
1.0
 40
1.0
 40
1.0
 10
-48.87260306389066
 20
-2.400896735254718
 30
0.0
 10
-48.87260306782332
 20
-2.840270963564762
 30
0.0
 10
-48.87260307784595
 20
-3.959434801003226
 30
0.0
 10
-48.8726030430596
 20
-5.444837658875258
 30
0.0
 10
-48.87260306969688
 20
-6.232960014263881
 30
0.0
 10
-48.87260305685481
 20
-6.581546703226194
 30
0.0
 10
-48.87260306187886
 20
-6.612354492159283
 30
0.0
 10
-48.87260306451276
 20
-6.628498595589917
 30
0.0
  0
SPLINE
  5
861
330
23F
100
AcDbEntity
  8
xian
 62
    18
420
        0
370
     0
100
AcDbSpline
210
0.0
220
0.0
230
1.0
 70
     8
 71
     3
 72
    12
 73
     8
 74
     0
 42
0.00000001
 43
0.0000000001
 40
0.0
 40
0.0
 40
0.0
 40
0.0
 40
0.2313164548790809
 40
0.4244938530424137
 40
0.4725561653736545
 40
0.7942990053566092
 40
1.0
 40
1.0
 40
1.0
 40
1.0
 10
-50.39179762093112
 20
-6.552049528872885
 30
0.0
 10
-50.39184687818556
 20
-6.453296564743141
 30
0.0
 10
-50.39193727124507
 20
-6.272072854286307
 30
0.0
 10
-50.39201470178227
 20
-5.698458224451314
 30
0.0
 10
-50.39208896110427
 20
-4.92720428906432
 30
0.0
 10
-50.39216122304129
 20
-3.93320363728344
 30
0.0
 10
-50.39219199138893
 20
-2.828331441631235
 30
0.0
 10
-50.39220399092005
 20
-2.397435686141761
 30
0.0
  0
SPLINE
  5
862
330
23F
100
AcDbEntity
  8
xian
 62
    18
420
        0
370
     0
100
AcDbSpline
210
0.0
220
0.0
230
1.0
 70
     8
 71
     3
 72
    13
 73
     9
 74
     0
 42
0.00000001
 43
0.0000000001
 40
0.0
 40
0.0
 40
0.0
 40
0.0
 40
0.1214850645396436
 40
0.4431809218048696
 40
0.6363001203244363
 40
0.6843482640090688
 40
0.7809111815623064
 40
1.0
 40
1.0
 40
1.0
 40
1.0
 10
-50.39220399092005
 20
2.022955392772928
 30
0.0
 10
-50.39219677479628
 20
2.279629837959873
 30
0.0
 10
-50.39217045016335
 20
3.215985410990469
 30
0.0
 10
-50.39210783544035
 20
4.397468980751
 30
0.0
 10
-50.39203199205144
 20
5.190943992249231
 30
0.0
 10
-50.39197223462247
 20
5.580813834234504
 30
0.0
 10
-50.39191610413467
 20
5.964824286476869
 30
0.0
 10
-50.39184623469259
 20
6.087060303367252
 30
0.0
 10
-50.39179773942738
 20
6.171902366493668
 30
0.0
  0
SPLINE
  5
863
330
23F
100
AcDbEntity
  8
xian
 62
    18
420
        0
370
     0
100
AcDbSpline
210
0.0
220
0.0
230
1.0
 70
     8
 71
     3
 72
    10
 73
     6
 74
     0
 42
0.00000001
 43
0.0000000001
 40
0.0
 40
0.0
 40
0.0
 40
0.0
 40
0.4102829248339348
 40
0.7746647888534742
 40
0.9999999999999998
 40
0.9999999999999998
 40
0.9999999999999998
 40
0.9999999999999998
 10
-45.74844159547569
 20
2.829778516375881
 30
0.0
 10
-45.7758609593518
 20
3.537861243557927
 30
0.0
 10
-45.82763210176267
 20
4.874808806182045
 30
0.0
 10
-45.93337150136062
 20
6.038018198500139
 30
0.0
 10
-46.00376205992938
 20
6.236629166922284
 30
0.0
 10
-46.0306588076171
 20
6.312519871788026
 30
0.0
  0
ENDBLK
  5
864
330
23F
100
AcDbEntity
  8
0
100
AcDbBlockEnd
  0
ENDSEC
  0
SECTION
  2
ENTITIES
  0
INSERT
  5
89A
330
1F
100
AcDbEntity
  8
0
100
AcDbBlockReference
  2
CU - AL
 10
17.82855324078773
 20
3.296094917950693
 30
0.0
 41
0.2575510235454518
 42
0.2575510235454518
 43
0.2575510235454518
 50
180.0
  0
POINT
  5
8A7
330
1F
100
AcDbEntity
  8
CONN
100
AcDbPoint
 10
31.69175711904883
 20
4.898534105511319
 30
0.0
  0
POINT
  5
8A8
330
1F
100
AcDbEntity
  8
CONN
100
AcDbPoint
 10
31.69175711904883
 20
1.790103513244346
 30
0.0
  0
POINT
  5
8A9
330
1F
100
AcDbEntity
  8
CONN
100
AcDbPoint
 10
3.876246576286199
 20
1.790103513252481
 30
0.0
  0
POINT
  5
8AA
330
1F
100
AcDbEntity
  8
CONN
100
AcDbPoint
 10
3.876246576286199
 20
4.898534105511319
 30
0.0
  0
ENDSEC
  0
SECTION
  2
OBJECTS
  0
DICTIONARY
  5
C
330
0
100
AcDbDictionary
281
     1
  3
ACAD_CIP_PREVIOUS_PRODUCT_INFO
350
164
  3
ACAD_COLOR
350
6C
  3
ACAD_DATALINK
350
229
  3
ACAD_DETAILVIEWSTYLE
350
1D7
  3
ACAD_GROUP
350
D
  3
ACAD_LAYOUT
350
1A
  3
ACAD_MATERIAL
350
6B
  3
ACAD_MLEADERSTYLE
350
DE
  3
ACAD_MLINESTYLE
350
17
  3
ACAD_PLOTSETTINGS
350
19
  3
ACAD_PLOTSTYLENAME
350
E
  3
ACAD_SCALELIST
350
B7
  3
ACAD_SECTIONVIEWSTYLE
350
1D5
  3
ACAD_TABLESTYLE
350
92
  3
ACAD_VISUALSTYLE
350
145
  3
ACDB_RECOMPOSE_DATA
350
8AC
  3
AcDbVariableDictionary
350
86F
  3
TCH_DBCONFIG
350
23C
  0
DICTIONARY
  5
FA
330
2
100
AcDbDictionary
280
     1
281
     1
  3
ACAD_LAYERSTATES
360
FB
  0
DICTIONARY
  5
240
330
23F
100
AcDbDictionary
280
     1
281
     1
  0
XRECORD
  5
164
102
{ACAD_REACTORS
330
C
102
}
330
C
100
AcDbXrecord
280
     1
300
ACD
300
2013
300
ACD_F_S
  0
DICTIONARY
  5
6C
102
{ACAD_REACTORS
330
C
102
}
330
C
100
AcDbDictionary
281
     1
  0
DICTIONARY
  5
229
102
{ACAD_REACTORS
330
C
102
}
330
C
100
AcDbDictionary
280
     1
281
     1
  0
DICTIONARY
  5
1D7
102
{ACAD_REACTORS
330
C
102
}
330
C
100
AcDbDictionary
281
     1
  3
Metric50
350
1D8
  0
DICTIONARY
  5
D
102
{ACAD_REACTORS
330
C
102
}
330
C
100
AcDbDictionary
281
     1
  0
DICTIONARY
  5
1A
102
{ACAD_REACTORS
330
C
102
}
330
C
100
AcDbDictionary
281
     1
  3
Model
350
22
  3
布局1
350
1C8
  3
布局2
350
1CD
  0
DICTIONARY
  5
6B
102
{ACAD_REACTORS
330
C
102
}
330
C
100
AcDbDictionary
281
     1
  3
ByBlock
350
135
  3
ByLayer
350
12D
  3
Global
350
13D
  0
DICTIONARY
  5
DE
102
{ACAD_REACTORS
330
C
102
}
330
C
100
AcDbDictionary
281
     1
  3
Annotative
350
228
  3
Standard
350
E1
  0
DICTIONARY
  5
17
102
{ACAD_REACTORS
330
C
102
}
330
C
100
AcDbDictionary
281
     1
  3
Standard
350
18
  0
DICTIONARY
  5
19
102
{ACAD_REACTORS
330
C
102
}
330
C
100
AcDbDictionary
281
     1
  0
ACDBDICTIONARYWDFLT
  5
E
102
{ACAD_REACTORS
330
C
102
}
330
C
100
AcDbDictionary
281
     1
  3
Normal
350
F
100
AcDbDictionaryWithDefault
340
F
  0
DICTIONARY
  5
B7
102
{ACAD_REACTORS
330
C
102
}
330
C
100
AcDbDictionary
281
     1
  3
A0
350
B8
  3
A1
350
204
  3
A2
350
205
  3
A3
350
206
  3
A4
350
207
  3
A5
350
208
  3
A6
350
209
  3
A7
350
20A
  3
A8
350
20B
  3
A9
350
20C
  3
B0
350
20D
  3
B1
350
20E
  3
B2
350
20F
  3
B3
350
210
  3
B4
350
211
  3
B5
350
212
  3
B6
350
213
  0
DICTIONARY
  5
1D5
102
{ACAD_REACTORS
330
C
102
}
330
C
100
AcDbDictionary
281
     1
  3
Metric50
350
1D6
  0
DICTIONARY
  5
92
102
{ACAD_REACTORS
330
C
102
}
330
C
100
AcDbDictionary
281
     1
  3
Standard
350
93
  0
DICTIONARY
  5
145
102
{ACAD_REACTORS
330
C
102
}
330
C
100
AcDbDictionary
281
     1
  3
2dWireframe
350
14B
  3
Basic
350
14A
  3
Brighten
350
151
  3
ColorChange
350
155
  3
Conceptual
350
14E
  3
Dim
350
150
  3
EdgeColorOff
350
15D
  3
Facepattern
350
154
  3
Flat
350
146
  3
FlatWithEdges
350
147
  3
Gouraud
350
148
  3
GouraudWithEdges
350
149
  3
Hidden
350
14D
  3
JitterOff
350
15B
  3
Linepattern
350
153
  3
OverhangOff
350
15C
  3
Realistic
350
14F
  3
Shaded
350
15A
  3
Shaded with edges
350
159
  3
Shades of Gray
350
156
  3
Sketchy
350
157
  3
Thicken
350
152
  3
Wireframe
350
14C
  3
X-Ray
350
158
  0
XRECORD
  5
8AC
102
{ACAD_REACTORS
330
C
102
}
330
C
100
AcDbXrecord
280
     1
 90
        1
330
93
  0
DICTIONARY
  5
86F
102
{ACAD_REACTORS
330
C
102
}
330
C
100
AcDbDictionary
281
     2
  3
#COMPAREDIFFTOTAL
350
870
  3
#REVCLOUDAPPROXARCLEN
350
871
  3
AECCFASTCORRIDORSURFACEBUILD
350
872
  3
ANNOALLVISIBLE
350
873
  3
CANNOSCALE
350
874
  3
CENTEREXE
350
875
  3
CENTERLTYPEFILE
350
876
  3
CETRANSPARENCY
350
877
  3
CMLEADERSTYLE
350
878
  3
CTABLESTYLE
350
879
  3
CVIEWDETAILSTYLE
350
8A6
  3
CVIEWSECTIONSTYLE
350
87A
  3
DGNFRAME
350
87B
  3
DIMADEC
350
87C
  3
DIMASSOC
350
87D
  3
DWFFRAME
350
87E
  3
EXPORTMODELSPACE
350
87F
  3
EXPORTPAPERSPACE
350
880
  3
FIELDEVAL
350
881
  3
GEOMARKERVISIBILITY
350
882
  3
GEOMARKPOSITIONSIZE
350
883
  3
HIDETEXT
350
884
  3
HPCOLOR
350
885
  3
HPINHERIT
350
886
  3
HPLAYER
350
887
  3
HPORIGIN
350
888
  3
HPTRANSPARENCY
350
889
  3
INDEXCTL
350
88A
  3
LAYEREVAL
350
88B
  3
LAYERNOTIFY
350
88C
  3
LIGHTINGUNITS
350
88D
  3
MLEADERSCALE
350
88E
  3
MSLTSCALE
350
88F
  3
PDFFRAME
350
890
  3
SOLIDHIST
350
891
  3
SORTENTS
350
892
  0
TCH_DBCONFIG
  5
23C
102
{ACAD_REACTORS
330
C
102
}
330
C
100
TDbConfig
  0
DICTIONARY
  5
FB
102
{ACAD_REACTORS
330
FA
102
}
330
FA
100
AcDbDictionary
281
     1
  0
ACDBDETAILVIEWSTYLE
  5
1D8
102
{ACAD_REACTORS
330
1D7
102
}
330
1D7
100
AcDbModelDocViewStyle
 70
     0
  3
Metric50
290
     1
300
Metric50
 90
        0
100
AcDbDetailViewStyle
 70
     0
 71
     0
 90
        7
 71
     1
340
11
 62
   256
 40
5.0
340
0
 62
   256
 40
5.0
300

 40
0.0
280
     1
 71
     2
340
16
 90
       25
 62
   256
 71
     3
340
11
 62
   256
 40
5.0
 90
        0
 40
15.0
 90
        1
300
%<\AcVar ViewDetailId>% (%<\AcVar ViewScale \f "%sn">%)
 71
     4
340
16
 90
       25
 62
   256
340
16
 90
       25
 62
   256
280
     0
1001
DetailViewStyle
1005
16
1070
    25
1004
1800000002000000000000C0000000000000000000000000
1040
15.0
1040
10.0
1070
     0
1070
     0
1070
     0
1070
     0
1070
     2
  0
LAYOUT
  5
22
102
{ACAD_REACTORS
330
1A
102
}
330
1A
100
AcDbPlotSettings
  1

  2
none_device
  4
ISO_A4_(210.00_x_297.00MM)
  6

 40
7.5
 41
20.0
 42
7.5
 43
20.0
 44
210.0
 45
297.0
 46
0.0
 47
81.57875845973331
 48
0.0
 49
0.0
140
0.0
141
0.0
142
1.0
143
3.58370404617982
 70
 11445
 72
     1
 73
     0
 74
     0
  7

 75
     0
 76
     0
 77
     2
 78
   300
147
0.2790408993359779
148
154.1043093895605
149
1.549288692994196
100
AcDbLayout
  1
Model
 70
     1
 71
     0
 10
0.0
 20
0.0
 11
420.0
 21
297.0
 12
0.0
 22
0.0
 32
0.0
 14
1.000000000000000E+20
 24
1.000000000000000E+20
 34
1.000000000000000E+20
 15
-1.000000000000000E+20
 25
-1.000000000000000E+20
 35
-1.000000000000000E+20
146
0.0
 13
0.0
 23
0.0
 33
0.0
 16
1.0
 26
0.0
 36
0.0
 17
0.0
 27
1.0
 37
0.0
 76
     0
330
1F
331
1BA
1001
ACAD_PSEXT
1000
无
1000
无
1000
不可用
1000
在选择新的绘图仪配置名称之前，不能打印该布局。
1070
     0
  0
LAYOUT
  5
1C8
102
{ACAD_REACTORS
330
1A
102
}
330
1A
100
AcDbPlotSettings
  1

  2
Microsoft XPS Document Writer#:1
  4

  6

 40
0.0
 41
0.0
 42
0.0
 43
0.0
 44
0.0
 45
0.0
 46
0.0
 47
0.0
 48
0.0
 49
0.0
140
0.0
141
0.0
142
1.0
143
1.0
 70
   688
 72
     0
 73
     0
 74
     5
  7

 75
    16
 76
     0
 77
     2
 78
   300
147
1.0
148
0.0
149
0.0
100
AcDbLayout
  1
布局1
 70
     1
 71
     1
 10
0.0
 20
0.0
 11
12.0
 21
9.0
 12
0.0
 22
0.0
 32
0.0
 14
0.0
 24
0.0
 34
0.0
 15
0.0
 25
0.0
 35
0.0
146
0.0
 13
0.0
 23
0.0
 33
0.0
 16
1.0
 26
0.0
 36
0.0
 17
0.0
 27
1.0
 37
0.0
 76
     0
330
1C7
  0
LAYOUT
  5
1CD
102
{ACAD_REACTORS
330
1A
102
}
330
1A
100
AcDbPlotSettings
  1

  2
Microsoft XPS Document Writer#:1
  4

  6

 40
0.0
 41
0.0
 42
0.0
 43
0.0
 44
0.0
 45
0.0
 46
0.0
 47
0.0
 48
0.0
 49
0.0
140
0.0
141
0.0
142
1.0
143
1.0
 70
   688
 72
     0
 73
     0
 74
     5
  7

 75
    16
 76
     0
 77
     2
 78
   300
147
1.0
148
0.0
149
0.0
100
AcDbLayout
  1
布局2
 70
     1
 71
     2
 10
0.0
 20
0.0
 11
12.0
 21
9.0
 12
0.0
 22
0.0
 32
0.0
 14
0.0
 24
0.0
 34
0.0
 15
0.0
 25
0.0
 35
0.0
146
0.0
 13
0.0
 23
0.0
 33
0.0
 16
1.0
 26
0.0
 36
0.0
 17
0.0
 27
1.0
 37
0.0
 76
     0
330
1CC
  0
MATERIAL
  5
135
102
{ACAD_REACTORS
330
6B
102
}
330
6B
100
AcDbMaterial
  1
ByBlock
 72
     0
 73
     2
 43
0.0008202099737533
 43
0.0
 43
0.0
 43
0.0
 43
0.0
 43
0.0008202099737533
 43
0.0
 43
0.0
 43
0.0
 43
0.0
 43
1.0
 43
0.0
 43
0.0
 43
0.0
 43
0.0
 43
1.0
 77
     0
 78
     2
 47
0.0008202099737533
 47
0.0
 47
0.0
 47
0.0
 47
0.0
 47
0.0008202099737533
 47
0.0
 47
0.0
 47
0.0
 47
0.0
 47
1.0
 47
0.0
 47
0.0
 47
0.0
 47
0.0
 47
1.0
171
     0
172
     2
 49
0.0008202099737533
 49
0.0
 49
0.0
 49
0.0
 49
0.0
 49
0.0008202099737533
 49
0.0
 49
0.0
 49
0.0
 49
0.0
 49
1.0
 49
0.0
 49
0.0
 49
0.0
 49
0.0
 49
1.0
175
     0
176
     2
142
0.0008202099737533
142
0.0
142
0.0
142
0.0
142
0.0
142
0.0008202099737533
142
0.0
142
0.0
142
0.0
142
0.0
142
1.0
142
0.0
142
0.0
142
0.0
142
0.0
142
1.0
179
     0
270
     2
144
0.0008202099737533
144
0.0
144
0.0
144
0.0
144
0.0
144
0.0008202099737533
144
0.0
144
0.0
144
0.0
144
0.0
144
1.0
144
0.0
144
0.0
144
0.0
144
0.0
144
1.0
274
     2
147
0.0008202099737533
147
0.0
147
0.0
147
0.0
147
0.0
147
0.0008202099737533
147
0.0
147
0.0
147
0.0
147
0.0
147
1.0
147
0.0
147
0.0
147
0.0
147
0.0
147
1.0
 94
      127
  0
MATERIAL
  5
12D
102
{ACAD_REACTORS
330
6B
102
}
330
6B
100
AcDbMaterial
  1
ByLayer
 72
     0
 73
     2
 43
0.0008202099737533
 43
0.0
 43
0.0
 43
0.0
 43
0.0
 43
0.0008202099737533
 43
0.0
 43
0.0
 43
0.0
 43
0.0
 43
1.0
 43
0.0
 43
0.0
 43
0.0
 43
0.0
 43
1.0
 77
     0
 78
     2
 47
0.0008202099737533
 47
0.0
 47
0.0
 47
0.0
 47
0.0
 47
0.0008202099737533
 47
0.0
 47
0.0
 47
0.0
 47
0.0
 47
1.0
 47
0.0
 47
0.0
 47
0.0
 47
0.0
 47
1.0
171
     0
172
     2
 49
0.0008202099737533
 49
0.0
 49
0.0
 49
0.0
 49
0.0
 49
0.0008202099737533
 49
0.0
 49
0.0
 49
0.0
 49
0.0
 49
1.0
 49
0.0
 49
0.0
 49
0.0
 49
0.0
 49
1.0
175
     0
176
     2
142
0.0008202099737533
142
0.0
142
0.0
142
0.0
142
0.0
142
0.0008202099737533
142
0.0
142
0.0
142
0.0
142
0.0
142
1.0
142
0.0
142
0.0
142
0.0
142
0.0
142
1.0
179
     0
270
     2
144
0.0008202099737533
144
0.0
144
0.0
144
0.0
144
0.0
144
0.0008202099737533
144
0.0
144
0.0
144
0.0
144
0.0
144
1.0
144
0.0
144
0.0
144
0.0
144
0.0
144
1.0
274
     2
147
0.0008202099737533
147
0.0
147
0.0
147
0.0
147
0.0
147
0.0008202099737533
147
0.0
147
0.0
147
0.0
147
0.0
147
1.0
147
0.0
147
0.0
147
0.0
147
0.0
147
1.0
 94
      127
  0
MATERIAL
  5
13D
102
{ACAD_REACTORS
330
6B
102
}
330
6B
100
AcDbMaterial
  1
Global
 72
     0
 73
     2
 43
0.0008202099737533
 43
0.0
 43
0.0
 43
0.0
 43
0.0
 43
0.0008202099737533
 43
0.0
 43
0.0
 43
0.0
 43
0.0
 43
1.0
 43
0.0
 43
0.0
 43
0.0
 43
0.0
 43
1.0
 77
     0
 78
     2
 47
0.0008202099737533
 47
0.0
 47
0.0
 47
0.0
 47
0.0
 47
0.0008202099737533
 47
0.0
 47
0.0
 47
0.0
 47
0.0
 47
1.0
 47
0.0
 47
0.0
 47
0.0
 47
0.0
 47
1.0
171
     0
172
     2
 49
0.0008202099737533
 49
0.0
 49
0.0
 49
0.0
 49
0.0
 49
0.0008202099737533
 49
0.0
 49
0.0
 49
0.0
 49
0.0
 49
1.0
 49
0.0
 49
0.0
 49
0.0
 49
0.0
 49
1.0
175
     0
176
     2
142
0.0008202099737533
142
0.0
142
0.0
142
0.0
142
0.0
142
0.0008202099737533
142
0.0
142
0.0
142
0.0
142
0.0
142
1.0
142
0.0
142
0.0
142
0.0
142
0.0
142
1.0
179
     0
270
     2
144
0.0008202099737533
144
0.0
144
0.0
144
0.0
144
0.0
144
0.0008202099737533
144
0.0
144
0.0
144
0.0
144
0.0
144
1.0
144
0.0
144
0.0
144
0.0
144
0.0
144
1.0
274
     2
147
0.0008202099737533
147
0.0
147
0.0
147
0.0
147
0.0
147
0.0008202099737533
147
0.0
147
0.0
147
0.0
147
0.0
147
1.0
147
0.0
147
0.0
147
0.0
147
0.0
147
1.0
 94
      127
  0
MLEADERSTYLE
  5
228
102
{ACAD_REACTORS
330
DE
102
}
330
DE
100
AcDbMLeaderStyle
179
     2
170
     2
171
     1
172
     0
 90
        2
 40
0.0
 41
0.0
173
     1
 91
-1056964608
340
14
 92
       -2
290
     1
 42
2.0
291
     1
 43
8.0
  3
Standard
 44
4.0
300

342
11
174
     1
178
     1
175
     1
176
     0
 93
-1056964608
 45
4.0
292
     0
297
     0
 46
0.18
 94
-1056964608
 47
1.0
 49
1.0
140
1.0
293
     1
141
0.0
294
     1
177
     0
142
1.0
295
     1
296
     1
143
3.75
271
     0
272
     9
273
     9
298
     0
  0
MLEADERSTYLE
  5
E1
102
{ACAD_REACTORS
330
DE
102
}
330
DE
100
AcDbMLeaderStyle
179
     2
170
     2
171
     1
172
     0
 90
        2
 40
0.0
 41
0.0
173
     1
 91
-1056964608
340
14
 92
       -2
290
     1
 42
2.0
291
     1
 43
8.0
  3
Standard
 44
4.0
300

342
11
174
     1
178
     1
175
     1
176
     0
 93
-1056964608
 45
4.0
292
     0
297
     0
 46
0.18
 94
-1056964608
 47
1.0
 49
1.0
140
1.0
293
     1
141
0.0
294
     1
177
     0
142
1.0
295
     0
296
     0
143
3.75
271
     0
272
     9
273
     9
298
     0
  0
MLINESTYLE
  5
18
102
{ACAD_REACTORS
330
17
102
}
330
17
100
AcDbMlineStyle
  2
STANDARD
 70
     0
  3

 62
   256
 51
90.0
 52
90.0
 71
     2
 49
0.5
 62
   256
  6
BYLAYER
 49
-0.5
 62
   256
  6
BYLAYER
  0
ACDBPLACEHOLDER
  5
F
102
{ACAD_REACTORS
330
E
102
}
330
E
  0
SCALE
  5
B8
102
{ACAD_REACTORS
330
B7
102
}
330
B7
100
AcDbScale
 70
     0
300
1:1
140
1.0
141
1.0
290
     1
  0
SCALE
  5
204
102
{ACAD_REACTORS
330
B7
102
}
330
B7
100
AcDbScale
 70
     0
300
1:2
140
1.0
141
2.0
290
     0
  0
SCALE
  5
205
102
{ACAD_REACTORS
330
B7
102
}
330
B7
100
AcDbScale
 70
     0
300
1:4
140
1.0
141
4.0
290
     0
  0
SCALE
  5
206
102
{ACAD_REACTORS
330
B7
102
}
330
B7
100
AcDbScale
 70
     0
300
1:5
140
1.0
141
5.0
290
     0
  0
SCALE
  5
207
102
{ACAD_REACTORS
330
B7
102
}
330
B7
100
AcDbScale
 70
     0
300
1:8
140
1.0
141
8.0
290
     0
  0
SCALE
  5
208
102
{ACAD_REACTORS
330
B7
102
}
330
B7
100
AcDbScale
 70
     0
300
1:10
140
1.0
141
10.0
290
     0
  0
SCALE
  5
209
102
{ACAD_REACTORS
330
B7
102
}
330
B7
100
AcDbScale
 70
     0
300
1:16
140
1.0
141
16.0
290
     0
  0
SCALE
  5
20A
102
{ACAD_REACTORS
330
B7
102
}
330
B7
100
AcDbScale
 70
     0
300
1:20
140
1.0
141
20.0
290
     0
  0
SCALE
  5
20B
102
{ACAD_REACTORS
330
B7
102
}
330
B7
100
AcDbScale
 70
     0
300
1:30
140
1.0
141
30.0
290
     0
  0
SCALE
  5
20C
102
{ACAD_REACTORS
330
B7
102
}
330
B7
100
AcDbScale
 70
     0
300
1:40
140
1.0
141
40.0
290
     0
  0
SCALE
  5
20D
102
{ACAD_REACTORS
330
B7
102
}
330
B7
100
AcDbScale
 70
     0
300
1:50
140
1.0
141
50.0
290
     0
  0
SCALE
  5
20E
102
{ACAD_REACTORS
330
B7
102
}
330
B7
100
AcDbScale
 70
     0
300
1:100
140
1.0
141
100.0
290
     0
  0
SCALE
  5
20F
102
{ACAD_REACTORS
330
B7
102
}
330
B7
100
AcDbScale
 70
     0
300
2:1
140
2.0
141
1.0
290
     0
  0
SCALE
  5
210
102
{ACAD_REACTORS
330
B7
102
}
330
B7
100
AcDbScale
 70
     0
300
4:1
140
4.0
141
1.0
290
     0
  0
SCALE
  5
211
102
{ACAD_REACTORS
330
B7
102
}
330
B7
100
AcDbScale
 70
     0
300
8:1
140
8.0
141
1.0
290
     0
  0
SCALE
  5
212
102
{ACAD_REACTORS
330
B7
102
}
330
B7
100
AcDbScale
 70
     0
300
10:1
140
10.0
141
1.0
290
     0
  0
SCALE
  5
213
102
{ACAD_REACTORS
330
B7
102
}
330
B7
100
AcDbScale
 70
     0
300
100:1
140
100.0
141
1.0
290
     0
  0
ACDBSECTIONVIEWSTYLE
  5
1D6
102
{ACAD_REACTORS
330
1D5
102
}
330
1D5
100
AcDbModelDocViewStyle
 70
     0
  3
Metric50
290
     1
300
Metric50
 90
        0
100
AcDbSectionViewStyle
 70
     0
 71
     0
 90
      230
 71
     1
340
11
 62
   256
 40
5.0
340
0
340
0
 62
   256
 40
5.0
300
I, O, Q, S, X, Z
 40
10.0
 90
        0
 40
2.5
 90
        0
 71
     2
340
16
 90
       25
 62
   256
340
16
 90
       50
 62
   256
 40
5.0
 40
2.5
 40
5.0
 71
     3
340
11
 62
   256
 40
5.0
 90
        0
 40
15.0
 90
        1
300
%<\AcVar ViewSectionStartId>%-%<\AcVar ViewSectionEndId>% (%<\AcVar ViewScale \f "%sn">%)
 71
     4
 62
   256
 62
   257
300
ANSI31
 40
1.0
 90
        0
290
     0
290
     0
 90
        6
 40
0.0
 40
1.570796326794896
 40
0.2617993877991494
 40
1.308996938995747
 40
-0.2617993877991494
 40
1.832595714594046
1001
SectionViewStyle
1005
16
1070
    25
1070
     0
1070
     1
1070
     0
1070
     0
1070
     2
1040
0.0
1005
16
1070
    25
1070
     1
  0
TABLESTYLE
  5
93
102
{ACAD_XDICTIONARY
360
22B
102
}
102
{ACAD_REACTORS
330
92
102
}
330
92
100
AcDbTableStyle
280
     0
  3
Standard
 70
     0
 71
     0
 40
1.5
 41
1.5
280
     0
281
     0
  7
Standard
140
4.5
170
     2
 62
     0
 63
     7
283
     0
 90
      512
 91
        0
  1

274
    -2
284
     1
 64
     0
275
    -2
285
     1
 65
     0
276
    -2
286
     1
 66
     0
277
    -2
287
     1
 67
     0
278
    -2
288
     1
 68
     0
279
    -2
289
     1
 69
     0
  7
Standard
140
6.0
170
     5
 62
     0
 63
     7
283
     0
 90
      512
 91
        0
  1

274
    -2
284
     1
 64
     0
275
    -2
285
     1
 65
     0
276
    -2
286
     1
 66
     0
277
    -2
287
     1
 67
     0
278
    -2
288
     1
 68
     0
279
    -2
289
     1
 69
     0
  7
Standard
140
4.5
170
     5
 62
     0
 63
     7
283
     0
 90
      512
 91
        0
  1

274
    -2
284
     1
 64
     0
275
    -2
285
     1
 65
     0
276
    -2
286
     1
 66
     0
277
    -2
287
     1
 67
     0
278
    -2
288
     1
 68
     0
279
    -2
289
     1
 69
     0
1001
ACAD
1000
AcRTDxfName
1000
TABLESTYLE
  0
VISUALSTYLE
  5
14B
102
{ACAD_REACTORS
330
145
102
}
330
145
100
AcDbVisualStyle
  2
2dWireframe
 70
     4
177
     3
291
     0
 70
    58
 90
        0
176
     1
 90
        2
176
     1
 90
        0
176
     1
 90
        0
176
     1
 40
0.6
176
     1
 40
30.0
176
     1
 62
     7
420
 16777215
176
     1
 90
        1
176
     1
 90
        4
176
     1
 62
     7
176
     1
 62
   257
176
     1
 90
        1
176
     1
 90
        1
176
     1
 40
1.0
176
     1
 90
        0
176
     1
 62
   257
176
     1
 40
1.0
176
     1
 90
        1
176
     1
 90
        6
176
     1
 90
        2
176
     1
 62
     7
176
     1
 90
        5
176
     1
 90
        0
176
     1
 90
        0
176
     1
290
     0
176
     1
 90
        1
176
     1
 40
0.0
176
     1
 90
        0
176
     1
290
     1
176
     1
290
     1
176
     1
290
     0
176
     1
290
     0
176
     1
290
     0
176
     1
290
     0
176
     1
290
     0
176
     1
290
     0
176
     1
290
     0
176
     1
 90
       50
176
     1
 40
0.0
176
     1
 40
1.0
176
     1
 90
        0
176
     1
 62
    18
420
        0
176
     1
 90
       50
176
     1
 90
        3
176
     1
 62
     5
420
      255
176
     1
290
     0
176
     1
 90
       50
176
     1
 90
       50
176
     1
 90
       50
176
     1
290
     0
176
     1
 90
       50
176
     1
 62
   256
176
     0
 40
1.0
176
     0
 90
        0
176
     1
  1
strokes_ogs.tif
176
     1
290
     0
176
     1
 40
1.0
176
     1
 40
1.0
176
     1
  0
VISUALSTYLE
  5
14A
102
{ACAD_REACTORS
330
145
102
}
330
145
100
AcDbVisualStyle
  2
Basic
 70
     7
177
     3
291
     1
 70
    58
 90
        1
176
     1
 90
        0
176
     1
 90
        1
176
     1
 90
        0
176
     1
 40
0.6
176
     1
 40
30.0
176
     1
 62
     7
420
 16777215
176
     1
 90
        0
176
     1
 90
        4
176
     1
 62
     7
176
     1
 62
   257
176
     1
 90
        1
176
     1
 90
        1
176
     1
 40
1.0
176
     1
 90
        8
176
     1
 62
     7
176
     1
 40
1.0
176
     1
 90
        1
176
     1
 90
        6
176
     1
 90
        2
176
     1
 62
     7
176
     1
 90
        5
176
     1
 90
        0
176
     1
 90
        0
176
     1
290
     0
176
     1
 90
        1
176
     1
 40
0.0
176
     1
 90
        0
176
     1
290
     0
176
     1
290
     1
176
     1
290
     1
176
     1
290
     0
176
     1
290
     0
176
     1
290
     0
176
     1
290
     0
176
     1
290
     0
176
     1
290
     0
176
     1
 90
       50
176
     1
 40
0.0
176
     1
 40
1.0
176
     1
 90
        0
176
     1
 62
    18
420
        0
176
     1
 90
       50
176
     1
 90
        3
176
     1
 62
     5
420
      255
176
     1
290
     0
176
     1
 90
       50
176
     1
 90
       50
176
     1
 90
       50
176
     1
290
     0
176
     1
 90
       50
176
     1
 62
   256
176
     0
 40
1.0
176
     0
 90
        0
176
     1
  1
strokes_ogs.tif
176
     1
290
     0
176
     1
 40
1.0
176
     1
 40
1.0
176
     1
  0
VISUALSTYLE
  5
151
102
{ACAD_REACTORS
330
145
102
}
330
145
100
AcDbVisualStyle
  2
Brighten
 70
    12
177
     3
291
     1
 70
    58
 90
        2
176
     1
 90
        2
176
     1
 90
        0
176
     1
 90
        0
176
     1
 40
0.6
176
     1
 40
30.0
176
     1
 62
     7
420
 16777215
176
     1
 90
        1
176
     1
 90
        4
176
     1
 62
     7
176
     1
 62
   257
176
     1
 90
        1
176
     1
 90
        1
176
     1
 40
1.0
176
     1
 90
        8
176
     1
 62
     7
176
     1
 40
1.0
176
     1
 90
        1
176
     1
 90
        6
176
     1
 90
        2
176
     1
 62
     7
176
     1
 90
        5
176
     1
 90
        0
176
     1
 90
        0
176
     1
290
     0
176
     1
 90
        1
176
     1
 40
50.0
176
     1
 90
        0
176
     1
290
     0
176
     1
290
     1
176
     1
290
     1
176
     1
290
     0
176
     1
290
     0
176
     1
290
     0
176
     1
290
     0
176
     1
290
     0
176
     1
290
     0
176
     1
 90
       50
176
     1
 40
0.0
176
     1
 40
1.0
176
     1
 90
        0
176
     1
 62
    18
420
        0
176
     1
 90
       50
176
     1
 90
        3
176
     1
 62
     5
420
      255
176
     1
290
     0
176
     1
 90
       50
176
     1
 90
       50
176
     1
 90
       50
176
     1
290
     0
176
     1
 90
       50
176
     1
 62
   256
176
     0
 40
1.0
176
     0
 90
        0
176
     1
  1
strokes_ogs.tif
176
     1
290
     0
176
     1
 40
1.0
176
     1
 40
1.0
176
     1
  0
VISUALSTYLE
  5
155
102
{ACAD_REACTORS
330
145
102
}
330
145
100
AcDbVisualStyle
  2
ColorChange
 70
    16
177
     3
291
     1
 70
    58
 90
        2
176
     1
 90
        2
176
     1
 90
        3
176
     1
 90
        0
176
     1
 40
0.6
176
     1
 40
30.0
176
     1
 62
     8
420
  8421504
176
     1
 90
        1
176
     1
 90
        4
176
     1
 62
     7
176
     1
 62
   257
176
     1
 90
        1
176
     1
 90
        1
176
     1
 40
1.0
176
     1
 90
        8
176
     1
 62
     8
420
  8421504
176
     1
 40
1.0
176
     1
 90
        1
176
     1
 90
        6
176
     1
 90
        2
176
     1
 62
     7
176
     1
 90
        5
176
     1
 90
        0
176
     1
 90
        0
176
     1
290
     0
176
     1
 90
        1
176
     1
 40
0.0
176
     1
 90
        0
176
     1
290
     0
176
     1
290
     1
176
     1
290
     1
176
     1
290
     0
176
     1
290
     0
176
     1
290
     0
176
     1
290
     0
176
     1
290
     0
176
     1
290
     0
176
     1
 90
       50
176
     1
 40
0.0
176
     1
 40
1.0
176
     1
 90
        0
176
     1
 62
    18
420
        0
176
     1
 90
       50
176
     1
 90
        3
176
     1
 62
     5
420
      255
176
     1
290
     0
176
     1
 90
       50
176
     1
 90
       50
176
     1
 90
       50
176
     1
290
     0
176
     1
 90
       50
176
     1
 62
   256
176
     0
 40
1.0
176
     0
 90
        0
176
     1
  1
strokes_ogs.tif
176
     1
290
     0
176
     1
 40
1.0
176
     1
 40
1.0
176
     1
  0
VISUALSTYLE
  5
14E
102
{ACAD_REACTORS
330
145
102
}
330
145
100
AcDbVisualStyle
  2
Conceptual
 70
     9
177
     3
291
     0
 70
    58
 90
        3
176
     1
 90
        2
176
     1
 90
        0
176
     1
 90
        0
176
     1
 40
0.6
176
     1
 40
30.0
176
     1
 62
     7
420
 16777215
176
     1
 90
        2
176
     1
 90
        2
176
     1
 62
     7
176
     1
 62
   257
176
     1
 90
        1
176
     1
 90
        1
176
     1
 40
179.0
176
     1
 90
        8
176
     1
 62
     7
176
     1
 40
1.0
176
     1
 90
        1
176
     1
 90
        6
176
     1
 90
        2
176
     1
 62
     7
176
     1
 90
        3
176
     1
 90
        0
176
     1
 90
        0
176
     1
290
     0
176
     1
 90
        1
176
     1
 40
0.0
176
     1
 90
        0
176
     1
290
     0
176
     1
290
     1
176
     1
290
     1
176
     1
290
     0
176
     1
290
     0
176
     1
290
     0
176
     1
290
     0
176
     1
290
     0
176
     1
290
     0
176
     1
 90
       50
176
     1
 40
0.0
176
     1
 40
1.0
176
     1
 90
        0
176
     1
 62
    18
420
        0
176
     1
 90
       50
176
     1
 90
        3
176
     1
 62
     5
420
      255
176
     1
290
     0
176
     1
 90
       50
176
     1
 90
       50
176
     1
 90
       50
176
     1
290
     0
176
     1
 90
       50
176
     1
 62
   256
176
     0
 40
1.0
176
     0
 90
        0
176
     1
  1
strokes_ogs.tif
176
     1
290
     0
176
     1
 40
1.0
176
     1
 40
1.0
176
     1
  0
VISUALSTYLE
  5
150
102
{ACAD_REACTORS
330
145
102
}
330
145
100
AcDbVisualStyle
  2
Dim
 70
    11
177
     3
291
     1
 70
    58
 90
        2
176
     1
 90
        2
176
     1
 90
        0
176
     1
 90
        0
176
     1
 40
0.6
176
     1
 40
30.0
176
     1
 62
     7
420
 16777215
176
     1
 90
        1
176
     1
 90
        4
176
     1
 62
     7
176
     1
 62
   257
176
     1
 90
        1
176
     1
 90
        1
176
     1
 40
1.0
176
     1
 90
        8
176
     1
 62
     7
176
     1
 40
1.0
176
     1
 90
        1
176
     1
 90
        6
176
     1
 90
        2
176
     1
 62
     7
176
     1
 90
        5
176
     1
 90
        0
176
     1
 90
        0
176
     1
290
     0
176
     1
 90
        1
176
     1
 40
-50.0
176
     1
 90
        0
176
     1
290
     0
176
     1
290
     1
176
     1
290
     1
176
     1
290
     0
176
     1
290
     0
176
     1
290
     0
176
     1
290
     0
176
     1
290
     0
176
     1
290
     0
176
     1
 90
       50
176
     1
 40
0.0
176
     1
 40
1.0
176
     1
 90
        0
176
     1
 62
    18
420
        0
176
     1
 90
       50
176
     1
 90
        3
176
     1
 62
     5
420
      255
176
     1
290
     0
176
     1
 90
       50
176
     1
 90
       50
176
     1
 90
       50
176
     1
290
     0
176
     1
 90
       50
176
     1
 62
   256
176
     0
 40
1.0
176
     0
 90
        0
176
     1
  1
strokes_ogs.tif
176
     1
290
     0
176
     1
 40
1.0
176
     1
 40
1.0
176
     1
  0
VISUALSTYLE
  5
15D
102
{ACAD_REACTORS
330
145
102
}
330
145
100
AcDbVisualStyle
  2
EdgeColorOff
 70
    22
177
     3
291
     1
 70
    58
 90
        2
176
     0
 90
        2
176
     0
 90
        0
176
     0
 90
        0
176
     0
 40
0.6
176
     0
 40
30.0
176
     0
 62
     7
420
 16777215
176
     0
 90
        1
176
     0
 90
        4
176
     0
 62
     7
176
     0
 62
   257
176
     0
 90
        1
176
     0
 90
        1
176
     0
 40
1.0
176
     0
 90
        8
176
     2
 62
     7
176
     0
 40
1.0
176
     0
 90
        1
176
     0
 90
        6
176
     0
 90
        2
176
     0
 62
     7
176
     0
 90
        5
176
     0
 90
        0
176
     0
 90
        0
176
     0
290
     0
176
     0
 90
        1
176
     0
 40
0.0
176
     0
 90
        0
176
     0
290
     0
176
     1
290
     1
176
     1
290
     1
176
     1
290
     0
176
     1
290
     0
176
     1
290
     0
176
     1
290
     0
176
     1
290
     0
176
     1
290
     0
176
     1
 90
       50
176
     1
 40
0.0
176
     1
 40
1.0
176
     1
 90
        0
176
     1
 62
    18
420
        0
176
     1
 90
       50
176
     1
 90
        3
176
     1
 62
     5
420
      255
176
     1
290
     0
176
     1
 90
       50
176
     1
 90
       50
176
     1
 90
       50
176
     1
290
     0
176
     1
 90
       50
176
     1
 62
   256
176
     0
 40
1.0
176
     0
 90
        0
176
     1
  1
strokes_ogs.tif
176
     1
290
     0
176
     1
 40
1.0
176
     1
 40
1.0
176
     1
  0
VISUALSTYLE
  5
154
102
{ACAD_REACTORS
330
145
102
}
330
145
100
AcDbVisualStyle
  2
Facepattern
 70
    15
177
     3
291
     1
 70
    58
 90
        2
176
     1
 90
        2
176
     1
 90
        0
176
     1
 90
        0
176
     1
 40
0.6
176
     1
 40
30.0
176
     1
 62
     7
420
 16777215
176
     1
 90
        1
176
     1
 90
        4
176
     1
 62
     7
176
     1
 62
   257
176
     1
 90
        1
176
     1
 90
        1
176
     1
 40
1.0
176
     1
 90
        8
176
     1
 62
     7
176
     1
 40
1.0
176
     1
 90
        1
176
     1
 90
        6
176
     1
 90
        2
176
     1
 62
     7
176
     1
 90
        5
176
     1
 90
        0
176
     1
 90
        0
176
     1
290
     0
176
     1
 90
        1
176
     1
 40
0.0
176
     1
 90
        0
176
     1
290
     0
176
     1
290
     1
176
     1
290
     1
176
     1
290
     0
176
     1
290
     0
176
     1
290
     0
176
     1
290
     0
176
     1
290
     0
176
     1
290
     0
176
     1
 90
       50
176
     1
 40
0.0
176
     1
 40
1.0
176
     1
 90
        0
176
     1
 62
    18
420
        0
176
     1
 90
       50
176
     1
 90
        3
176
     1
 62
     5
420
      255
176
     1
290
     0
176
     1
 90
       50
176
     1
 90
       50
176
     1
 90
       50
176
     1
290
     0
176
     1
 90
       50
176
     1
 62
   256
176
     0
 40
1.0
176
     0
 90
        0
176
     1
  1
strokes_ogs.tif
176
     1
290
     0
176
     1
 40
1.0
176
     1
 40
1.0
176
     1
  0
VISUALSTYLE
  5
146
102
{ACAD_REACTORS
330
145
102
}
330
145
100
AcDbVisualStyle
  2
Flat
 70
     0
177
     3
291
     1
 70
    58
 90
        2
176
     1
 90
        1
176
     1
 90
        1
176
     1
 90
        2
176
     1
 40
0.6
176
     1
 40
30.0
176
     1
 62
     7
420
 16777215
176
     1
 90
        0
176
     1
 90
        0
176
     1
 62
     7
176
     1
 62
   257
176
     1
 90
        1
176
     1
 90
        1
176
     1
 40
1.0
176
     1
 90
        8
176
     1
 62
     7
176
     1
 40
1.0
176
     1
 90
        1
176
     1
 90
        6
176
     1
 90
        2
176
     1
 62
     7
176
     1
 90
        5
176
     1
 90
        0
176
     1
 90
        0
176
     1
290
     0
176
     1
 90
       13
176
     1
 40
0.0
176
     1
 90
        0
176
     1
290
     0
176
     1
290
     1
176
     1
290
     1
176
     1
290
     0
176
     1
290
     0
176
     1
290
     0
176
     1
290
     0
176
     1
290
     0
176
     1
290
     0
176
     1
 90
       50
176
     1
 40
0.0
176
     1
 40
1.0
176
     1
 90
        0
176
     1
 62
    18
420
        0
176
     1
 90
       50
176
     1
 90
        3
176
     1
 62
     5
420
      255
176
     1
290
     0
176
     1
 90
       50
176
     1
 90
       50
176
     1
 90
       50
176
     1
290
     0
176
     1
 90
       50
176
     1
 62
   256
176
     0
 40
1.0
176
     0
 90
        0
176
     1
  1
strokes_ogs.tif
176
     1
290
     0
176
     1
 40
1.0
176
     1
 40
1.0
176
     1
  0
VISUALSTYLE
  5
147
102
{ACAD_REACTORS
330
145
102
}
330
145
100
AcDbVisualStyle
  2
FlatWithEdges
 70
     1
177
     3
291
     1
 70
    58
 90
        2
176
     1
 90
        1
176
     1
 90
        1
176
     1
 90
        2
176
     1
 40
0.6
176
     1
 40
30.0
176
     1
 62
     7
420
 16777215
176
     1
 90
        1
176
     1
 90
        0
176
     1
 62
     7
176
     1
 62
   257
176
     1
 90
        1
176
     1
 90
        1
176
     1
 40
1.0
176
     1
 90
        0
176
     1
 62
   257
176
     1
 40
1.0
176
     1
 90
        1
176
     1
 90
        6
176
     1
 90
        2
176
     1
 62
     7
176
     1
 90
        5
176
     1
 90
        0
176
     1
 90
        0
176
     1
290
     0
176
     1
 90
       13
176
     1
 40
0.0
176
     1
 90
        0
176
     1
290
     0
176
     1
290
     1
176
     1
290
     1
176
     1
290
     0
176
     1
290
     0
176
     1
290
     0
176
     1
290
     0
176
     1
290
     0
176
     1
290
     0
176
     1
 90
       50
176
     1
 40
0.0
176
     1
 40
1.0
176
     1
 90
        0
176
     1
 62
    18
420
        0
176
     1
 90
       50
176
     1
 90
        3
176
     1
 62
     5
420
      255
176
     1
290
     0
176
     1
 90
       50
176
     1
 90
       50
176
     1
 90
       50
176
     1
290
     0
176
     1
 90
       50
176
     1
 62
   256
176
     0
 40
1.0
176
     0
 90
        0
176
     1
  1
strokes_ogs.tif
176
     1
290
     0
176
     1
 40
1.0
176
     1
 40
1.0
176
     1
  0
VISUALSTYLE
  5
148
102
{ACAD_REACTORS
330
145
102
}
330
145
100
AcDbVisualStyle
  2
Gouraud
 70
     2
177
     3
291
     1
 70
    58
 90
        2
176
     1
 90
        2
176
     1
 90
        1
176
     1
 90
        2
176
     1
 40
0.6
176
     1
 40
30.0
176
     1
 62
     7
420
 16777215
176
     1
 90
        0
176
     1
 90
        0
176
     1
 62
     7
176
     1
 62
   257
176
     1
 90
        1
176
     1
 90
        1
176
     1
 40
1.0
176
     1
 90
        0
176
     1
 62
     7
176
     1
 40
1.0
176
     1
 90
        1
176
     1
 90
        6
176
     1
 90
        2
176
     1
 62
     7
176
     1
 90
        5
176
     1
 90
        0
176
     1
 90
        0
176
     1
290
     0
176
     1
 90
       13
176
     1
 40
0.0
176
     1
 90
        0
176
     1
290
     0
176
     1
290
     1
176
     1
290
     1
176
     1
290
     0
176
     1
290
     0
176
     1
290
     0
176
     1
290
     0
176
     1
290
     0
176
     1
290
     0
176
     1
 90
       50
176
     1
 40
0.0
176
     1
 40
1.0
176
     1
 90
        0
176
     1
 62
    18
420
        0
176
     1
 90
       50
176
     1
 90
        3
176
     1
 62
     5
420
      255
176
     1
290
     0
176
     1
 90
       50
176
     1
 90
       50
176
     1
 90
       50
176
     1
290
     0
176
     1
 90
       50
176
     1
 62
   256
176
     0
 40
1.0
176
     0
 90
        0
176
     1
  1
strokes_ogs.tif
176
     1
290
     0
176
     1
 40
1.0
176
     1
 40
1.0
176
     1
  0
VISUALSTYLE
  5
149
102
{ACAD_REACTORS
330
145
102
}
330
145
100
AcDbVisualStyle
  2
GouraudWithEdges
 70
     3
177
     3
291
     1
 70
    58
 90
        2
176
     1
 90
        2
176
     1
 90
        1
176
     1
 90
        2
176
     1
 40
0.6
176
     1
 40
30.0
176
     1
 62
     7
420
 16777215
176
     1
 90
        1
176
     1
 90
        0
176
     1
 62
     7
176
     1
 62
   257
176
     1
 90
        1
176
     1
 90
        1
176
     1
 40
1.0
176
     1
 90
        0
176
     1
 62
   257
176
     1
 40
1.0
176
     1
 90
        1
176
     1
 90
        6
176
     1
 90
        2
176
     1
 62
     7
176
     1
 90
        5
176
     1
 90
        0
176
     1
 90
        0
176
     1
290
     0
176
     1
 90
       13
176
     1
 40
0.0
176
     1
 90
        0
176
     1
290
     0
176
     1
290
     1
176
     1
290
     1
176
     1
290
     0
176
     1
290
     0
176
     1
290
     0
176
     1
290
     0
176
     1
290
     0
176
     1
290
     0
176
     1
 90
       50
176
     1
 40
0.0
176
     1
 40
1.0
176
     1
 90
        0
176
     1
 62
    18
420
        0
176
     1
 90
       50
176
     1
 90
        3
176
     1
 62
     5
420
      255
176
     1
290
     0
176
     1
 90
       50
176
     1
 90
       50
176
     1
 90
       50
176
     1
290
     0
176
     1
 90
       50
176
     1
 62
   256
176
     0
 40
1.0
176
     0
 90
        0
176
     1
  1
strokes_ogs.tif
176
     1
290
     0
176
     1
 40
1.0
176
     1
 40
1.0
176
     1
  0
VISUALSTYLE
  5
14D
102
{ACAD_REACTORS
330
145
102
}
330
145
100
AcDbVisualStyle
  2
Hidden
 70
     6
177
     3
291
     0
 70
    58
 90
        1
176
     1
 90
        2
176
     1
 90
        2
176
     1
 90
        0
176
     1
 40
0.6
176
     1
 40
30.0
176
     1
 62
     7
420
 16777215
176
     1
 90
        2
176
     1
 90
        2
176
     1
 62
     7
176
     1
 62
   257
176
     1
 90
        2
176
     1
 90
        1
176
     1
 40
40.0
176
     1
 90
        0
176
     1
 62
   257
176
     1
 40
1.0
176
     1
 90
        1
176
     1
 90
        6
176
     1
 90
        2
176
     1
 62
     7
176
     1
 90
        3
176
     1
 90
        0
176
     1
 90
        0
176
     1
290
     0
176
     1
 90
        1
176
     1
 40
0.0
176
     1
 90
        0
176
     1
290
     0
176
     1
290
     1
176
     1
290
     1
176
     1
290
     0
176
     1
290
     0
176
     1
290
     0
176
     1
290
     0
176
     1
290
     0
176
     1
290
     0
176
     1
 90
       50
176
     1
 40
0.0
176
     1
 40
1.0
176
     1
 90
        0
176
     1
 62
    18
420
        0
176
     1
 90
       50
176
     1
 90
        3
176
     1
 62
     5
420
      255
176
     1
290
     0
176
     1
 90
       50
176
     1
 90
       50
176
     1
 90
       50
176
     1
290
     0
176
     1
 90
       50
176
     1
 62
   256
176
     0
 40
1.0
176
     0
 90
        0
176
     1
  1
strokes_ogs.tif
176
     1
290
     0
176
     1
 40
1.0
176
     1
 40
1.0
176
     1
  0
VISUALSTYLE
  5
15B
102
{ACAD_REACTORS
330
145
102
}
330
145
100
AcDbVisualStyle
  2
JitterOff
 70
    20
177
     3
291
     1
 70
    58
 90
        2
176
     0
 90
        2
176
     0
 90
        0
176
     0
 90
        0
176
     0
 40
0.6
176
     0
 40
30.0
176
     0
 62
     7
420
 16777215
176
     0
 90
        1
176
     0
 90
        4
176
     0
 62
     7
176
     0
 62
   257
176
     0
 90
        1
176
     0
 90
        1
176
     0
 40
1.0
176
     0
 90
       10
176
     2
 62
     7
176
     0
 40
1.0
176
     0
 90
        1
176
     0
 90
        6
176
     0
 90
        2
176
     0
 62
     7
176
     0
 90
        5
176
     0
 90
        0
176
     0
 90
        0
176
     0
290
     0
176
     0
 90
        1
176
     0
 40
0.0
176
     0
 90
        0
176
     0
290
     0
176
     1
290
     1
176
     1
290
     1
176
     1
290
     0
176
     1
290
     0
176
     1
290
     0
176
     1
290
     0
176
     1
290
     0
176
     1
290
     0
176
     1
 90
       50
176
     1
 40
0.0
176
     1
 40
1.0
176
     1
 90
        0
176
     1
 62
    18
420
        0
176
     1
 90
       50
176
     1
 90
        3
176
     1
 62
     5
420
      255
176
     1
290
     0
176
     1
 90
       50
176
     1
 90
       50
176
     1
 90
       50
176
     1
290
     0
176
     1
 90
       50
176
     1
 62
   256
176
     0
 40
1.0
176
     0
 90
        0
176
     1
  1
strokes_ogs.tif
176
     1
290
     0
176
     1
 40
1.0
176
     1
 40
1.0
176
     1
  0
VISUALSTYLE
  5
153
102
{ACAD_REACTORS
330
145
102
}
330
145
100
AcDbVisualStyle
  2
Linepattern
 70
    14
177
     3
291
     1
 70
    58
 90
        2
176
     1
 90
        2
176
     1
 90
        0
176
     1
 90
        0
176
     1
 40
0.6
176
     1
 40
30.0
176
     1
 62
     7
420
 16777215
176
     1
 90
        1
176
     1
 90
        4
176
     1
 62
     7
176
     1
 62
   257
176
     1
 90
        7
176
     1
 90
        7
176
     1
 40
1.0
176
     1
 90
        8
176
     1
 62
     7
176
     1
 40
1.0
176
     1
 90
        1
176
     1
 90
        6
176
     1
 90
        2
176
     1
 62
     7
176
     1
 90
        5
176
     1
 90
        0
176
     1
 90
        0
176
     1
290
     0
176
     1
 90
        1
176
     1
 40
0.0
176
     1
 90
        0
176
     1
290
     0
176
     1
290
     1
176
     1
290
     1
176
     1
290
     0
176
     1
290
     0
176
     1
290
     0
176
     1
290
     0
176
     1
290
     0
176
     1
290
     0
176
     1
 90
       50
176
     1
 40
0.0
176
     1
 40
1.0
176
     1
 90
        0
176
     1
 62
    18
420
        0
176
     1
 90
       50
176
     1
 90
        3
176
     1
 62
     5
420
      255
176
     1
290
     0
176
     1
 90
       50
176
     1
 90
       50
176
     1
 90
       50
176
     1
290
     0
176
     1
 90
       50
176
     1
 62
   256
176
     0
 40
1.0
176
     0
 90
        0
176
     1
  1
strokes_ogs.tif
176
     1
290
     0
176
     1
 40
1.0
176
     1
 40
1.0
176
     1
  0
VISUALSTYLE
  5
15C
102
{ACAD_REACTORS
330
145
102
}
330
145
100
AcDbVisualStyle
  2
OverhangOff
 70
    21
177
     3
291
     1
 70
    58
 90
        2
176
     0
 90
        2
176
     0
 90
        0
176
     0
 90
        0
176
     0
 40
0.6
176
     0
 40
30.0
176
     0
 62
     7
420
 16777215
176
     0
 90
        1
176
     0
 90
        4
176
     0
 62
     7
176
     0
 62
   257
176
     0
 90
        1
176
     0
 90
        1
176
     0
 40
1.0
176
     0
 90
        9
176
     2
 62
     7
176
     0
 40
1.0
176
     0
 90
        1
176
     0
 90
        6
176
     0
 90
        2
176
     0
 62
     7
176
     0
 90
        5
176
     0
 90
        0
176
     0
 90
        0
176
     0
290
     0
176
     0
 90
        1
176
     0
 40
0.0
176
     0
 90
        0
176
     0
290
     0
176
     1
290
     1
176
     1
290
     1
176
     1
290
     0
176
     1
290
     0
176
     1
290
     0
176
     1
290
     0
176
     1
290
     0
176
     1
290
     0
176
     1
 90
       50
176
     1
 40
0.0
176
     1
 40
1.0
176
     1
 90
        0
176
     1
 62
    18
420
        0
176
     1
 90
       50
176
     1
 90
        3
176
     1
 62
     5
420
      255
176
     1
290
     0
176
     1
 90
       50
176
     1
 90
       50
176
     1
 90
       50
176
     1
290
     0
176
     1
 90
       50
176
     1
 62
   256
176
     0
 40
1.0
176
     0
 90
        0
176
     1
  1
strokes_ogs.tif
176
     1
290
     0
176
     1
 40
1.0
176
     1
 40
1.0
176
     1
  0
VISUALSTYLE
  5
14F
102
{ACAD_REACTORS
330
145
102
}
330
145
100
AcDbVisualStyle
  2
Realistic
 70
     8
177
     3
291
     0
 70
    58
 90
        2
176
     1
 90
        3
176
     1
 90
        0
176
     1
 90
        2
176
     1
 40
0.6
176
     1
 40
30.0
176
     1
 62
     7
420
 16777215
176
     1
 90
        0
176
     1
 90
        0
176
     1
 62
     7
176
     1
 62
   257
176
     1
 90
        1
176
     1
 90
        1
176
     1
 40
1.0
176
     1
 90
        8
176
     1
 62
   257
176
     1
 40
1.0
176
     1
 90
        1
176
     1
 90
        6
176
     1
 90
        2
176
     1
 62
     7
176
     1
 90
        3
176
     1
 90
        0
176
     1
 90
        0
176
     1
290
     0
176
     1
 90
       13
176
     1
 40
0.0
176
     1
 90
        0
176
     1
290
     0
176
     1
290
     1
176
     1
290
     1
176
     1
290
     0
176
     1
290
     0
176
     1
290
     0
176
     1
290
     0
176
     1
290
     0
176
     1
290
     0
176
     1
 90
       50
176
     1
 40
0.0
176
     1
 40
1.0
176
     1
 90
        0
176
     1
 62
    18
420
        0
176
     1
 90
       50
176
     1
 90
        3
176
     1
 62
     5
420
      255
176
     1
290
     0
176
     1
 90
       50
176
     1
 90
       50
176
     1
 90
       50
176
     1
290
     0
176
     1
 90
       50
176
     1
 62
   256
176
     0
 40
1.0
176
     0
 90
        0
176
     1
  1
strokes_ogs.tif
176
     1
290
     0
176
     1
 40
1.0
176
     1
 40
1.0
176
     1
  0
VISUALSTYLE
  5
15A
102
{ACAD_REACTORS
330
145
102
}
330
145
100
AcDbVisualStyle
  2
Shaded
 70
    27
177
     3
291
     0
 70
    58
 90
        2
176
     1
 90
        2
176
     1
 90
        1
176
     1
 90
        2
176
     1
 40
0.6
176
     1
 40
30.0
176
     1
 62
     7
420
 16777215
176
     1
 90
        0
176
     1
 90
        4
176
     1
 62
     7
176
     1
 62
   257
176
     1
 90
        1
176
     1
 90
        1
176
     1
 40
1.0
176
     1
 90
        8
176
     1
 62
   257
176
     1
 40
1.0
176
     1
 90
        1
176
     1
 90
        6
176
     1
 90
        2
176
     1
 62
     8
420
  7895160
176
     1
 90
        3
176
     1
 90
        0
176
     1
 90
        0
176
     1
290
     0
176
     1
 90
        5
176
     1
 40
0.0
176
     1
 90
        0
176
     1
290
     0
176
     1
290
     1
176
     1
290
     1
176
     1
290
     0
176
     1
290
     0
176
     1
290
     0
176
     1
290
     0
176
     1
290
     0
176
     1
290
     0
176
     1
 90
       50
176
     1
 40
0.0
176
     1
 40
1.0
176
     1
 90
        0
176
     1
 62
    18
420
        0
176
     1
 90
       50
176
     1
 90
        3
176
     1
 62
     5
420
      255
176
     1
290
     0
176
     1
 90
       50
176
     1
 90
       50
176
     1
 90
       50
176
     1
290
     0
176
     1
 90
       50
176
     1
 62
   256
176
     0
 40
1.0
176
     0
 90
        0
176
     1
  1
strokes_ogs.tif
176
     1
290
     0
176
     1
 40
1.0
176
     1
 40
1.0
176
     1
  0
VISUALSTYLE
  5
159
102
{ACAD_REACTORS
330
145
102
}
330
145
100
AcDbVisualStyle
  2
Shaded with edges
 70
    26
177
     3
291
     0
 70
    58
 90
        2
176
     1
 90
        2
176
     1
 90
        1
176
     1
 90
        2
176
     1
 40
0.6
176
     1
 40
30.0
176
     1
 62
     7
420
 16777215
176
     1
 90
        1
176
     1
 90
       10
176
     1
 62
     7
176
     1
 62
   257
176
     1
 90
        2
176
     1
 90
        1
176
     1
 40
1.0
176
     1
 90
        8
176
     1
 62
   257
176
     1
 40
1.0
176
     1
 90
        1
176
     1
 90
        6
176
     1
 90
        2
176
     1
 62
     7
176
     1
 90
        3
176
     1
 90
        0
176
     1
 90
        0
176
     1
290
     0
176
     1
 90
        5
176
     1
 40
0.0
176
     1
 90
        0
176
     1
290
     0
176
     1
290
     1
176
     1
290
     1
176
     1
290
     0
176
     1
290
     0
176
     1
290
     0
176
     1
290
     0
176
     1
290
     0
176
     1
290
     0
176
     1
 90
       50
176
     1
 40
0.0
176
     1
 40
1.0
176
     1
 90
        0
176
     1
 62
    18
420
        0
176
     1
 90
       50
176
     1
 90
        3
176
     1
 62
     5
420
      255
176
     1
290
     0
176
     1
 90
       50
176
     1
 90
       50
176
     1
 90
       50
176
     1
290
     0
176
     1
 90
       50
176
     1
 62
   256
176
     0
 40
1.0
176
     0
 90
        0
176
     1
  1
strokes_ogs.tif
176
     1
290
     0
176
     1
 40
1.0
176
     1
 40
1.0
176
     1
  0
VISUALSTYLE
  5
156
102
{ACAD_REACTORS
330
145
102
}
330
145
100
AcDbVisualStyle
  2
Shades of Gray
 70
    23
177
     3
291
     0
 70
    58
 90
        2
176
     1
 90
        2
176
     1
 90
        3
176
     1
 90
        0
176
     1
 40
0.6
176
     1
 40
30.0
176
     1
 62
     7
420
 16777215
176
     1
 90
        2
176
     1
 90
        2
176
     1
 62
     7
176
     1
 62
     7
176
     1
 90
        1
176
     1
 90
        1
176
     1
 40
40.0
176
     1
 90
        8
176
     1
 62
     7
176
     1
 40
1.0
176
     1
 90
        1
176
     1
 90
        6
176
     1
 90
        2
176
     1
 62
     7
176
     1
 90
        3
176
     1
 90
        0
176
     1
 90
        0
176
     1
290
     0
176
     1
 90
        1
176
     1
 40
0.0
176
     1
 90
        0
176
     1
290
     0
176
     1
290
     1
176
     1
290
     1
176
     1
290
     0
176
     1
290
     0
176
     1
290
     0
176
     1
290
     0
176
     1
290
     0
176
     1
290
     0
176
     1
 90
       50
176
     1
 40
0.0
176
     1
 40
1.0
176
     1
 90
        0
176
     1
 62
    18
420
        0
176
     1
 90
       50
176
     1
 90
        3
176
     1
 62
     5
420
      255
176
     1
290
     0
176
     1
 90
       50
176
     1
 90
       50
176
     1
 90
       50
176
     1
290
     0
176
     1
 90
       50
176
     1
 62
   256
176
     0
 40
1.0
176
     0
 90
        0
176
     1
  1
strokes_ogs.tif
176
     1
290
     0
176
     1
 40
1.0
176
     1
 40
1.0
176
     1
  0
VISUALSTYLE
  5
157
102
{ACAD_REACTORS
330
145
102
}
330
145
100
AcDbVisualStyle
  2
Sketchy
 70
    24
177
     3
291
     0
 70
    58
 90
        1
176
     1
 90
        2
176
     1
 90
        2
176
     1
 90
        0
176
     1
 40
0.6
176
     1
 40
30.0
176
     1
 62
     7
420
 16777215
176
     1
 90
        2
176
     1
 90
        2
176
     1
 62
     7
176
     1
 62
     7
176
     1
 90
        1
176
     1
 90
        1
176
     1
 40
40.0
176
     1
 90
       11
176
     1
 62
     7
176
     1
 40
1.0
176
     1
 90
        1
176
     1
 90
        6
176
     1
 90
        2
176
     1
 62
     7
176
     1
 90
        6
176
     1
 90
        0
176
     1
 90
        0
176
     1
290
     0
176
     1
 90
        1
176
     1
 40
0.0
176
     1
 90
        0
176
     1
290
     0
176
     1
290
     1
176
     1
290
     1
176
     1
290
     0
176
     1
290
     0
176
     1
290
     0
176
     1
290
     0
176
     1
290
     0
176
     1
290
     0
176
     1
 90
       50
176
     1
 40
0.0
176
     1
 40
1.0
176
     1
 90
        0
176
     1
 62
    18
420
        0
176
     1
 90
       50
176
     1
 90
        3
176
     1
 62
     5
420
      255
176
     1
290
     0
176
     1
 90
       50
176
     1
 90
       50
176
     1
 90
       50
176
     1
290
     0
176
     1
 90
       50
176
     1
 62
   256
176
     0
 40
1.0
176
     0
 90
        0
176
     1
  1
strokes_ogs.tif
176
     1
290
     0
176
     1
 40
1.0
176
     1
 40
1.0
176
     1
  0
VISUALSTYLE
  5
152
102
{ACAD_REACTORS
330
145
102
}
330
145
100
AcDbVisualStyle
  2
Thicken
 70
    13
177
     3
291
     1
 70
    58
 90
        2
176
     1
 90
        2
176
     1
 90
        0
176
     1
 90
        0
176
     1
 40
0.6
176
     1
 40
30.0
176
     1
 62
     7
420
 16777215
176
     1
 90
        1
176
     1
 90
        4
176
     1
 62
     7
176
     1
 62
   257
176
     1
 90
        1
176
     1
 90
        1
176
     1
 40
1.0
176
     1
 90
       12
176
     1
 62
     7
176
     1
 40
1.0
176
     1
 90
        1
176
     1
 90
        6
176
     1
 90
        2
176
     1
 62
     7
176
     1
 90
        5
176
     1
 90
        0
176
     1
 90
        0
176
     1
290
     0
176
     1
 90
        1
176
     1
 40
0.0
176
     1
 90
        0
176
     1
290
     0
176
     1
290
     1
176
     1
290
     1
176
     1
290
     0
176
     1
290
     0
176
     1
290
     0
176
     1
290
     0
176
     1
290
     0
176
     1
290
     0
176
     1
 90
       50
176
     1
 40
0.0
176
     1
 40
1.0
176
     1
 90
        0
176
     1
 62
    18
420
        0
176
     1
 90
       50
176
     1
 90
        3
176
     1
 62
     5
420
      255
176
     1
290
     0
176
     1
 90
       50
176
     1
 90
       50
176
     1
 90
       50
176
     1
290
     0
176
     1
 90
       50
176
     1
 62
   256
176
     0
 40
1.0
176
     0
 90
        0
176
     1
  1
strokes_ogs.tif
176
     1
290
     0
176
     1
 40
1.0
176
     1
 40
1.0
176
     1
  0
VISUALSTYLE
  5
14C
102
{ACAD_REACTORS
330
145
102
}
330
145
100
AcDbVisualStyle
  2
Wireframe
 70
     5
177
     3
291
     0
 70
    58
 90
        0
176
     1
 90
        2
176
     1
 90
        0
176
     1
 90
        0
176
     1
 40
0.6
176
     1
 40
30.0
176
     1
 62
     7
420
 16777215
176
     1
 90
        1
176
     1
 90
        4
176
     1
 62
     7
176
     1
 62
   257
176
     1
 90
        1
176
     1
 90
        1
176
     1
 40
1.0
176
     1
 90
        0
176
     1
 62
   257
176
     1
 40
1.0
176
     1
 90
        1
176
     1
 90
        6
176
     1
 90
        2
176
     1
 62
     7
176
     1
 90
        3
176
     1
 90
        0
176
     1
 90
        0
176
     1
290
     0
176
     1
 90
        1
176
     1
 40
0.0
176
     1
 90
        0
176
     1
290
     0
176
     1
290
     1
176
     1
290
     1
176
     1
290
     0
176
     1
290
     0
176
     1
290
     0
176
     1
290
     0
176
     1
290
     0
176
     1
290
     0
176
     1
 90
       50
176
     1
 40
0.0
176
     1
 40
1.0
176
     1
 90
        0
176
     1
 62
    18
420
        0
176
     1
 90
       50
176
     1
 90
        3
176
     1
 62
     5
420
      255
176
     1
290
     0
176
     1
 90
       50
176
     1
 90
       50
176
     1
 90
       50
176
     1
290
     0
176
     1
 90
       50
176
     1
 62
   256
176
     0
 40
1.0
176
     0
 90
        0
176
     1
  1
strokes_ogs.tif
176
     1
290
     0
176
     1
 40
1.0
176
     1
 40
1.0
176
     1
  0
VISUALSTYLE
  5
158
102
{ACAD_REACTORS
330
145
102
}
330
145
100
AcDbVisualStyle
  2
X-Ray
 70
    25
177
     3
291
     0
 70
    58
 90
        2
176
     1
 90
        2
176
     1
 90
        1
176
     1
 90
        1
176
     1
 40
0.5
176
     1
 40
30.0
176
     1
 62
     7
420
 16777215
176
     1
 90
        1
176
     1
 90
        0
176
     1
 62
     7
176
     1
 62
   257
176
     1
 90
        1
176
     1
 90
        1
176
     1
 40
1.0
176
     1
 90
        8
176
     1
 62
     7
176
     1
 40
1.0
176
     1
 90
        1
176
     1
 90
        6
176
     1
 90
        2
176
     1
 62
     7
176
     1
 90
        3
176
     1
 90
        0
176
     1
 90
        0
176
     1
290
     0
176
     1
 90
       13
176
     1
 40
0.0
176
     1
 90
        0
176
     1
290
     0
176
     1
290
     1
176
     1
290
     1
176
     1
290
     0
176
     1
290
     0
176
     1
290
     0
176
     1
290
     0
176
     1
290
     0
176
     1
290
     0
176
     1
 90
       50
176
     1
 40
0.0
176
     1
 40
1.0
176
     1
 90
        0
176
     1
 62
    18
420
        0
176
     1
 90
       50
176
     1
 90
        3
176
     1
 62
     5
420
      255
176
     1
290
     0
176
     1
 90
       50
176
     1
 90
       50
176
     1
 90
       50
176
     1
290
     0
176
     1
 90
       50
176
     1
 62
   256
176
     0
 40
1.0
176
     0
 90
        0
176
     1
  1
strokes_ogs.tif
176
     1
290
     0
176
     1
 40
1.0
176
     1
 40
1.0
176
     1
  0
DICTIONARYVAR
  5
870
102
{ACAD_REACTORS
330
86F
102
}
330
86F
100
DictionaryVariables
280
     0
  1
2
  0
DICTIONARYVAR
  5
871
102
{ACAD_REACTORS
330
86F
102
}
330
86F
100
DictionaryVariables
280
     0
  1
10.000000
  0
DICTIONARYVAR
  5
872
102
{ACAD_REACTORS
330
86F
102
}
330
86F
100
DictionaryVariables
280
     0
  1
1
  0
DICTIONARYVAR
  5
873
102
{ACAD_REACTORS
330
86F
102
}
330
86F
100
DictionaryVariables
280
     0
  1
1
  0
DICTIONARYVAR
  5
874
102
{ACAD_REACTORS
330
86F
102
}
330
86F
100
DictionaryVariables
280
     0
  1
1:1
  0
DICTIONARYVAR
  5
875
102
{ACAD_REACTORS
330
86F
102
}
330
86F
100
DictionaryVariables
280
     0
  1
3.500000
  0
DICTIONARYVAR
  5
876
102
{ACAD_REACTORS
330
86F
102
}
330
86F
100
DictionaryVariables
280
     0
  1
zwcadiso.lin
  0
DICTIONARYVAR
  5
877
102
{ACAD_REACTORS
330
86F
102
}
330
86F
100
DictionaryVariables
280
     0
  1
0
  0
DICTIONARYVAR
  5
878
102
{ACAD_REACTORS
330
86F
102
}
330
86F
100
DictionaryVariables
280
     0
  1
STANDARD
  0
DICTIONARYVAR
  5
879
102
{ACAD_REACTORS
330
86F
102
}
330
86F
100
DictionaryVariables
280
     0
  1
STANDARD
  0
DICTIONARYVAR
  5
8A6
102
{ACAD_REACTORS
330
86F
102
}
330
86F
100
DictionaryVariables
280
     0
  1
Metric50
  0
DICTIONARYVAR
  5
87A
102
{ACAD_REACTORS
330
86F
102
}
330
86F
100
DictionaryVariables
280
     0
  1
Imperial24
  0
DICTIONARYVAR
  5
87B
102
{ACAD_REACTORS
330
86F
102
}
330
86F
100
DictionaryVariables
280
     0
  1
1
  0
DICTIONARYVAR
  5
87C
102
{ACAD_REACTORS
330
86F
102
}
330
86F
100
DictionaryVariables
280
     0
  1
0
  0
DICTIONARYVAR
  5
87D
102
{ACAD_REACTORS
330
86F
102
}
330
86F
100
DictionaryVariables
280
     0
  1
1
  0
DICTIONARYVAR
  5
87E
102
{ACAD_REACTORS
330
86F
102
}
330
86F
100
DictionaryVariables
280
     0
  1
1
  0
DICTIONARYVAR
  5
87F
102
{ACAD_REACTORS
330
86F
102
}
330
86F
100
DictionaryVariables
280
     0
  1
1
  0
DICTIONARYVAR
  5
880
102
{ACAD_REACTORS
330
86F
102
}
330
86F
100
DictionaryVariables
280
     0
  1
1
  0
DICTIONARYVAR
  5
881
102
{ACAD_REACTORS
330
86F
102
}
330
86F
100
DictionaryVariables
280
     0
  1
31
  0
DICTIONARYVAR
  5
882
102
{ACAD_REACTORS
330
86F
102
}
330
86F
100
DictionaryVariables
280
     0
  1
0
  0
DICTIONARYVAR
  5
883
102
{ACAD_REACTORS
330
86F
102
}
330
86F
100
DictionaryVariables
280
     0
  1
5.000000
  0
DICTIONARYVAR
  5
884
102
{ACAD_REACTORS
330
86F
102
}
330
86F
100
DictionaryVariables
280
     0
  1
1
  0
DICTIONARYVAR
  5
885
102
{ACAD_REACTORS
330
86F
102
}
330
86F
100
DictionaryVariables
280
     0
  1
BYLAYER
  0
DICTIONARYVAR
  5
886
102
{ACAD_REACTORS
330
86F
102
}
330
86F
100
DictionaryVariables
280
     0
  1
0
  0
DICTIONARYVAR
  5
887
102
{ACAD_REACTORS
330
86F
102
}
330
86F
100
DictionaryVariables
280
     0
  1
-V-E - Site Substation Location
  0
DICTIONARYVAR
  5
888
102
{ACAD_REACTORS
330
86F
102
}
330
86F
100
DictionaryVariables
280
     0
  1
0.000000;0.000000
  0
DICTIONARYVAR
  5
889
102
{ACAD_REACTORS
330
86F
102
}
330
86F
100
DictionaryVariables
280
     0
  1
.
  0
DICTIONARYVAR
  5
88A
102
{ACAD_REACTORS
330
86F
102
}
330
86F
100
DictionaryVariables
280
     0
  1
0
  0
DICTIONARYVAR
  5
88B
102
{ACAD_REACTORS
330
86F
102
}
330
86F
100
DictionaryVariables
280
     0
  1
0
  0
DICTIONARYVAR
  5
88C
102
{ACAD_REACTORS
330
86F
102
}
330
86F
100
DictionaryVariables
280
     0
  1
0
  0
DICTIONARYVAR
  5
88D
102
{ACAD_REACTORS
330
86F
102
}
330
86F
100
DictionaryVariables
280
     0
  1
2
  0
DICTIONARYVAR
  5
88E
102
{ACAD_REACTORS
330
86F
102
}
330
86F
100
DictionaryVariables
280
     0
  1
1.000000
  0
DICTIONARYVAR
  5
88F
102
{ACAD_REACTORS
330
86F
102
}
330
86F
100
DictionaryVariables
280
     0
  1
1
  0
DICTIONARYVAR
  5
890
102
{ACAD_REACTORS
330
86F
102
}
330
86F
100
DictionaryVariables
280
     0
  1
1
  0
DICTIONARYVAR
  5
891
102
{ACAD_REACTORS
330
86F
102
}
330
86F
100
DictionaryVariables
280
     0
  1
0
  0
DICTIONARYVAR
  5
892
102
{ACAD_REACTORS
330
86F
102
}
330
86F
100
DictionaryVariables
280
     0
  1
127
  0
DICTIONARY
  5
22B
330
93
100
AcDbDictionary
280
     1
281
     1
  3
ACAD_ROUNDTRIP_2008_TABLESTYLE_CELLSTYLEMAP
360
8AB
  0
CELLSTYLEMAP
  5
8AB
102
{ACAD_REACTORS
330
22B
102
}
330
22B
100
AcDbCellStyleMap
 90
        3
300
CELLSTYLE
  1
TABLEFORMAT_BEGIN
 90
        5
170
     1
 91
        0
 92
    32768
 62
   257
 93
        1
300
CONTENTFORMAT
  1
CONTENTFORMAT_BEGIN
 90
        0
 91
        0
 92
      512
 93
        0
300

 40
0.0
140
1.0
 94
        5
 62
     0
340
11
144
6.0
309
CONTENTFORMAT_END
171
     1
301
MARGIN
  1
CELLMARGIN_BEGIN
 40
1.5
 40
1.5
 40
0.06
 40
0.06
 40
0.18
 40
0.18
309
CELLMARGIN_END
 94
        6
 95
        1
302
GRIDFORMAT
  1
GRIDFORMAT_BEGIN
 90
        0
 91
        1
 62
     0
 92
       -2
340
0
 93
        0
 40
0.045
309
GRIDFORMAT_END
 95
        2
302
GRIDFORMAT
  1
GRIDFORMAT_BEGIN
 90
        0
 91
        1
 62
     0
 92
       -2
340
0
 93
        0
 40
0.045
309
GRIDFORMAT_END
 95
        4
302
GRIDFORMAT
  1
GRIDFORMAT_BEGIN
 90
        0
 91
        1
 62
     0
 92
       -2
340
0
 93
        0
 40
0.045
309
GRIDFORMAT_END
 95
        8
302
GRIDFORMAT
  1
GRIDFORMAT_BEGIN
 90
        0
 91
        1
 62
     0
 92
       -2
340
0
 93
        0
 40
0.045
309
GRIDFORMAT_END
 95
       16
302
GRIDFORMAT
  1
GRIDFORMAT_BEGIN
 90
        0
 91
        1
 62
     0
 92
       -2
340
0
 93
        0
 40
0.045
309
GRIDFORMAT_END
 95
       32
302
GRIDFORMAT
  1
GRIDFORMAT_BEGIN
 90
        0
 91
        1
 62
     0
 92
       -2
340
0
 93
        0
 40
0.045
309
GRIDFORMAT_END
309
TABLEFORMAT_END
  1
CELLSTYLE_BEGIN
 90
        1
 91
        1
300
_TITLE
309
CELLSTYLE_END
300
CELLSTYLE
  1
TABLEFORMAT_BEGIN
 90
        5
170
     1
 91
        0
 92
        0
 62
   257
 93
        1
300
CONTENTFORMAT
  1
CONTENTFORMAT_BEGIN
 90
        0
 91
        0
 92
      512
 93
        0
300

 40
0.0
140
1.0
 94
        5
 62
     0
340
11
144
4.5
309
CONTENTFORMAT_END
171
     1
301
MARGIN
  1
CELLMARGIN_BEGIN
 40
1.5
 40
1.5
 40
0.06
 40
0.06
 40
0.18
 40
0.18
309
CELLMARGIN_END
 94
        6
 95
        1
302
GRIDFORMAT
  1
GRIDFORMAT_BEGIN
 90
        0
 91
        1
 62
     0
 92
       -2
340
0
 93
        0
 40
0.045
309
GRIDFORMAT_END
 95
        2
302
GRIDFORMAT
  1
GRIDFORMAT_BEGIN
 90
        0
 91
        1
 62
     0
 92
       -2
340
0
 93
        0
 40
0.045
309
GRIDFORMAT_END
 95
        4
302
GRIDFORMAT
  1
GRIDFORMAT_BEGIN
 90
        0
 91
        1
 62
     0
 92
       -2
340
0
 93
        0
 40
0.045
309
GRIDFORMAT_END
 95
        8
302
GRIDFORMAT
  1
GRIDFORMAT_BEGIN
 90
        0
 91
        1
 62
     0
 92
       -2
340
0
 93
        0
 40
0.045
309
GRIDFORMAT_END
 95
       16
302
GRIDFORMAT
  1
GRIDFORMAT_BEGIN
 90
        0
 91
        1
 62
     0
 92
       -2
340
0
 93
        0
 40
0.045
309
GRIDFORMAT_END
 95
       32
302
GRIDFORMAT
  1
GRIDFORMAT_BEGIN
 90
        0
 91
        1
 62
     0
 92
       -2
340
0
 93
        0
 40
0.045
309
GRIDFORMAT_END
309
TABLEFORMAT_END
  1
CELLSTYLE_BEGIN
 90
        2
 91
        1
300
_HEADER
309
CELLSTYLE_END
300
CELLSTYLE
  1
TABLEFORMAT_BEGIN
 90
        5
170
     1
 91
        0
 92
        0
 62
   257
 93
        1
300
CONTENTFORMAT
  1
CONTENTFORMAT_BEGIN
 90
        0
 91
        0
 92
      512
 93
        0
300

 40
0.0
140
1.0
 94
        2
 62
     0
340
11
144
4.5
309
CONTENTFORMAT_END
171
     1
301
MARGIN
  1
CELLMARGIN_BEGIN
 40
1.5
 40
1.5
 40
0.06
 40
0.06
 40
0.18
 40
0.18
309
CELLMARGIN_END
 94
        6
 95
        1
302
GRIDFORMAT
  1
GRIDFORMAT_BEGIN
 90
        0
 91
        1
 62
     0
 92
       -2
340
0
 93
        0
 40
0.045
309
GRIDFORMAT_END
 95
        2
302
GRIDFORMAT
  1
GRIDFORMAT_BEGIN
 90
        0
 91
        1
 62
     0
 92
       -2
340
0
 93
        0
 40
0.045
309
GRIDFORMAT_END
 95
        4
302
GRIDFORMAT
  1
GRIDFORMAT_BEGIN
 90
        0
 91
        1
 62
     0
 92
       -2
340
0
 93
        0
 40
0.045
309
GRIDFORMAT_END
 95
        8
302
GRIDFORMAT
  1
GRIDFORMAT_BEGIN
 90
        0
 91
        1
 62
     0
 92
       -2
340
0
 93
        0
 40
0.045
309
GRIDFORMAT_END
 95
       16
302
GRIDFORMAT
  1
GRIDFORMAT_BEGIN
 90
        0
 91
        1
 62
     0
 92
       -2
340
0
 93
        0
 40
0.045
309
GRIDFORMAT_END
 95
       32
302
GRIDFORMAT
  1
GRIDFORMAT_BEGIN
 90
        0
 91
        1
 62
     0
 92
       -2
340
0
 93
        0
 40
0.045
309
GRIDFORMAT_END
309
TABLEFORMAT_END
  1
CELLSTYLE_BEGIN
 90
        3
 91
        2
300
_DATA
309
CELLSTYLE_END
  0
ENDSEC
  0
SECTION
  2
ACDSDATA
 70
     2
 71
     2
  0
ACDSSCHEMA
 90
        0
  1
AcDb_Thumbnail_Schema
  2
AcDbDs::ID
280
    10
 91
        0
  2
Thumbnail_Data
280
    15
 91
        0
101
ACDSRECORD
 95
        0
 90
        2
  2
AcDbDs::TreatedAsObjectData
280
     1
291
     1
101
ACDSRECORD
 95
        0
 90
        3
  2
AcDbDs::Legacy
280
     1
291
     1
101
ACDSRECORD
  1
AcDbDs::ID
 90
        4
  2
AcDs:Indexable
280
     1
291
     1
101
ACDSRECORD
  1
AcDbDs::ID
 90
        5
  2
AcDbDs::HandleAttribute
280
     7
282
     1
  0
ACDSSCHEMA
 90
        1
  1
AcDb3DSolid_ASM_Data
  2
AcDbDs::ID
280
    10
 91
        0
  2
ASM_Data
280
    15
 91
        0
101
ACDSRECORD
 95
        1
 90
        2
  2
AcDbDs::TreatedAsObjectData
280
     1
291
     1
101
ACDSRECORD
 95
        1
 90
        3
  2
AcDbDs::Legacy
280
     1
291
     1
101
ACDSRECORD
  1
AcDbDs::ID
 90
        4
  2
AcDs:Indexable
280
     1
291
     1
101
ACDSRECORD
  1
AcDbDs::ID
 90
        5
  2
AcDbDs::HandleAttribute
280
     7
282
     1
  0
ACDSSCHEMA
 90
        2
  1
AcDbDs::TreatedAsObjectDataSchema
  2
AcDbDs::TreatedAsObjectData
280
     1
 91
        0
  0
ACDSSCHEMA
 90
        3
  1
AcDbDs::LegacySchema
  2
AcDbDs::Legacy
280
     1
 91
        0
  0
ACDSSCHEMA
 90
        4
  1
AcDbDs::IndexedPropertySchema
  2
AcDs:Indexable
280
     1
 91
        0
  0
ACDSSCHEMA
 90
        5
  1
AcDbDs::HandleAttributeSchema
  2
AcDbDs::HandleAttribute
280
     7
 91
        8
  0
ENDSEC
  0
EOF
